Place, maxLatitude, minLatitude, maxLongitude, minLongitude,maxlatindicator
Paiporta,39.4366953,39.4128411,-0.4016524,-0.4259009,39
Catarroja, 39.4194303, 39.3648063,-0.3475941,-0.4506539, 39
Albal,39.4037222, 39.3644116,-0.3560324,-0.4502337,39
Aldaia,39.4780661,39.4419362,-0.4398935,-0.5509896,39
Sedaví,39.4336002,39.4146382,-0.3532068,-0.3912208,39
Massanassa, 39.4159310,39.3664373,-0.3413374,-0.4059841,39
Picanya,39.4525124,39.4127915,-0.4195752,-0.4568195,39
