category,product_id,product,release,release_date,eol_date,is_eol,is_maintained,latest_version,cpe,defender_vendor,defender_softwarename,aliases
app,ansible,Ansible,10,2024-06-04,2024-12-03,True,False,10.7.0,cpe:2.3:a:redhat:ansible,redhat,ansible,
app,ansible,Ansible,11,2024-11-19,2025-12-09,True,False,11.13.0,cpe:2.3:a:redhat:ansible,redhat,ansible,
app,ansible,Ansible,12,2025-09-09,2025-12-09,True,False,12.3.0,cpe:2.3:a:redhat:ansible,redhat,ansible,
app,ansible,Ansible,13,2025-11-19,2026-06-18,True,False,13.8.0,cpe:2.3:a:redhat:ansible,redhat,ansible,
app,ansible,Ansible,14,2026-06-02,,False,True,14.3.1,cpe:2.3:a:redhat:ansible,redhat,ansible,
app,ansible,Ansible,2.10,2020-09-22,2021-02-09,True,False,2.10.7,cpe:2.3:a:redhat:ansible,redhat,ansible,
app,ansible,Ansible,2.9,2019-10-31,2022-05-23,True,False,2.9.27,cpe:2.3:a:redhat:ansible,redhat,ansible,
app,ansible,Ansible,3,2021-02-18,2021-05-11,True,False,3.4.0,cpe:2.3:a:redhat:ansible,redhat,ansible,
app,ansible,Ansible,4,2021-05-18,2021-12-14,True,False,4.10.0,cpe:2.3:a:redhat:ansible,redhat,ansible,
app,ansible,Ansible,5,2021-12-02,2022-06-08,True,False,5.10.0,cpe:2.3:a:redhat:ansible,redhat,ansible,
app,ansible,Ansible,6,2022-06-21,2022-12-06,True,False,6.7.0,cpe:2.3:a:redhat:ansible,redhat,ansible,
app,ansible,Ansible,7,2022-11-22,2023-06-22,True,False,7.7.0,cpe:2.3:a:redhat:ansible,redhat,ansible,
app,ansible,Ansible,8,2023-05-30,2023-12-06,True,False,8.7.0,cpe:2.3:a:redhat:ansible,redhat,ansible,
app,ansible,Ansible,9,2023-11-21,2024-12-03,True,False,9.13.0,cpe:2.3:a:redhat:ansible,redhat,ansible,
app,ant,Apache Ant,1.10,2016-12-27,,False,True,1.10.17,cpe:2.3:a:apache:ant,apache,ant,apache-ant
app,ant,Apache Ant,1.8,2010-02-02,2013-03-07,True,False,1.8.4,cpe:2.3:a:apache:ant,apache,ant,apache-ant
app,ant,Apache Ant,1.9,2013-03-07,2024-06-19,True,False,1.9.16,cpe:2.3:a:apache:ant,apache,ant,apache-ant
app,apache-hop,Apache Hop,1.0,2021-10-05,2022-01-24,True,False,1.0.0,,,,hop
app,apache-hop,Apache Hop,1.1,2022-01-24,2022-03-08,True,False,1.1.0,,,,hop
app,apache-hop,Apache Hop,1.2,2022-03-08,2022-06-02,True,False,1.2.0,,,,hop
app,apache-hop,Apache Hop,2.0,2022-06-02,2022-10-14,True,False,2.0.0,,,,hop
app,apache-hop,Apache Hop,2.1,2022-10-14,2022-12-07,True,False,2.1.0,,,,hop
app,apache-hop,Apache Hop,2.10,2024-10-07,2024-12-04,True,False,2.10.0,,,,hop
app,apache-hop,Apache Hop,2.11,2024-12-04,2025-02-19,True,False,2.11.0,,,,hop
app,apache-hop,Apache Hop,2.12,2025-02-13,2025-04-22,True,False,2.12.0,,,,hop
app,apache-hop,Apache Hop,2.13,2025-04-15,2025-05-19,True,False,2.13.0,,,,hop
app,apache-hop,Apache Hop,2.14,2025-05-13,2025-08-20,True,False,2.14.0,,,,hop
app,apache-hop,Apache Hop,2.15,2025-08-12,2025-11-17,True,False,2.15.0,,,,hop
app,apache-hop,Apache Hop,2.16,2025-11-17,2026-02-06,True,False,2.16.0,,,,hop
app,apache-hop,Apache Hop,2.17,2026-02-06,2026-06-01,True,False,2.17.0,,,,hop
app,apache-hop,Apache Hop,2.18,2026-06-01,2026-08-17,True,False,2.18.1,,,,hop
app,apache-hop,Apache Hop,2.19,2026-08-17,,False,True,2.19.0,,,,hop
app,apache-hop,Apache Hop,2.2,2022-12-02,2023-01-27,True,False,2.2.0,,,,hop
app,apache-hop,Apache Hop,2.3,2023-01-27,2023-03-27,True,False,2.3.0,,,,hop
app,apache-hop,Apache Hop,2.4,2023-03-27,2023-06-08,True,False,2.4.0,,,,hop
app,apache-hop,Apache Hop,2.5,2023-06-08,2023-09-12,True,False,2.5.0,,,,hop
app,apache-hop,Apache Hop,2.6,2023-09-12,2023-12-01,True,False,2.6.0,,,,hop
app,apache-hop,Apache Hop,2.7,2023-11-17,2024-03-13,True,False,2.7.0,,,,hop
app,apache-hop,Apache Hop,2.8,2024-02-28,2024-05-20,True,False,2.8.0,,,,hop
app,apache-hop,Apache Hop,2.9,2024-05-20,2024-10-08,True,False,2.9.0,,,,hop
app,apache-maven,Apache Maven,1,2004-07-13,2014-02-18,True,False,1.1,cpe:2.3:a:apache:maven,apache,maven,maven;mvn
app,apache-maven,Apache Maven,2,2006-05-07,2014-02-18,True,False,2.2.1,cpe:2.3:a:apache:maven,apache,maven,maven;mvn
app,apache-maven,Apache Maven,3.0,2010-10-04,2013-06-28,True,False,3.0.5,cpe:2.3:a:apache:maven,apache,maven,maven;mvn
app,apache-maven,Apache Maven,3.1,2013-06-28,2014-02-14,True,False,3.1.1,cpe:2.3:a:apache:maven,apache,maven,maven;mvn
app,apache-maven,Apache Maven,3.2,2014-02-14,2015-03-13,True,False,3.2.5,cpe:2.3:a:apache:maven,apache,maven,maven;mvn
app,apache-maven,Apache Maven,3.3,2015-03-13,2017-04-03,True,False,3.3.9,cpe:2.3:a:apache:maven,apache,maven,maven;mvn
app,apache-maven,Apache Maven,3.5,2017-04-03,2018-10-24,True,False,3.5.4,cpe:2.3:a:apache:maven,apache,maven,maven;mvn
app,apache-maven,Apache Maven,3.6,2018-10-24,2021-03-30,True,False,3.6.3,cpe:2.3:a:apache:maven,apache,maven,maven;mvn
app,apache-maven,Apache Maven,3.8,2021-03-30,2025-06-14,True,False,3.8.9,cpe:2.3:a:apache:maven,apache,maven,maven;mvn
app,apache-maven,Apache Maven,3.9,2023-01-31,,False,True,3.9.16,cpe:2.3:a:apache:maven,apache,maven,maven;mvn
app,bazel,Bazel,4 (LTS),2021-01-21,2024-01-31,True,False,4.2.4,cpe:2.3:a:google:bazel,google,bazel,
app,bazel,Bazel,5 (LTS),2022-01-19,2025-01-31,True,False,5.4.1,cpe:2.3:a:google:bazel,google,bazel,
app,bazel,Bazel,6 (LTS),2022-12-19,2025-12-31,True,False,6.6.0,cpe:2.3:a:google:bazel,google,bazel,
app,bazel,Bazel,7 (LTS),2023-12-11,2026-12-31,False,True,7.7.1,cpe:2.3:a:google:bazel,google,bazel,
app,bazel,Bazel,8 (LTS),2024-12-09,2027-12-31,False,True,8.8.0,cpe:2.3:a:google:bazel,google,bazel,
app,bazel,Bazel,9 (LTS),2026-01-20,2028-12-31,False,True,9.2.0,cpe:2.3:a:google:bazel,google,bazel,
app,blender,Blender,2.83 (LTS),2020-06-03,2022-06-01,True,False,2.83.20,cpe:2.3:a:blender:blender,blender,blender,
app,blender,Blender,2.93 (LTS),2021-06-02,2023-06-02,True,False,2.93.18,cpe:2.3:a:blender:blender,blender,blender,
app,blender,Blender,3.0,2021-12-03,2022-03-09,True,False,3.0.1,cpe:2.3:a:blender:blender,blender,blender,
app,blender,Blender,3.1,2022-03-09,2022-06-08,True,False,3.1.2,cpe:2.3:a:blender:blender,blender,blender,
app,blender,Blender,3.2,2022-06-08,2022-09-07,True,False,3.2.2,cpe:2.3:a:blender:blender,blender,blender,
app,blender,Blender,3.3 (LTS),2022-09-07,2024-09-07,True,False,3.3.21,cpe:2.3:a:blender:blender,blender,blender,
app,blender,Blender,3.4,2022-12-07,2023-03-29,True,False,3.4.1,cpe:2.3:a:blender:blender,blender,blender,
app,blender,Blender,3.5,2023-03-29,2023-06-27,True,False,3.5.1,cpe:2.3:a:blender:blender,blender,blender,
app,blender,Blender,3.6 (LTS),2023-06-27,2025-06-27,True,False,3.6.23,cpe:2.3:a:blender:blender,blender,blender,
app,blender,Blender,4.0,2023-11-14,2024-03-25,True,False,4.0.2,cpe:2.3:a:blender:blender,blender,blender,
app,blender,Blender,4.1,2024-03-25,2024-07-16,True,False,4.1.1,cpe:2.3:a:blender:blender,blender,blender,
app,blender,Blender,4.2 (LTS),2024-07-16,2026-07-16,True,False,4.2.23,cpe:2.3:a:blender:blender,blender,blender,
app,blender,Blender,4.3,2024-11-19,2025-03-18,True,False,4.3.2,cpe:2.3:a:blender:blender,blender,blender,
app,blender,Blender,4.4,2025-03-17,2025-07-14,True,False,4.4.3,cpe:2.3:a:blender:blender,blender,blender,
app,blender,Blender,4.5 (LTS),2025-07-14,2027-07-14,False,True,4.5.13,cpe:2.3:a:blender:blender,blender,blender,
app,blender,Blender,5.0,2025-11-18,2026-03-17,True,False,5.0.1,cpe:2.3:a:blender:blender,blender,blender,
app,blender,Blender,5.1,2026-03-17,2026-07-14,True,False,5.1.2,cpe:2.3:a:blender:blender,blender,blender,
app,blender,Blender,5.2 (LTS),2026-07-14,2028-07-14,False,True,5.2.1,cpe:2.3:a:blender:blender,blender,blender,
app,cfengine,CFEngine,3.15 (LTS),2019-12-19,2022-12-31,True,False,3.15.7,cpe:2.3:a:gnu:cfengine,gnu,cfengine,
app,cfengine,CFEngine,3.16,2020-06-23,2020-11-19,True,False,3.16.0,cpe:2.3:a:gnu:cfengine,gnu,cfengine,
app,cfengine,CFEngine,3.17,2020-11-19,2021-06-24,True,False,3.17.0,cpe:2.3:a:gnu:cfengine,gnu,cfengine,
app,cfengine,CFEngine,3.18 (LTS),2021-06-24,2024-08-31,True,False,3.18.8,cpe:2.3:a:gnu:cfengine,gnu,cfengine,
app,cfengine,CFEngine,3.19,2021-12-10,2022-07-01,True,False,3.19.0,cpe:2.3:a:gnu:cfengine,gnu,cfengine,
app,cfengine,CFEngine,3.20,2022-07-01,2022-12-21,True,False,3.20.0,cpe:2.3:a:gnu:cfengine,gnu,cfengine,
app,cfengine,CFEngine,3.21 (LTS),2022-12-21,2025-12-31,True,False,3.21.8,cpe:2.3:a:gnu:cfengine,gnu,cfengine,
app,cfengine,CFEngine,3.22,2023-06-16,2023-12-05,True,False,3.22.0,cpe:2.3:a:gnu:cfengine,gnu,cfengine,
app,cfengine,CFEngine,3.23,2023-12-05,2024-07-22,True,False,3.23.0,cpe:2.3:a:gnu:cfengine,gnu,cfengine,
app,cfengine,CFEngine,3.24 (LTS),2024-07-22,2027-07-31,False,True,3.24.4,cpe:2.3:a:gnu:cfengine,gnu,cfengine,
app,cfengine,CFEngine,3.25,2025-01-06,2025-05-20,True,False,3.25.0,cpe:2.3:a:gnu:cfengine,gnu,cfengine,
app,cfengine,CFEngine,3.26,2025-05-20,2026-01-09,True,False,3.26.0,cpe:2.3:a:gnu:cfengine,gnu,cfengine,
app,cfengine,CFEngine,3.27 (LTS),2026-01-09,2029-01-09,False,True,3.27.1,cpe:2.3:a:gnu:cfengine,gnu,cfengine,
app,cfengine,CFEngine,3.28,2026-07-10,,False,True,3.28.0,cpe:2.3:a:gnu:cfengine,gnu,cfengine,
app,chef-inspec,Chef InSpec,1,2016-09-26,2019-12-31,True,False,1.51.31,cpe:2.3:a:chef:inspec,chef,inspec,
app,chef-inspec,Chef InSpec,2,2018-02-20,2019-12-31,True,False,2.3.28,cpe:2.3:a:chef:inspec,chef,inspec,
app,chef-inspec,Chef InSpec,3,2018-10-15,2020-04-30,True,False,3.9.3,cpe:2.3:a:chef:inspec,chef,inspec,
app,chef-inspec,Chef InSpec,4,2019-04-30,2023-11-14,True,False,4.56.58,cpe:2.3:a:chef:inspec,chef,inspec,
app,chef-inspec,Chef InSpec,5,2022-03-17,2025-10-16,True,False,5.24.24,cpe:2.3:a:chef:inspec,chef,inspec,
app,chef-inspec,Chef InSpec,6,2023-11-14,,False,True,6.8.24,cpe:2.3:a:chef:inspec,chef,inspec,
app,chef-inspec,Chef InSpec,7,2025-10-16,,False,True,7.2.1,cpe:2.3:a:chef:inspec,chef,inspec,
app,chef-infra-client,Chef Infra Client,10,2012-06-18,2014-12-03,True,False,10.34.6,cpe:2.3:a:chef:chef,chef,chef,chef-client
app,chef-infra-client,Chef Infra Client,11,2013-02-01,2017-03-01,True,False,11.18.12,cpe:2.3:a:chef:chef,chef,chef,chef-client
app,chef-infra-client,Chef Infra Client,12,2014-11-25,2018-01-22,True,False,12.22.5,cpe:2.3:a:chef:chef,chef,chef,chef-client
app,chef-infra-client,Chef Infra Client,13,2017-03-01,2018-10-26,True,False,13.12.14,cpe:2.3:a:chef:chef,chef,chef,chef-client
app,chef-infra-client,Chef Infra Client,14,2018-01-22,2020-01-21,True,False,14.15.6,cpe:2.3:a:chef:chef,chef,chef,chef-client
app,chef-infra-client,Chef Infra Client,15,2018-10-26,2020-12-19,True,False,15.17.4,cpe:2.3:a:chef:chef,chef,chef,chef-client
app,chef-infra-client,Chef Infra Client,16,2020-04-27,2022-11-30,True,False,16.18.30,cpe:2.3:a:chef:chef,chef,chef,chef-client
app,chef-infra-client,Chef Infra Client,17,2021-04-27,2026-02-05,True,False,17.10.163,cpe:2.3:a:chef:chef,chef,chef,chef-client
app,chef-infra-client,Chef Infra Client,18,2022-09-28,,False,True,18.11.11,cpe:2.3:a:chef:chef,chef,chef,chef-client
app,chef-infra-client,Chef Infra Client,19,2026-02-05,,False,True,19.3.15,cpe:2.3:a:chef:chef,chef,chef,chef-client
app,chef-workstation,Chef Workstation,2020,2020-06-02,2024-12-31,True,False,20.12.205,,,,
app,chef-workstation,Chef Workstation,2021,2022-01-06,2024-12-31,True,False,22.12.1024,,,,
app,chef-workstation,Chef Workstation,2021,2021-01-05,2024-12-31,True,False,21.12.720,,,,
app,chef-workstation,Chef Workstation,2023,2023-02-09,2024-12-31,True,False,23.12.1055,,,,
app,chef-workstation,Chef Workstation,2024,2024-02-07,2026-04-30,True,False,24.12.1073,,,,
app,chef-workstation,Chef Workstation,2025,2025-02-03,,False,True,25.14.2,,,,
app,citrix-vad,Citrix Virtual Apps and Desktops,1912 (LTSR),2019-12-18,2024-12-18,True,True,1912 CU10,,,,citrixvad;cvad;citrix;citrix-apps-desktops
app,citrix-vad,Citrix Virtual Apps and Desktops,2003,2020-03-26,2021-09-26,True,False,2003,,,,citrixvad;cvad;citrix;citrix-apps-desktops
app,citrix-vad,Citrix Virtual Apps and Desktops,2006,2020-06-17,2021-12-17,True,False,2006,,,,citrixvad;cvad;citrix;citrix-apps-desktops
app,citrix-vad,Citrix Virtual Apps and Desktops,2009,2020-09-29,2022-03-29,True,False,2009,,,,citrixvad;cvad;citrix;citrix-apps-desktops
app,citrix-vad,Citrix Virtual Apps and Desktops,2012,2020-12-14,2022-06-14,True,False,2012,,,,citrixvad;cvad;citrix;citrix-apps-desktops
app,citrix-vad,Citrix Virtual Apps and Desktops,2103,2021-03-17,2022-09-17,True,False,2103,,,,citrixvad;cvad;citrix;citrix-apps-desktops
app,citrix-vad,Citrix Virtual Apps and Desktops,2106,2021-06-16,2022-12-16,True,False,2106,,,,citrixvad;cvad;citrix;citrix-apps-desktops
app,citrix-vad,Citrix Virtual Apps and Desktops,2109,2021-09-27,2023-03-27,True,False,2109,,,,citrixvad;cvad;citrix;citrix-apps-desktops
app,citrix-vad,Citrix Virtual Apps and Desktops,2112,2021-12-13,2023-06-14,True,False,2112,,,,citrixvad;cvad;citrix;citrix-apps-desktops
app,citrix-vad,Citrix Virtual Apps and Desktops,2203 (LTSR),2022-03-23,2027-03-23,False,True,2203 CU7 Update 4,,,,citrixvad;cvad;citrix;citrix-apps-desktops
app,citrix-vad,Citrix Virtual Apps and Desktops,2206,2022-06-28,2023-12-28,True,False,2206,,,,citrixvad;cvad;citrix;citrix-apps-desktops
app,citrix-vad,Citrix Virtual Apps and Desktops,2209,2022-09-29,2024-03-29,True,False,2209,,,,citrixvad;cvad;citrix;citrix-apps-desktops
app,citrix-vad,Citrix Virtual Apps and Desktops,2212,2022-12-19,2024-06-19,True,False,2212,,,,citrixvad;cvad;citrix;citrix-apps-desktops
app,citrix-vad,Citrix Virtual Apps and Desktops,2303,2023-03-20,2024-09-20,True,False,2303,,,,citrixvad;cvad;citrix;citrix-apps-desktops
app,citrix-vad,Citrix Virtual Apps and Desktops,2305,2023-05-31,2024-11-30,True,False,2305,,,,citrixvad;cvad;citrix;citrix-apps-desktops
app,citrix-vad,Citrix Virtual Apps and Desktops,2308,2023-09-14,2025-03-14,True,False,2308,,,,citrixvad;cvad;citrix;citrix-apps-desktops
app,citrix-vad,Citrix Virtual Apps and Desktops,2311,2023-12-21,2025-06-20,True,False,2311,,,,citrixvad;cvad;citrix;citrix-apps-desktops
app,citrix-vad,Citrix Virtual Apps and Desktops,2402 (LTSR),2024-04-14,2029-04-15,False,True,2402 CU4 Update 1,,,,citrixvad;cvad;citrix;citrix-apps-desktops
app,citrix-vad,Citrix Virtual Apps and Desktops,2407,2024-07-30,2025-12-31,True,False,2407,,,,citrixvad;cvad;citrix;citrix-apps-desktops
app,citrix-vad,Citrix Virtual Apps and Desktops,2411,2024-12-03,2026-06-03,True,False,2411,,,,citrixvad;cvad;citrix;citrix-apps-desktops
app,citrix-vad,Citrix Virtual Apps and Desktops,2503,2025-04-29,2026-10-29,False,True,2503,,,,citrixvad;cvad;citrix;citrix-apps-desktops
app,citrix-vad,Citrix Virtual Apps and Desktops,2507 (LTSR),2025-08-19,2028-08-18,False,True,2507 CU2,,,,citrixvad;cvad;citrix;citrix-apps-desktops
app,citrix-vad,Citrix Virtual Apps and Desktops,2511,2025-12-29,2027-06-29,False,True,2511 Update 3,,,,citrixvad;cvad;citrix;citrix-apps-desktops
app,citrix-vad,Citrix Virtual Apps and Desktops,2603,2026-04-30,2027-10-30,False,True,2603,,,,citrixvad;cvad;citrix;citrix-apps-desktops
app,citrix-vad,Citrix Virtual Apps and Desktops,XenDesktop 7.15 (LTSR),2017-08-15,2022-08-15,True,True,7.15 CU9,,,,citrixvad;cvad;citrix;citrix-apps-desktops
app,clamav,ClamAV,0.100,2018-04-04,2021-10-29,True,False,0.100.3,cpe:2.3:a:clamav:clamav,clamav,clamav,
app,clamav,ClamAV,0.101,2018-12-02,2022-01-03,True,False,0.101.5,cpe:2.3:a:clamav:clamav,clamav,clamav,
app,clamav,ClamAV,0.102,2019-10-02,2022-01-03,True,False,0.102.4,cpe:2.3:a:clamav:clamav,clamav,clamav,
app,clamav,ClamAV,0.103 (LTS),2020-09-11,2024-09-14,True,False,0.103.12,cpe:2.3:a:clamav:clamav,clamav,clamav,
app,clamav,ClamAV,0.104,2021-09-02,2023-03-28,True,False,0.104.4,cpe:2.3:a:clamav:clamav,clamav,clamav,
app,clamav,ClamAV,0.105,2022-05-04,2023-09-01,True,False,0.105.2,cpe:2.3:a:clamav:clamav,clamav,clamav,
app,clamav,ClamAV,0.99,2015-11-25,2021-03-01,True,False,0.99.4,cpe:2.3:a:clamav:clamav,clamav,clamav,
app,clamav,ClamAV,1.0 (LTS),2022-11-28,2025-11-28,True,False,1.0.9,cpe:2.3:a:clamav:clamav,clamav,clamav,
app,clamav,ClamAV,1.1,2023-05-01,2024-06-07,True,False,1.1.3,cpe:2.3:a:clamav:clamav,clamav,clamav,
app,clamav,ClamAV,1.2,2023-08-27,2024-12-15,True,False,1.2.3,cpe:2.3:a:clamav:clamav,clamav,clamav,
app,clamav,ClamAV,1.3,2024-02-07,2026-02-07,True,False,1.3.2,cpe:2.3:a:clamav:clamav,clamav,clamav,
app,clamav,ClamAV,1.4 (LTS),2024-08-15,2027-08-15,False,True,1.4.6,cpe:2.3:a:clamav:clamav,clamav,clamav,
app,clamav,ClamAV,1.5,2025-10-07,,False,True,1.5.4,cpe:2.3:a:clamav:clamav,clamav,clamav,
app,cloud-sql-auth-proxy,Cloud SQL Auth Proxy,1,2020-01-01,,False,True,1.38.3,,,,cloud-sql-proxy
app,cloud-sql-auth-proxy,Cloud SQL Auth Proxy,2,2023-01-17,,False,True,2.25.4,,,,cloud-sql-proxy
app,commvault,Commvault,11.38,2025-02-15,2025-07-18,True,False,11.38.37,cpe:2.3:a:commvault:commvault,commvault,commvault,commvault-backup
app,commvault,Commvault,11.40 (LTS),2025-06-15,2027-12-15,False,True,11.40.72,cpe:2.3:a:commvault:commvault,commvault,commvault,commvault-backup
app,commvault,Commvault,11.42,2025-07-14,2028-06-15,False,True,11.42.122,cpe:2.3:a:commvault:commvault,commvault,commvault,commvault-backup
app,commvault,Commvault,11.44 (LTS),2026-06-15,2028-12-15,False,True,11.44.20,cpe:2.3:a:commvault:commvault,commvault,commvault,commvault-backup
app,commvault,Commvault,11.46,2026-07-15,,False,True,11.46.20,cpe:2.3:a:commvault:commvault,commvault,commvault,commvault-backup
app,commvault,Commvault,2023E (LTS),2023-08-15,2026-06-15,True,False,11.32.143,cpe:2.3:a:commvault:commvault,commvault,commvault,commvault-backup
app,commvault,Commvault,2024E (LTS),2024-08-15,2027-06-15,False,True,11.36.123,cpe:2.3:a:commvault:commvault,commvault,commvault,commvault-backup
app,composer,Composer,1,2016-04-05,2020-10-24,True,False,1.10.28,cpe:2.3:a:getcomposer:composer,getcomposer,composer,
app,composer,Composer,2.0,2020-10-24,2021-06-03,True,False,2.0.14,cpe:2.3:a:getcomposer:composer,getcomposer,composer,
app,composer,Composer,2.1,2021-06-03,2021-12-22,True,False,2.1.14,cpe:2.3:a:getcomposer:composer,getcomposer,composer,
app,composer,Composer,2.10,2026-05-28,,False,True,2.10.3,cpe:2.3:a:getcomposer:composer,getcomposer,composer,
app,composer,Composer,2.2 (LTS),2021-12-22,,False,True,2.2.30,cpe:2.3:a:getcomposer:composer,getcomposer,composer,
app,composer,Composer,2.3,2022-03-30,2022-08-16,True,False,2.3.10,cpe:2.3:a:getcomposer:composer,getcomposer,composer,
app,composer,Composer,2.4,2022-08-16,2022-12-20,True,False,2.4.4,cpe:2.3:a:getcomposer:composer,getcomposer,composer,
app,composer,Composer,2.5,2022-12-20,2023-09-01,True,False,2.5.8,cpe:2.3:a:getcomposer:composer,getcomposer,composer,
app,composer,Composer,2.6,2023-09-01,2024-02-08,True,False,2.6.6,cpe:2.3:a:getcomposer:composer,getcomposer,composer,
app,composer,Composer,2.7,2024-02-08,2024-10-02,True,False,2.7.9,cpe:2.3:a:getcomposer:composer,getcomposer,composer,
app,composer,Composer,2.8,2024-10-02,2025-11-13,True,False,2.8.12,cpe:2.3:a:getcomposer:composer,getcomposer,composer,
app,composer,Composer,2.9,2025-11-13,2026-05-28,True,False,2.9.8,cpe:2.3:a:getcomposer:composer,getcomposer,composer,
app,docker-engine,Docker Engine,17.03,2017-02-23,2017-05-05,True,False,17.03.2,cpe:2.3:a:docker:engine,docker,engine,
app,docker-engine,Docker Engine,17.04,2017-04-03,2017-06-04,True,False,17.04.0,cpe:2.3:a:docker:engine,docker,engine,
app,docker-engine,Docker Engine,17.05,2017-05-04,2017-07-28,True,False,17.05.0,cpe:2.3:a:docker:engine,docker,engine,
app,docker-engine,Docker Engine,17.06,2017-06-20,2017-09-29,True,False,17.06.2,cpe:2.3:a:docker:engine,docker,engine,
app,docker-engine,Docker Engine,17.07,2017-08-28,2017-10-26,True,False,17.07.0,cpe:2.3:a:docker:engine,docker,engine,
app,docker-engine,Docker Engine,17.09,2017-09-22,2017-11-17,True,False,17.09.1,cpe:2.3:a:docker:engine,docker,engine,
app,docker-engine,Docker Engine,17.10,2017-10-13,2017-12-20,True,False,17.10.0,cpe:2.3:a:docker:engine,docker,engine,
app,docker-engine,Docker Engine,17.11,2017-11-17,2018-01-27,True,False,17.11.0,cpe:2.3:a:docker:engine,docker,engine,
app,docker-engine,Docker Engine,17.12,2017-12-15,2018-02-10,True,False,17.12.1,cpe:2.3:a:docker:engine,docker,engine,
app,docker-engine,Docker Engine,18.01,2017-12-12,2018-03-07,True,False,18.01.0,cpe:2.3:a:docker:engine,docker,engine,
app,docker-engine,Docker Engine,18.02,2018-01-26,2018-04-21,True,False,18.02.0,cpe:2.3:a:docker:engine,docker,engine,
app,docker-engine,Docker Engine,18.03,2018-03-14,2018-05-10,True,False,18.03.1,cpe:2.3:a:docker:engine,docker,engine,
app,docker-engine,Docker Engine,18.04,2018-03-27,2018-06-09,True,False,18.04.0,cpe:2.3:a:docker:engine,docker,engine,
app,docker-engine,Docker Engine,18.05,2018-04-25,2018-08-18,True,False,18.05.0,cpe:2.3:a:docker:engine,docker,engine,
app,docker-engine,Docker Engine,18.06,2018-07-18,2018-12-08,True,False,18.06.3,cpe:2.3:a:docker:engine,docker,engine,
app,docker-engine,Docker Engine,18.09,2018-11-08,2019-08-22,True,False,18.09.9,cpe:2.3:a:docker:engine,docker,engine,
app,docker-engine,Docker Engine,19.03,2019-07-22,2021-01-08,True,False,19.03.15,cpe:2.3:a:docker:engine,docker,engine,
app,docker-engine,Docker Engine,20.10,2020-12-09,2023-12-10,True,False,20.10.27,cpe:2.3:a:docker:engine,docker,engine,
app,docker-engine,Docker Engine,23.0,2023-02-02,2025-05-19,True,False,23.0.18,cpe:2.3:a:docker:engine,docker,engine,
app,docker-engine,Docker Engine,24.0,2023-05-16,2024-06-08,True,False,24.0.9,cpe:2.3:a:docker:engine,docker,engine,
app,docker-engine,Docker Engine,25.0,2024-01-19,2026-12-04,False,True,25.0.17,cpe:2.3:a:docker:engine,docker,engine,
app,docker-engine,Docker Engine,26.0,2024-03-20,2024-06-08,True,False,26.0.2,cpe:2.3:a:docker:engine,docker,engine,
app,docker-engine,Docker Engine,26.1,2024-04-22,2025-02-17,True,False,26.1.5,cpe:2.3:a:docker:engine,docker,engine,
app,docker-engine,Docker Engine,27,2024-06-25,2025-05-03,True,False,27.5.1,cpe:2.3:a:docker:engine,docker,engine,
app,docker-engine,Docker Engine,28,2025-02-20,2026-05-13,True,False,28.5.2,cpe:2.3:a:docker:engine,docker,engine,
app,docker-engine,Docker Engine,29,2025-11-10,,False,True,29.7.2,cpe:2.3:a:docker:engine,docker,engine,
app,drush,Drush,10,2019-10-31,2022-01-31,True,False,10.6.2,,,,
app,drush,Drush,11,2022-01-11,2023-11-30,True,False,11.6.0,,,,
app,drush,Drush,12,2023-06-03,,False,True,12.5.3,,,,
app,drush,Drush,13,2024-08-02,,False,True,13.7.6,,,,
app,drush,Drush,5,2012-03-23,2015-05-31,True,False,5.11.0,,,,
app,drush,Drush,6,2013-08-16,2015-12-31,True,False,6.7.0,,,,
app,drush,Drush,7,2015-05-20,2017-07-31,True,False,7.4.2,,,,
app,drush,Drush,8,2015-11-19,2025-01-31,True,False,8.5.0,,,,
app,drush,Drush,9,2018-01-24,2020-05-31,True,False,9.7.3,,,,
app,eslint,ESLint,1,2015-07-31,2016-08-12,True,False,1.10.3,cpe:2.3:a:openjsf:eslint,openjsf,eslint,
app,eslint,ESLint,10,2026-02-06,,False,True,10.9.1,cpe:2.3:a:openjsf:eslint,openjsf,eslint,
app,eslint,ESLint,2,2016-02-12,2017-01-01,True,False,2.13.1,cpe:2.3:a:openjsf:eslint,openjsf,eslint,
app,eslint,ESLint,3,2016-07-01,2017-12-11,True,False,3.19.0,cpe:2.3:a:openjsf:eslint,openjsf,eslint,
app,eslint,ESLint,4,2017-06-11,2018-12-22,True,False,4.19.1,cpe:2.3:a:openjsf:eslint,openjsf,eslint,
app,eslint,ESLint,5,2018-06-22,2019-12-21,True,False,5.16.0,cpe:2.3:a:openjsf:eslint,openjsf,eslint,
app,eslint,ESLint,6,2019-06-21,2020-11-08,True,False,6.8.0,cpe:2.3:a:openjsf:eslint,openjsf,eslint,
app,eslint,ESLint,7,2020-05-08,2022-04-09,True,False,7.32.0,cpe:2.3:a:openjsf:eslint,openjsf,eslint,
app,eslint,ESLint,8,2021-10-09,2024-10-05,True,True,8.57.1,cpe:2.3:a:openjsf:eslint,openjsf,eslint,
app,eslint,ESLint,9,2024-04-05,2026-08-06,True,True,9.39.5,cpe:2.3:a:openjsf:eslint,openjsf,eslint,
app,filemaker,FileMaker Platform,10,2009-01-01,2014-09-27,True,False,,,,,
app,filemaker,FileMaker Platform,11,2010-03-01,2015-09-25,True,False,,,,,
app,filemaker,FileMaker Platform,12,2012-04-01,2016-09-23,True,False,,,,,
app,filemaker,FileMaker Platform,13,2013-12-01,2017-09-22,True,False,,,,,
app,filemaker,FileMaker Platform,14,2015-05-01,2018-09-21,True,False,,,,,
app,filemaker,FileMaker Platform,15,2016-05-01,2019-09-20,True,False,,,,,
app,filemaker,FileMaker Platform,16,2017-05-01,2020-09-18,True,False,,,,,
app,filemaker,FileMaker Platform,17,2018-05-01,2020-09-18,True,False,,,,,
app,filemaker,FileMaker Platform,18,2019-05-01,2021-06-25,True,False,,,,,
app,filemaker,FileMaker Platform,19,2020-05-31,2022-05-31,True,False,,,,,
app,filemaker,FileMaker Platform,19.1,2020-09-30,2022-10-31,True,False,,,,,
app,filemaker,FileMaker Platform,19.2,2021-03-31,2023-03-31,True,False,,,,,
app,filemaker,FileMaker Platform,19.3,2021-06-30,2023-07-31,True,False,,,,,
app,filemaker,FileMaker Platform,19.4,2021-12-01,2023-12-31,True,False,,,,,
app,filemaker,FileMaker Platform,19.5,2022-06-30,2024-06-30,True,False,,,,,
app,filemaker,FileMaker Platform,19.6,2022-12-31,2024-12-31,True,False,,,,,
app,filemaker,FileMaker Platform,2023,2023-04-30,2025-12-31,True,False,,,,,
app,filemaker,FileMaker Platform,2024,2024-06-30,2026-06-30,True,False,,,,,
app,filemaker,FileMaker Platform,2025,2025-07-31,2027-07-31,False,True,,,,,
app,filemaker,FileMaker Platform,2026,2026-06-30,2028-06-30,False,True,,,,,
app,filemaker,FileMaker Platform,7,2004-03-01,2008-09-26,True,False,,,,,
app,filemaker,FileMaker Platform,8,2005-08-01,2010-09-23,True,False,,,,,
app,filemaker,FileMaker Platform,9,2007-07-01,2011-11-15,True,False,,,,,
app,firefox,Firefox,102 (ESR),2022-06-28,2023-09-26,True,False,102.15.1,cpe:2.3:a:mozilla:firefox,mozilla,firefox,
app,firefox,Firefox,103,2022-07-26,2022-08-23,True,False,103.0.2,cpe:2.3:a:mozilla:firefox,mozilla,firefox,
app,firefox,Firefox,104,2022-08-23,2022-09-20,True,False,104.0.2,cpe:2.3:a:mozilla:firefox,mozilla,firefox,
app,firefox,Firefox,105,2022-09-20,2022-10-18,True,False,105.0.3,cpe:2.3:a:mozilla:firefox,mozilla,firefox,
app,firefox,Firefox,106,2022-10-18,2022-11-15,True,False,106.0.5,cpe:2.3:a:mozilla:firefox,mozilla,firefox,
app,firefox,Firefox,107,2022-11-15,2022-12-13,True,False,107.0.1,cpe:2.3:a:mozilla:firefox,mozilla,firefox,
app,firefox,Firefox,108,2022-12-13,2023-01-17,True,False,108.0.2,cpe:2.3:a:mozilla:firefox,mozilla,firefox,
app,firefox,Firefox,109,2023-01-17,2023-02-14,True,False,109.0.1,cpe:2.3:a:mozilla:firefox,mozilla,firefox,
app,firefox,Firefox,110,2023-02-14,2023-03-14,True,False,110.0.1,cpe:2.3:a:mozilla:firefox,mozilla,firefox,
app,firefox,Firefox,111,2023-03-14,2023-04-11,True,False,111.0.1,cpe:2.3:a:mozilla:firefox,mozilla,firefox,
app,firefox,Firefox,112,2023-04-11,2023-05-09,True,False,112.0.2,cpe:2.3:a:mozilla:firefox,mozilla,firefox,
app,firefox,Firefox,113,2023-05-09,2023-06-06,True,False,113.0.2,cpe:2.3:a:mozilla:firefox,mozilla,firefox,
app,firefox,Firefox,114,2023-06-06,2023-07-04,True,False,114.0.2,cpe:2.3:a:mozilla:firefox,mozilla,firefox,
app,firefox,Firefox,115 (ESR),2023-07-04,2027-03-31,False,True,115.38.0,cpe:2.3:a:mozilla:firefox,mozilla,firefox,
app,firefox,Firefox,116,2023-08-01,2023-08-29,True,False,116.0.3,cpe:2.3:a:mozilla:firefox,mozilla,firefox,
app,firefox,Firefox,117,2023-08-29,2023-09-26,True,False,117.0.1,cpe:2.3:a:mozilla:firefox,mozilla,firefox,
app,firefox,Firefox,118,2023-09-26,2023-10-24,True,False,118.0.2,cpe:2.3:a:mozilla:firefox,mozilla,firefox,
app,firefox,Firefox,119,2023-10-24,2023-11-21,True,False,119.0.1,cpe:2.3:a:mozilla:firefox,mozilla,firefox,
app,firefox,Firefox,120,2023-11-21,2023-12-19,True,False,120.0.1,cpe:2.3:a:mozilla:firefox,mozilla,firefox,
app,firefox,Firefox,121,2023-12-19,2024-01-23,True,False,121.0.1,cpe:2.3:a:mozilla:firefox,mozilla,firefox,
app,firefox,Firefox,122,2024-01-23,2024-02-20,True,False,122.0.1,cpe:2.3:a:mozilla:firefox,mozilla,firefox,
app,firefox,Firefox,123,2024-02-20,2024-03-19,True,False,123.0.1,cpe:2.3:a:mozilla:firefox,mozilla,firefox,
app,firefox,Firefox,124,2024-03-19,2024-04-16,True,False,124.0.2,cpe:2.3:a:mozilla:firefox,mozilla,firefox,
app,firefox,Firefox,125,2024-04-16,2024-05-14,True,False,125.0.3,cpe:2.3:a:mozilla:firefox,mozilla,firefox,
app,firefox,Firefox,126,2024-05-14,2024-06-11,True,False,126.0.1,cpe:2.3:a:mozilla:firefox,mozilla,firefox,
app,firefox,Firefox,127,2024-06-11,2024-07-09,True,False,127.0.2,cpe:2.3:a:mozilla:firefox,mozilla,firefox,
app,firefox,Firefox,128 (ESR),2024-07-09,2025-09-16,True,False,128.14.0,cpe:2.3:a:mozilla:firefox,mozilla,firefox,
app,firefox,Firefox,129,2024-08-06,2024-09-03,True,False,129.0.2,cpe:2.3:a:mozilla:firefox,mozilla,firefox,
app,firefox,Firefox,130,2024-09-03,2024-10-01,True,False,130.0.1,cpe:2.3:a:mozilla:firefox,mozilla,firefox,
app,firefox,Firefox,131,2024-10-01,2024-10-29,True,False,131.0.3,cpe:2.3:a:mozilla:firefox,mozilla,firefox,
app,firefox,Firefox,132,2024-10-29,2024-11-26,True,False,132.0.2,cpe:2.3:a:mozilla:firefox,mozilla,firefox,
app,firefox,Firefox,133,2024-11-26,2025-01-07,True,False,133.0.3,cpe:2.3:a:mozilla:firefox,mozilla,firefox,
app,firefox,Firefox,134,2025-01-07,2025-02-04,True,False,134.0.2,cpe:2.3:a:mozilla:firefox,mozilla,firefox,
app,firefox,Firefox,135,2025-02-04,2025-03-04,True,False,135.0.1,cpe:2.3:a:mozilla:firefox,mozilla,firefox,
app,firefox,Firefox,136,2025-03-04,2025-04-01,True,False,136.0.4,cpe:2.3:a:mozilla:firefox,mozilla,firefox,
app,firefox,Firefox,137,2025-04-01,2025-04-29,True,False,137.0.2,cpe:2.3:a:mozilla:firefox,mozilla,firefox,
app,firefox,Firefox,138,2025-04-29,2025-05-27,True,False,138.0.4,cpe:2.3:a:mozilla:firefox,mozilla,firefox,
app,firefox,Firefox,139,2025-05-27,2025-06-24,True,False,139.0.4,cpe:2.3:a:mozilla:firefox,mozilla,firefox,
app,firefox,Firefox,140 (ESR),2025-06-24,2026-09-29,False,True,140.15.0,cpe:2.3:a:mozilla:firefox,mozilla,firefox,
app,firefox,Firefox,141,2025-07-22,2025-08-19,True,False,141.0.3,cpe:2.3:a:mozilla:firefox,mozilla,firefox,
app,firefox,Firefox,142,2025-08-19,2025-09-16,True,False,142.0.1,cpe:2.3:a:mozilla:firefox,mozilla,firefox,
app,firefox,Firefox,143,2025-09-16,2025-10-14,True,False,143.0.4,cpe:2.3:a:mozilla:firefox,mozilla,firefox,
app,firefox,Firefox,144,2025-10-14,2025-11-11,True,False,144.0.2,cpe:2.3:a:mozilla:firefox,mozilla,firefox,
app,firefox,Firefox,145,2025-11-11,2025-12-09,True,False,145.0.2,cpe:2.3:a:mozilla:firefox,mozilla,firefox,
app,firefox,Firefox,146,2025-12-09,2026-01-13,True,False,146.0.1,cpe:2.3:a:mozilla:firefox,mozilla,firefox,
app,firefox,Firefox,147,2026-01-13,2026-02-24,True,False,147.0.4,cpe:2.3:a:mozilla:firefox,mozilla,firefox,
app,firefox,Firefox,148,2026-02-24,2026-03-24,True,False,148.0.2,cpe:2.3:a:mozilla:firefox,mozilla,firefox,
app,firefox,Firefox,149,2026-03-24,2026-04-21,True,False,149.0.2,cpe:2.3:a:mozilla:firefox,mozilla,firefox,
app,firefox,Firefox,150,2026-04-21,2026-05-18,True,False,150.0.3,cpe:2.3:a:mozilla:firefox,mozilla,firefox,
app,firefox,Firefox,151,2026-05-18,2026-06-16,True,False,151.0.4,cpe:2.3:a:mozilla:firefox,mozilla,firefox,
app,firefox,Firefox,152,2026-06-16,2026-07-21,True,False,152.0.6,cpe:2.3:a:mozilla:firefox,mozilla,firefox,
app,firefox,Firefox,153 (ESR),2026-07-21,,False,True,153.2.0,cpe:2.3:a:mozilla:firefox,mozilla,firefox,
app,firefox,Firefox,154,2026-08-18,2026-09-01,True,False,154.0.1,cpe:2.3:a:mozilla:firefox,mozilla,firefox,
app,firefox,Firefox,155,2026-09-01,,False,True,155.0,cpe:2.3:a:mozilla:firefox,mozilla,firefox,
app,firefox,Firefox,78 (ESR),2020-06-30,2021-11-02,True,False,78.15.0,cpe:2.3:a:mozilla:firefox,mozilla,firefox,
app,firefox,Firefox,91 (ESR),2021-08-10,2022-09-20,True,False,91.13.0,cpe:2.3:a:mozilla:firefox,mozilla,firefox,
app,goaccess,GoAccess,1,2016-06-09,,False,True,1.11,,,,
app,godot,Godot,1.0,2014-12-15,,True,False,1.0,cpe:2.3:a:godotengine:godot,godotengine,godot,godotengine
app,godot,Godot,2.0,2016-02-22,,True,False,2.0.4.1,cpe:2.3:a:godotengine:godot,godotengine,godot,godotengine
app,godot,Godot,2.1 (LTS),2016-08-09,,True,False,2.1.6,cpe:2.3:a:godotengine:godot,godotengine,godot,godotengine
app,godot,Godot,3.0,2018-01-29,,True,False,3.0.6,cpe:2.3:a:godotengine:godot,godotengine,godot,godotengine
app,godot,Godot,3.1,2019-03-13,2020-01-29,True,False,3.1.2,cpe:2.3:a:godotengine:godot,godotengine,godot,godotengine
app,godot,Godot,3.2,2020-01-29,2021-04-21,True,False,3.2.3,cpe:2.3:a:godotengine:godot,godotengine,godot,godotengine
app,godot,Godot,3.3,2021-04-21,2021-11-05,True,False,3.3.4,cpe:2.3:a:godotengine:godot,godotengine,godot,godotengine
app,godot,Godot,3.4,2021-11-05,2022-08-05,True,False,3.4.5,cpe:2.3:a:godotengine:godot,godotengine,godot,godotengine
app,godot,Godot,3.5 (LTS),2022-08-05,2025-10-23,True,False,3.5.3,cpe:2.3:a:godotengine:godot,godotengine,godot,godotengine
app,godot,Godot,3.6 (LTS),2024-09-08,,False,True,3.6.3,cpe:2.3:a:godotengine:godot,godotengine,godot,godotengine
app,godot,Godot,4.0,2023-03-01,2023-11-29,True,False,4.0.4,cpe:2.3:a:godotengine:godot,godotengine,godot,godotengine
app,godot,Godot,4.1,2023-07-05,2025-03-03,True,False,4.1.4,cpe:2.3:a:godotengine:godot,godotengine,godot,godotengine
app,godot,Godot,4.2,2023-11-29,2025-10-09,True,False,4.2.2,cpe:2.3:a:godotengine:godot,godotengine,godot,godotengine
app,godot,Godot,4.3,2024-08-15,2025-10-23,True,False,4.3,cpe:2.3:a:godotengine:godot,godotengine,godot,godotengine
app,godot,Godot,4.4,2025-03-03,2026-03-26,True,False,4.4.1,cpe:2.3:a:godotengine:godot,godotengine,godot,godotengine
app,godot,Godot,4.5,2025-09-15,,False,True,4.5.2,cpe:2.3:a:godotengine:godot,godotengine,godot,godotengine
app,godot,Godot,4.6,2026-01-26,,False,True,4.6.3,cpe:2.3:a:godotengine:godot,godotengine,godot,godotengine
app,godot,Godot,4.7,2026-06-18,,False,True,4.7.2,cpe:2.3:a:godotengine:godot,godotengine,godot,godotengine
app,chrome,Google Chrome,10,2011-03-08,2011-04-19,True,False,,cpe:2.3:a:google:chrome,google,chrome,google-chrome
app,chrome,Google Chrome,100,2022-03-29,2022-04-26,True,False,,cpe:2.3:a:google:chrome,google,chrome,google-chrome
app,chrome,Google Chrome,101,2022-04-26,2022-05-24,True,False,,cpe:2.3:a:google:chrome,google,chrome,google-chrome
app,chrome,Google Chrome,102,2022-05-24,2022-06-21,True,False,,cpe:2.3:a:google:chrome,google,chrome,google-chrome
app,chrome,Google Chrome,103,2022-06-21,2022-08-02,True,False,,cpe:2.3:a:google:chrome,google,chrome,google-chrome
app,chrome,Google Chrome,104,2022-08-02,2022-08-30,True,False,,cpe:2.3:a:google:chrome,google,chrome,google-chrome
app,chrome,Google Chrome,105,2022-08-30,2022-09-27,True,False,,cpe:2.3:a:google:chrome,google,chrome,google-chrome
app,chrome,Google Chrome,106,2022-09-27,2022-10-25,True,False,,cpe:2.3:a:google:chrome,google,chrome,google-chrome
app,chrome,Google Chrome,107,2022-10-25,2022-11-29,True,False,,cpe:2.3:a:google:chrome,google,chrome,google-chrome
app,chrome,Google Chrome,108,2022-11-29,2023-01-10,True,False,,cpe:2.3:a:google:chrome,google,chrome,google-chrome
app,chrome,Google Chrome,109,2023-01-10,2023-02-07,True,False,,cpe:2.3:a:google:chrome,google,chrome,google-chrome
app,chrome,Google Chrome,11,2011-04-19,2011-05-31,True,False,,cpe:2.3:a:google:chrome,google,chrome,google-chrome
app,chrome,Google Chrome,110,2023-02-07,2023-03-07,True,False,,cpe:2.3:a:google:chrome,google,chrome,google-chrome
app,chrome,Google Chrome,111,2023-03-07,2023-04-04,True,False,,cpe:2.3:a:google:chrome,google,chrome,google-chrome
app,chrome,Google Chrome,112,2023-04-04,2023-05-02,True,False,,cpe:2.3:a:google:chrome,google,chrome,google-chrome
app,chrome,Google Chrome,113,2023-05-02,2023-05-30,True,False,,cpe:2.3:a:google:chrome,google,chrome,google-chrome
app,chrome,Google Chrome,114,2023-05-30,2023-07-18,True,False,,cpe:2.3:a:google:chrome,google,chrome,google-chrome
app,chrome,Google Chrome,115,2023-07-18,2023-08-15,True,False,,cpe:2.3:a:google:chrome,google,chrome,google-chrome
app,chrome,Google Chrome,116,2023-08-15,2023-09-12,True,False,,cpe:2.3:a:google:chrome,google,chrome,google-chrome
app,chrome,Google Chrome,117,2023-09-12,2023-10-10,True,False,,cpe:2.3:a:google:chrome,google,chrome,google-chrome
app,chrome,Google Chrome,118,2023-10-10,2023-10-31,True,False,,cpe:2.3:a:google:chrome,google,chrome,google-chrome
app,chrome,Google Chrome,119,2023-10-31,2023-12-05,True,False,,cpe:2.3:a:google:chrome,google,chrome,google-chrome
app,chrome,Google Chrome,12,2011-05-31,2011-07-26,True,False,,cpe:2.3:a:google:chrome,google,chrome,google-chrome
app,chrome,Google Chrome,120,2023-12-05,2024-01-23,True,False,,cpe:2.3:a:google:chrome,google,chrome,google-chrome
app,chrome,Google Chrome,121,2024-01-23,2024-02-20,True,False,,cpe:2.3:a:google:chrome,google,chrome,google-chrome
app,chrome,Google Chrome,122,2024-02-20,2024-03-19,True,False,,cpe:2.3:a:google:chrome,google,chrome,google-chrome
app,chrome,Google Chrome,123,2024-03-19,2024-04-16,True,False,,cpe:2.3:a:google:chrome,google,chrome,google-chrome
app,chrome,Google Chrome,124,2024-04-16,2024-05-14,True,False,,cpe:2.3:a:google:chrome,google,chrome,google-chrome
app,chrome,Google Chrome,125,2024-05-14,2024-06-11,True,False,,cpe:2.3:a:google:chrome,google,chrome,google-chrome
app,chrome,Google Chrome,126,2024-06-11,2024-07-23,True,False,,cpe:2.3:a:google:chrome,google,chrome,google-chrome
app,chrome,Google Chrome,127,2024-07-23,2024-08-20,True,False,,cpe:2.3:a:google:chrome,google,chrome,google-chrome
app,chrome,Google Chrome,128,2024-08-20,2024-09-17,True,False,,cpe:2.3:a:google:chrome,google,chrome,google-chrome
app,chrome,Google Chrome,129,2024-09-17,2024-10-15,True,False,,cpe:2.3:a:google:chrome,google,chrome,google-chrome
app,chrome,Google Chrome,13,2011-07-26,2011-09-06,True,False,,cpe:2.3:a:google:chrome,google,chrome,google-chrome
app,chrome,Google Chrome,130,2024-10-15,2024-11-12,True,False,,cpe:2.3:a:google:chrome,google,chrome,google-chrome
app,chrome,Google Chrome,131,2024-11-12,2025-01-14,True,False,,cpe:2.3:a:google:chrome,google,chrome,google-chrome
app,chrome,Google Chrome,132,2025-01-14,2025-02-04,True,False,,cpe:2.3:a:google:chrome,google,chrome,google-chrome
app,chrome,Google Chrome,133,2025-02-04,2025-03-04,True,False,,cpe:2.3:a:google:chrome,google,chrome,google-chrome
app,chrome,Google Chrome,134,2025-03-04,2025-04-01,True,False,,cpe:2.3:a:google:chrome,google,chrome,google-chrome
app,chrome,Google Chrome,135,2025-04-01,2025-04-29,True,False,,cpe:2.3:a:google:chrome,google,chrome,google-chrome
app,chrome,Google Chrome,136,2025-04-29,2025-05-27,True,False,,cpe:2.3:a:google:chrome,google,chrome,google-chrome
app,chrome,Google Chrome,137,2025-05-27,2025-06-24,True,False,,cpe:2.3:a:google:chrome,google,chrome,google-chrome
app,chrome,Google Chrome,138,2025-06-24,2025-08-05,True,False,,cpe:2.3:a:google:chrome,google,chrome,google-chrome
app,chrome,Google Chrome,139,2025-08-05,2025-09-02,True,False,,cpe:2.3:a:google:chrome,google,chrome,google-chrome
app,chrome,Google Chrome,14,2011-09-06,2011-10-18,True,False,,cpe:2.3:a:google:chrome,google,chrome,google-chrome
app,chrome,Google Chrome,140,2025-09-02,2025-09-30,True,False,,cpe:2.3:a:google:chrome,google,chrome,google-chrome
app,chrome,Google Chrome,141,2025-09-30,2025-10-28,True,False,,cpe:2.3:a:google:chrome,google,chrome,google-chrome
app,chrome,Google Chrome,142,2025-10-28,2025-12-02,True,False,,cpe:2.3:a:google:chrome,google,chrome,google-chrome
app,chrome,Google Chrome,143,2025-12-02,2026-01-13,True,False,,cpe:2.3:a:google:chrome,google,chrome,google-chrome
app,chrome,Google Chrome,144,2026-01-13,2026-02-10,True,False,,cpe:2.3:a:google:chrome,google,chrome,google-chrome
app,chrome,Google Chrome,145,2026-02-10,2026-03-10,True,False,,cpe:2.3:a:google:chrome,google,chrome,google-chrome
app,chrome,Google Chrome,146,2026-03-10,2026-04-07,True,False,,cpe:2.3:a:google:chrome,google,chrome,google-chrome
app,chrome,Google Chrome,147,2026-04-07,2026-05-05,True,False,,cpe:2.3:a:google:chrome,google,chrome,google-chrome
app,chrome,Google Chrome,148,2026-05-05,2026-06-02,True,False,,cpe:2.3:a:google:chrome,google,chrome,google-chrome
app,chrome,Google Chrome,149,2026-06-02,2026-06-30,True,False,,cpe:2.3:a:google:chrome,google,chrome,google-chrome
app,chrome,Google Chrome,15,2011-10-18,2011-12-06,True,False,,cpe:2.3:a:google:chrome,google,chrome,google-chrome
app,chrome,Google Chrome,150,2026-06-30,2026-07-28,True,False,,cpe:2.3:a:google:chrome,google,chrome,google-chrome
app,chrome,Google Chrome,151,2026-07-28,2026-08-25,True,False,,cpe:2.3:a:google:chrome,google,chrome,google-chrome
app,chrome,Google Chrome,152,2026-08-25,2026-09-08,False,True,,cpe:2.3:a:google:chrome,google,chrome,google-chrome
app,chrome,Google Chrome,16,2011-12-06,2012-01-31,True,False,,cpe:2.3:a:google:chrome,google,chrome,google-chrome
app,chrome,Google Chrome,17,2012-01-31,2012-03-13,True,False,,cpe:2.3:a:google:chrome,google,chrome,google-chrome
app,chrome,Google Chrome,18,2012-03-13,2012-04-24,True,False,,cpe:2.3:a:google:chrome,google,chrome,google-chrome
app,chrome,Google Chrome,19,2012-04-24,2012-06-19,True,False,,cpe:2.3:a:google:chrome,google,chrome,google-chrome
app,chrome,Google Chrome,20,2012-06-19,2012-08-07,True,False,,cpe:2.3:a:google:chrome,google,chrome,google-chrome
app,chrome,Google Chrome,21,2012-08-07,2012-09-18,True,False,,cpe:2.3:a:google:chrome,google,chrome,google-chrome
app,chrome,Google Chrome,22,2012-09-18,2012-10-30,True,False,,cpe:2.3:a:google:chrome,google,chrome,google-chrome
app,chrome,Google Chrome,23,2012-10-30,2012-12-18,True,False,,cpe:2.3:a:google:chrome,google,chrome,google-chrome
app,chrome,Google Chrome,24,2012-12-18,2013-02-12,True,False,,cpe:2.3:a:google:chrome,google,chrome,google-chrome
app,chrome,Google Chrome,25,2013-02-12,2013-03-26,True,False,,cpe:2.3:a:google:chrome,google,chrome,google-chrome
app,chrome,Google Chrome,26,2013-03-26,2013-05-07,True,False,,cpe:2.3:a:google:chrome,google,chrome,google-chrome
app,chrome,Google Chrome,27,2013-05-07,2013-06-25,True,False,,cpe:2.3:a:google:chrome,google,chrome,google-chrome
app,chrome,Google Chrome,28,2013-06-25,2013-08-13,True,False,,cpe:2.3:a:google:chrome,google,chrome,google-chrome
app,chrome,Google Chrome,29,2013-08-13,2013-09-24,True,False,,cpe:2.3:a:google:chrome,google,chrome,google-chrome
app,chrome,Google Chrome,30,2013-09-24,2013-11-05,True,False,,cpe:2.3:a:google:chrome,google,chrome,google-chrome
app,chrome,Google Chrome,31,2013-11-05,2014-01-07,True,False,,cpe:2.3:a:google:chrome,google,chrome,google-chrome
app,chrome,Google Chrome,32,2014-01-07,2014-02-18,True,False,,cpe:2.3:a:google:chrome,google,chrome,google-chrome
app,chrome,Google Chrome,33,2014-02-18,2014-04-01,True,False,,cpe:2.3:a:google:chrome,google,chrome,google-chrome
app,chrome,Google Chrome,34,2014-04-01,2014-05-13,True,False,,cpe:2.3:a:google:chrome,google,chrome,google-chrome
app,chrome,Google Chrome,35,2014-05-13,2014-06-24,True,False,,cpe:2.3:a:google:chrome,google,chrome,google-chrome
app,chrome,Google Chrome,36,2014-06-24,2014-08-19,True,False,,cpe:2.3:a:google:chrome,google,chrome,google-chrome
app,chrome,Google Chrome,37,2014-08-19,2014-09-30,True,False,,cpe:2.3:a:google:chrome,google,chrome,google-chrome
app,chrome,Google Chrome,38,2014-09-30,2014-11-11,True,False,,cpe:2.3:a:google:chrome,google,chrome,google-chrome
app,chrome,Google Chrome,39,2014-11-11,2015-01-13,True,False,,cpe:2.3:a:google:chrome,google,chrome,google-chrome
app,chrome,Google Chrome,40,2015-01-13,2015-02-24,True,False,,cpe:2.3:a:google:chrome,google,chrome,google-chrome
app,chrome,Google Chrome,41,2015-02-24,2015-04-07,True,False,,cpe:2.3:a:google:chrome,google,chrome,google-chrome
app,chrome,Google Chrome,42,2015-04-07,2015-05-19,True,False,,cpe:2.3:a:google:chrome,google,chrome,google-chrome
app,chrome,Google Chrome,43,2015-05-19,2015-07-14,True,False,,cpe:2.3:a:google:chrome,google,chrome,google-chrome
app,chrome,Google Chrome,44,2015-07-14,2015-08-25,True,False,,cpe:2.3:a:google:chrome,google,chrome,google-chrome
app,chrome,Google Chrome,45,2015-08-25,2015-10-06,True,False,,cpe:2.3:a:google:chrome,google,chrome,google-chrome
app,chrome,Google Chrome,46,2015-10-06,2015-11-17,True,False,,cpe:2.3:a:google:chrome,google,chrome,google-chrome
app,chrome,Google Chrome,47,2015-11-17,2016-01-19,True,False,,cpe:2.3:a:google:chrome,google,chrome,google-chrome
app,chrome,Google Chrome,48,2016-01-19,2016-03-01,True,False,,cpe:2.3:a:google:chrome,google,chrome,google-chrome
app,chrome,Google Chrome,49,2016-03-01,2016-04-12,True,False,,cpe:2.3:a:google:chrome,google,chrome,google-chrome
app,chrome,Google Chrome,50,2016-04-12,2016-05-24,True,False,,cpe:2.3:a:google:chrome,google,chrome,google-chrome
app,chrome,Google Chrome,51,2016-05-24,2016-07-19,True,False,,cpe:2.3:a:google:chrome,google,chrome,google-chrome
app,chrome,Google Chrome,52,2016-07-19,2016-08-30,True,False,,cpe:2.3:a:google:chrome,google,chrome,google-chrome
app,chrome,Google Chrome,53,2016-08-30,2016-10-11,True,False,,cpe:2.3:a:google:chrome,google,chrome,google-chrome
app,chrome,Google Chrome,54,2016-10-11,2016-11-29,True,False,,cpe:2.3:a:google:chrome,google,chrome,google-chrome
app,chrome,Google Chrome,55,2016-11-29,2017-01-24,True,False,,cpe:2.3:a:google:chrome,google,chrome,google-chrome
app,chrome,Google Chrome,56,2017-01-24,2017-03-07,True,False,,cpe:2.3:a:google:chrome,google,chrome,google-chrome
app,chrome,Google Chrome,57,2017-03-07,2017-04-18,True,False,,cpe:2.3:a:google:chrome,google,chrome,google-chrome
app,chrome,Google Chrome,58,2017-04-18,2017-05-30,True,False,,cpe:2.3:a:google:chrome,google,chrome,google-chrome
app,chrome,Google Chrome,59,2017-05-30,2017-07-25,True,False,,cpe:2.3:a:google:chrome,google,chrome,google-chrome
app,chrome,Google Chrome,60,2017-07-25,2017-09-05,True,False,,cpe:2.3:a:google:chrome,google,chrome,google-chrome
app,chrome,Google Chrome,61,2017-09-05,2017-10-17,True,False,,cpe:2.3:a:google:chrome,google,chrome,google-chrome
app,chrome,Google Chrome,62,2017-10-17,2017-12-05,True,False,,cpe:2.3:a:google:chrome,google,chrome,google-chrome
app,chrome,Google Chrome,63,2017-12-05,2018-01-23,True,False,,cpe:2.3:a:google:chrome,google,chrome,google-chrome
app,chrome,Google Chrome,64,2018-01-23,2018-03-06,True,False,,cpe:2.3:a:google:chrome,google,chrome,google-chrome
app,chrome,Google Chrome,65,2018-03-06,2018-04-17,True,False,,cpe:2.3:a:google:chrome,google,chrome,google-chrome
app,chrome,Google Chrome,66,2018-04-17,2018-05-29,True,False,,cpe:2.3:a:google:chrome,google,chrome,google-chrome
app,chrome,Google Chrome,67,2018-05-29,2018-07-24,True,False,,cpe:2.3:a:google:chrome,google,chrome,google-chrome
app,chrome,Google Chrome,68,2018-07-24,2018-09-04,True,False,,cpe:2.3:a:google:chrome,google,chrome,google-chrome
app,chrome,Google Chrome,69,2018-09-04,2018-10-16,True,False,,cpe:2.3:a:google:chrome,google,chrome,google-chrome
app,chrome,Google Chrome,7,2010-10-12,2010-11-30,True,False,,cpe:2.3:a:google:chrome,google,chrome,google-chrome
app,chrome,Google Chrome,70,2018-10-16,2018-12-04,True,False,,cpe:2.3:a:google:chrome,google,chrome,google-chrome
app,chrome,Google Chrome,71,2018-12-04,2019-01-29,True,False,,cpe:2.3:a:google:chrome,google,chrome,google-chrome
app,chrome,Google Chrome,72,2019-01-29,2019-03-12,True,False,,cpe:2.3:a:google:chrome,google,chrome,google-chrome
app,chrome,Google Chrome,73,2019-03-12,2019-04-23,True,False,,cpe:2.3:a:google:chrome,google,chrome,google-chrome
app,chrome,Google Chrome,74,2019-04-23,2019-06-04,True,False,,cpe:2.3:a:google:chrome,google,chrome,google-chrome
app,chrome,Google Chrome,75,2019-06-04,2019-07-30,True,False,,cpe:2.3:a:google:chrome,google,chrome,google-chrome
app,chrome,Google Chrome,76,2019-07-30,2019-09-10,True,False,,cpe:2.3:a:google:chrome,google,chrome,google-chrome
app,chrome,Google Chrome,77,2019-09-10,2019-10-22,True,False,,cpe:2.3:a:google:chrome,google,chrome,google-chrome
app,chrome,Google Chrome,78,2019-10-22,2019-12-10,True,False,,cpe:2.3:a:google:chrome,google,chrome,google-chrome
app,chrome,Google Chrome,79,2019-12-10,2020-02-04,True,False,,cpe:2.3:a:google:chrome,google,chrome,google-chrome
app,chrome,Google Chrome,8,2010-11-30,2011-01-25,True,False,,cpe:2.3:a:google:chrome,google,chrome,google-chrome
app,chrome,Google Chrome,80,2020-02-04,2020-04-07,True,False,,cpe:2.3:a:google:chrome,google,chrome,google-chrome
app,chrome,Google Chrome,81,2020-04-07,2020-05-19,True,False,,cpe:2.3:a:google:chrome,google,chrome,google-chrome
app,chrome,Google Chrome,83,2020-05-19,2020-07-14,True,False,,cpe:2.3:a:google:chrome,google,chrome,google-chrome
app,chrome,Google Chrome,84,2020-07-14,2020-08-25,True,False,,cpe:2.3:a:google:chrome,google,chrome,google-chrome
app,chrome,Google Chrome,85,2020-08-25,2020-10-06,True,False,,cpe:2.3:a:google:chrome,google,chrome,google-chrome
app,chrome,Google Chrome,86,2020-10-06,2020-11-17,True,False,,cpe:2.3:a:google:chrome,google,chrome,google-chrome
app,chrome,Google Chrome,87,2020-11-17,2021-01-19,True,False,,cpe:2.3:a:google:chrome,google,chrome,google-chrome
app,chrome,Google Chrome,88,2021-01-19,2021-03-02,True,False,,cpe:2.3:a:google:chrome,google,chrome,google-chrome
app,chrome,Google Chrome,89,2021-03-02,2021-04-13,True,False,,cpe:2.3:a:google:chrome,google,chrome,google-chrome
app,chrome,Google Chrome,9,2011-01-25,2011-03-08,True,False,,cpe:2.3:a:google:chrome,google,chrome,google-chrome
app,chrome,Google Chrome,90,2021-04-13,2021-05-25,True,False,,cpe:2.3:a:google:chrome,google,chrome,google-chrome
app,chrome,Google Chrome,91,2021-05-25,2021-07-20,True,False,,cpe:2.3:a:google:chrome,google,chrome,google-chrome
app,chrome,Google Chrome,92,2021-07-20,2021-08-31,True,False,,cpe:2.3:a:google:chrome,google,chrome,google-chrome
app,chrome,Google Chrome,93,2021-08-31,2021-09-21,True,False,,cpe:2.3:a:google:chrome,google,chrome,google-chrome
app,chrome,Google Chrome,94,2021-09-21,2021-10-19,True,False,,cpe:2.3:a:google:chrome,google,chrome,google-chrome
app,chrome,Google Chrome,95,2021-10-19,2021-11-16,True,False,,cpe:2.3:a:google:chrome,google,chrome,google-chrome
app,chrome,Google Chrome,96,2021-11-16,2022-01-04,True,False,,cpe:2.3:a:google:chrome,google,chrome,google-chrome
app,chrome,Google Chrome,97,2022-01-04,2022-02-01,True,False,,cpe:2.3:a:google:chrome,google,chrome,google-chrome
app,chrome,Google Chrome,98,2022-02-01,2022-03-01,True,False,,cpe:2.3:a:google:chrome,google,chrome,google-chrome
app,chrome,Google Chrome,99,2022-03-01,2022-03-29,True,False,,cpe:2.3:a:google:chrome,google,chrome,google-chrome
app,gradle,Gradle,1,2012-06-12,2014-07-01,True,False,1.12.0,cpe:2.3:a:gradle:gradle,gradle,gradle,
app,gradle,Gradle,2,2014-07-01,2016-08-15,True,False,2.14.1,cpe:2.3:a:gradle:gradle,gradle,gradle,
app,gradle,Gradle,3,2016-08-15,2017-06-14,True,False,3.5.1,cpe:2.3:a:gradle:gradle,gradle,gradle,
app,gradle,Gradle,4,2017-06-14,2018-11-26,True,False,4.10.3,cpe:2.3:a:gradle:gradle,gradle,gradle,
app,gradle,Gradle,5,2018-11-23,2019-11-08,True,False,5.6.4,cpe:2.3:a:gradle:gradle,gradle,gradle,
app,gradle,Gradle,6,2019-11-08,2023-02-10,True,False,6.9.4,cpe:2.3:a:gradle:gradle,gradle,gradle,
app,gradle,Gradle,7,2021-04-09,2025-07-31,True,False,7.6.6,cpe:2.3:a:gradle:gradle,gradle,gradle,
app,gradle,Gradle,8,2023-02-10,,False,True,8.14.5,cpe:2.3:a:gradle:gradle,gradle,gradle,
app,gradle,Gradle,9,2025-07-31,,False,True,9.7.1,cpe:2.3:a:gradle:gradle,gradle,gradle,
app,grunt,Grunt,1.0,2016-04-04,2020-03-16,True,True,1.0.4,cpe:2.3:a:gruntjs:grunt,gruntjs,grunt,
app,grunt,Grunt,1.1,2020-03-16,2020-07-03,True,True,1.1.0,cpe:2.3:a:gruntjs:grunt,gruntjs,grunt,
app,grunt,Grunt,1.2,2020-07-03,2020-08-18,True,True,1.2.1,cpe:2.3:a:gruntjs:grunt,gruntjs,grunt,
app,grunt,Grunt,1.3,2020-08-18,2021-04-22,True,True,1.3.0,cpe:2.3:a:gruntjs:grunt,gruntjs,grunt,
app,grunt,Grunt,1.4,2021-04-22,2022-04-10,True,True,1.4.1,cpe:2.3:a:gruntjs:grunt,gruntjs,grunt,
app,grunt,Grunt,1.5,2022-04-10,2023-01-28,True,True,1.5.3,cpe:2.3:a:gruntjs:grunt,gruntjs,grunt,
app,grunt,Grunt,1.6,2023-01-28,,False,True,1.6.3,cpe:2.3:a:gruntjs:grunt,gruntjs,grunt,
app,zerto,HPE Zerto,10.0,2023-07-05,2024-07-05,True,False,,,,,hpe-zerto
app,zerto,HPE Zerto,10.0 Update 1,2023-08-07,2024-08-07,True,False,,,,,hpe-zerto
app,zerto,HPE Zerto,10.0 Update 2,2023-11-28,2024-12-31,True,False,,,,,hpe-zerto
app,zerto,HPE Zerto,10.0 Update 3,2024-02-12,2026-02-12,True,False,,,,,hpe-zerto
app,zerto,HPE Zerto,10.0 Update 4,2024-05-15,2026-05-15,True,False,,,,,hpe-zerto
app,zerto,HPE Zerto,10.0 Update 5,2024-08-06,2026-08-06,True,False,,,,,hpe-zerto
app,zerto,HPE Zerto,10.0 Update 6,2024-12-03,2027-12-03,False,True,,,,,hpe-zerto
app,zerto,HPE Zerto,10.0 Update 7,2025-05-06,2027-05-06,False,True,,,,,hpe-zerto
app,zerto,HPE Zerto,10.8,2025-10-28,2027-10-28,False,True,,,,,hpe-zerto
app,zerto,HPE Zerto,10.8.11,2026-03-03,2028-03-03,False,True,,,,,hpe-zerto
app,zerto,HPE Zerto,10.9,2026-05-13,2028-05-13,False,True,,,,,hpe-zerto
app,zerto,HPE Zerto,5.0,2016-11-08,2018-08-31,True,False,,,,,hpe-zerto
app,zerto,HPE Zerto,5.5,2017-07-31,2019-09-30,True,False,,,,,hpe-zerto
app,zerto,HPE Zerto,6.0,2018-02-15,2020-03-30,True,False,,,,,hpe-zerto
app,zerto,HPE Zerto,6.5,2018-09-16,2020-10-30,True,False,,,,,hpe-zerto
app,zerto,HPE Zerto,7.0,2019-04-26,2021-05-30,True,False,,,,,hpe-zerto
app,zerto,HPE Zerto,7.5,2019-09-22,2021-12-06,True,False,,,,,hpe-zerto
app,zerto,HPE Zerto,8.0,2020-03-22,2022-06-01,True,False,,,,,hpe-zerto
app,zerto,HPE Zerto,8.5,2020-11-01,2023-01-01,True,False,,,,,hpe-zerto
app,zerto,HPE Zerto,9.0,2021-07-13,2023-10-15,True,False,,,,,hpe-zerto
app,zerto,HPE Zerto,9.5,2022-04-05,2024-05-01,True,False,,,,,hpe-zerto
app,zerto,HPE Zerto,9.7,2022-11-08,2024-12-31,True,False,,,,,hpe-zerto
app,terraform,Hashicorp Terraform,1.0,2021-06-08,2022-05-18,True,False,1.0.11,cpe:2.3:a:hashicorp:terraform,hashicorp,terraform,
app,terraform,Hashicorp Terraform,1.1,2021-12-08,2022-09-21,True,False,1.1.9,cpe:2.3:a:hashicorp:terraform,hashicorp,terraform,
app,terraform,Hashicorp Terraform,1.10,2024-11-26,2025-05-14,True,False,1.10.5,cpe:2.3:a:hashicorp:terraform,hashicorp,terraform,
app,terraform,Hashicorp Terraform,1.11,2025-02-27,2025-08-20,True,False,1.11.4,cpe:2.3:a:hashicorp:terraform,hashicorp,terraform,
app,terraform,Hashicorp Terraform,1.12,2025-05-14,2025-11-19,True,False,1.12.2,cpe:2.3:a:hashicorp:terraform,hashicorp,terraform,
app,terraform,Hashicorp Terraform,1.13,2025-08-20,2026-04-29,True,False,1.13.5,cpe:2.3:a:hashicorp:terraform,hashicorp,terraform,
app,terraform,Hashicorp Terraform,1.14,2025-11-19,2026-08-26,True,False,1.14.9,cpe:2.3:a:hashicorp:terraform,hashicorp,terraform,
app,terraform,Hashicorp Terraform,1.15,2026-04-29,,False,True,1.15.9,cpe:2.3:a:hashicorp:terraform,hashicorp,terraform,
app,terraform,Hashicorp Terraform,1.16,2026-08-26,,False,True,1.16.1,cpe:2.3:a:hashicorp:terraform,hashicorp,terraform,
app,terraform,Hashicorp Terraform,1.2,2022-05-18,2023-03-08,True,False,1.2.9,cpe:2.3:a:hashicorp:terraform,hashicorp,terraform,
app,terraform,Hashicorp Terraform,1.3,2022-09-21,2023-06-12,True,False,1.3.10,cpe:2.3:a:hashicorp:terraform,hashicorp,terraform,
app,terraform,Hashicorp Terraform,1.4,2023-03-08,2023-10-04,True,False,1.4.7,cpe:2.3:a:hashicorp:terraform,hashicorp,terraform,
app,terraform,Hashicorp Terraform,1.5,2023-06-12,2024-01-17,True,False,1.5.7,cpe:2.3:a:hashicorp:terraform,hashicorp,terraform,
app,terraform,Hashicorp Terraform,1.6,2023-10-04,2024-04-10,True,False,1.6.6,cpe:2.3:a:hashicorp:terraform,hashicorp,terraform,
app,terraform,Hashicorp Terraform,1.7,2024-01-17,2024-06-26,True,False,1.7.5,cpe:2.3:a:hashicorp:terraform,hashicorp,terraform,
app,terraform,Hashicorp Terraform,1.8,2024-04-10,2024-11-26,True,False,1.8.5,cpe:2.3:a:hashicorp:terraform,hashicorp,terraform,
app,terraform,Hashicorp Terraform,1.9,2024-06-26,2025-02-27,True,False,1.9.8,cpe:2.3:a:hashicorp:terraform,hashicorp,terraform,
app,internet-explorer,Internet Explorer,10,2012-10-30,2020-01-31,True,False,,,,,ie;msie;iexplore
app,internet-explorer,Internet Explorer,11,2013-11-13,2022-06-14,True,False,,,,,ie;msie;iexplore
app,internet-explorer,Internet Explorer,11 Embedded,2013-11-13,2031-10-14,False,True,,,,,ie;msie;iexplore
app,internet-explorer,Internet Explorer,11 LTSB,2013-11-13,2031-10-14,False,True,,,,,ie;msie;iexplore
app,internet-explorer,Internet Explorer,11 LTSC,2013-11-13,2031-10-14,False,True,,,,,ie;msie;iexplore
app,internet-explorer,Internet Explorer,11 Server,2013-11-13,2031-10-14,False,True,,,,,ie;msie;iexplore
app,internet-explorer,Internet Explorer,7,2006-10-18,2023-10-10,True,False,,,,,ie;msie;iexplore
app,internet-explorer,Internet Explorer,8,2009-06-17,2016-01-12,True,False,,,,,ie;msie;iexplore
app,internet-explorer,Internet Explorer,9,2011-03-15,2016-01-12,True,False,,,,,ie;msie;iexplore
app,jhipster,JHipster,0,2013-10-21,2014-09-01,True,False,0.18.1,cpe:2.3:a:jhipster:jhipster,jhipster,jhipster,
app,jhipster,JHipster,1,2014-09-01,2015-01-09,True,False,1.10.2,cpe:2.3:a:jhipster:jhipster,jhipster,jhipster,
app,jhipster,JHipster,2,2015-01-12,2016-03-23,True,False,2.27.2,cpe:2.3:a:jhipster:jhipster,jhipster,jhipster,
app,jhipster,JHipster,3,2016-03-23,2017-02-02,True,False,3.12.2,cpe:2.3:a:jhipster:jhipster,jhipster,jhipster,
app,jhipster,JHipster,4,2017-02-02,2018-06-20,True,False,4.14.5,cpe:2.3:a:jhipster:jhipster,jhipster,jhipster,
app,jhipster,JHipster,5,2018-06-20,2019-05-02,True,False,5.8.2,cpe:2.3:a:jhipster:jhipster,jhipster,jhipster,
app,jhipster,JHipster,6,2019-05-02,2021-03-21,True,False,6.10.5,cpe:2.3:a:jhipster:jhipster,jhipster,jhipster,
app,jhipster,JHipster,7,2021-03-21,2023-11-02,True,False,7.9.4,cpe:2.3:a:jhipster:jhipster,jhipster,jhipster,
app,jhipster,JHipster,8,2023-11-02,2026-03-11,True,False,8.11.0,cpe:2.3:a:jhipster:jhipster,jhipster,jhipster,
app,jhipster,JHipster,9,2026-03-11,,False,True,9.3.0,cpe:2.3:a:jhipster:jhipster,jhipster,jhipster,
app,jreleaser,JReleaser,0,2021-04-10,2022-04-10,True,False,0.10.0,,,,
app,jreleaser,JReleaser,1,2022-04-10,,False,True,1.26.0,,,,
app,jaeger,Jaeger,1,2017-12-06,2025-12-31,True,False,1.76.0,cpe:2.3:a:linuxfoundation:jaeger,linuxfoundation,jaeger,
app,jaeger,Jaeger,2,2024-11-04,,False,True,2.20.0,cpe:2.3:a:linuxfoundation:jaeger,linuxfoundation,jaeger,
app,jekyll,Jekyll,0,2008-10-19,2014-05-07,True,False,0.9.0,cpe:2.3:a:jekyllrb:jekyll,jekyllrb,jekyll,
app,jekyll,Jekyll,1,2013-05-06,2014-05-07,True,False,1.5.1,cpe:2.3:a:jekyllrb:jekyll,jekyllrb,jekyll,
app,jekyll,Jekyll,2,2014-05-06,2015-10-27,True,False,2.5.3,cpe:2.3:a:jekyllrb:jekyll,jekyllrb,jekyll,
app,jekyll,Jekyll,3,2015-10-26,,False,True,3.10.0,cpe:2.3:a:jekyllrb:jekyll,jekyllrb,jekyll,
app,jekyll,Jekyll,4,2019-08-20,,False,True,4.4.1,cpe:2.3:a:jekyllrb:jekyll,jekyllrb,jekyll,
app,libreoffice,LibreOffice,24.2,2024-01-08,2024-11-30,True,False,24.2.7.2,cpe:2.3:a:libreoffice:libreoffice,libreoffice,libreoffice,
app,libreoffice,LibreOffice,24.8,2024-07-09,2025-06-12,True,False,24.8.7.2,cpe:2.3:a:libreoffice:libreoffice,libreoffice,libreoffice,
app,libreoffice,LibreOffice,25.2,2024-12-22,2025-11-30,True,False,25.2.7.2,cpe:2.3:a:libreoffice:libreoffice,libreoffice,libreoffice,
app,libreoffice,LibreOffice,25.8,2025-07-09,2026-06-12,True,False,25.8.7,cpe:2.3:a:libreoffice:libreoffice,libreoffice,libreoffice,
app,libreoffice,LibreOffice,26.2,2026-02-04,2026-11-30,False,True,26.2.5,cpe:2.3:a:libreoffice:libreoffice,libreoffice,libreoffice,
app,libreoffice,LibreOffice,26.8,2026-08-26,2027-06-13,False,True,26.8.0,cpe:2.3:a:libreoffice:libreoffice,libreoffice,libreoffice,
app,libreoffice,LibreOffice,7.3,2021-12-23,2022-11-30,True,False,7.3.7.2,cpe:2.3:a:libreoffice:libreoffice,libreoffice,libreoffice,
app,libreoffice,LibreOffice,7.4,2022-07-10,2023-06-12,True,False,7.4.7.2,cpe:2.3:a:libreoffice:libreoffice,libreoffice,libreoffice,
app,libreoffice,LibreOffice,7.5,2022-12-26,2023-12-07,True,False,7.5.9.2,cpe:2.3:a:libreoffice:libreoffice,libreoffice,libreoffice,
app,libreoffice,LibreOffice,7.6,2023-07-10,2024-06-12,True,False,7.6.7.2,cpe:2.3:a:libreoffice:libreoffice,libreoffice,libreoffice,
app,office,Microsoft Office,2007 SP3,2007-01-27,2017-10-10,True,False,,cpe:2.3:a:microsoft:office,microsoft,office,msoffice
app,office,Microsoft Office,2008 for Mac SP2,2008-01-15,2013-04-09,True,False,,cpe:2.3:a:microsoft:office,microsoft,office,msoffice
app,office,Microsoft Office,2010 SP2,2010-07-15,2020-10-13,True,False,,cpe:2.3:a:microsoft:office,microsoft,office,msoffice
app,office,Microsoft Office,2011 for Mac SP3,2010-12-09,2017-10-10,True,False,,cpe:2.3:a:microsoft:office,microsoft,office,msoffice
app,office,Microsoft Office,2013 SP1,2013-01-09,2023-04-11,True,False,,cpe:2.3:a:microsoft:office,microsoft,office,msoffice
app,office,Microsoft Office,2016,2015-09-22,2025-10-14,True,False,,cpe:2.3:a:microsoft:office,microsoft,office,msoffice
app,office,Microsoft Office,2019,2018-09-24,2025-10-14,True,False,,cpe:2.3:a:microsoft:office,microsoft,office,msoffice
app,office,Microsoft Office,2021,2021-10-05,2026-10-13,False,True,,cpe:2.3:a:microsoft:office,microsoft,office,msoffice
app,office,Microsoft Office,2024,2024-10-01,2029-10-09,False,True,,cpe:2.3:a:microsoft:office,microsoft,office,msoffice
app,office,Microsoft Office,2024 LTSC (LTS),2024-09-18,2029-10-09,False,True,,cpe:2.3:a:microsoft:office,microsoft,office,msoffice
app,visual-studio,Microsoft Visual Studio,2010 - 10.0,2010-06-29,2020-07-14,True,False,Service Pack 1,,,,visualstudio
app,visual-studio,Microsoft Visual Studio,2012 - 11.0,2012-10-31,2023-01-10,True,False,Update 4,,,,visualstudio
app,visual-studio,Microsoft Visual Studio,2013 - 12.0,2014-01-15,2024-04-09,True,False,Update 5,,,,visualstudio
app,visual-studio,Microsoft Visual Studio,2015 - 14.0,2015-07-20,2025-10-14,True,False,Update 3 + KB3165756,,,,visualstudio
app,visual-studio,Microsoft Visual Studio,2017 - 15.0,2017-03-07,2020-01-14,True,False,15.0.28,,,,visualstudio
app,visual-studio,Microsoft Visual Studio,2017 - 15.1,2017-04-05,2017-05-10,True,False,15.1.2,,,,visualstudio
app,visual-studio,Microsoft Visual Studio,2017 - 15.2,2017-05-10,2017-08-14,True,False,15.2.6,,,,visualstudio
app,visual-studio,Microsoft Visual Studio,2017 - 15.3,2017-08-14,2017-10-09,True,False,15.3.5,,,,visualstudio
app,visual-studio,Microsoft Visual Studio,2017 - 15.4,2017-10-09,2017-12-04,True,False,15.4.5,,,,visualstudio
app,visual-studio,Microsoft Visual Studio,2017 - 15.5,2017-12-04,2018-03-05,True,False,15.5.7,,,,visualstudio
app,visual-studio,Microsoft Visual Studio,2017 - 15.6,2018-03-05,2018-05-07,True,False,15.6.7,,,,visualstudio
app,visual-studio,Microsoft Visual Studio,2017 - 15.7,2018-05-07,2018-08-14,True,False,15.7.6,,,,visualstudio
app,visual-studio,Microsoft Visual Studio,2017 - 15.8,2018-08-14,2018-11-13,True,False,15.8.9,,,,visualstudio
app,visual-studio,Microsoft Visual Studio,2017 - 15.9,2018-11-13,2027-04-13,False,True,15.9.82,,,,visualstudio
app,visual-studio,Microsoft Visual Studio,2019 - 16.0,2019-04-02,2021-01-12,True,False,16.0.22,,,,visualstudio
app,visual-studio,Microsoft Visual Studio,2019 - 16.1,2019-05-21,2019-07-24,True,False,16.1.6,,,,visualstudio
app,visual-studio,Microsoft Visual Studio,2019 - 16.10,2021-05-25,2021-08-10,True,False,16.10.4,,,,visualstudio
app,visual-studio,Microsoft Visual Studio,2019 - 16.11,2021-08-10,2029-04-10,False,True,16.11.59,,,,visualstudio
app,visual-studio,Microsoft Visual Studio,2019 - 16.2,2019-07-24,2019-09-23,True,False,16.2.5,,,,visualstudio
app,visual-studio,Microsoft Visual Studio,2019 - 16.3,2019-09-23,2019-12-03,True,False,16.3.10,,,,visualstudio
app,visual-studio,Microsoft Visual Studio,2019 - 16.4,2019-12-03,2021-10-12,True,False,16.4.27,,,,visualstudio
app,visual-studio,Microsoft Visual Studio,2019 - 16.5,2020-03-16,2020-05-19,True,False,16.5.5,,,,visualstudio
app,visual-studio,Microsoft Visual Studio,2019 - 16.6,2020-05-19,2020-08-05,True,False,16.6.5,,,,visualstudio
app,visual-studio,Microsoft Visual Studio,2019 - 16.7,2020-08-05,2022-04-12,True,False,16.7.28,,,,visualstudio
app,visual-studio,Microsoft Visual Studio,2019 - 16.8,2020-11-10,2021-03-09,True,False,16.8.7,,,,visualstudio
app,visual-studio,Microsoft Visual Studio,2019 - 16.9,2021-03-02,2022-10-11,True,False,16.9.26,,,,visualstudio
app,visual-studio,Microsoft Visual Studio,2022 - 17.0 (LTSC),2021-11-08,2023-07-11,True,False,17.0.23,,,,visualstudio
app,visual-studio,Microsoft Visual Studio,2022 - 17.1,2022-02-15,2022-05-10,True,False,17.1.7,,,,visualstudio
app,visual-studio,Microsoft Visual Studio,2022 - 17.10 (LTSC),2024-05-21,2026-01-13,True,False,17.10.21,,,,visualstudio
app,visual-studio,Microsoft Visual Studio,2022 - 17.11,2024-08-13,2024-11-12,True,False,17.11.6,,,,visualstudio
app,visual-studio,Microsoft Visual Studio,2022 - 17.12 (LTSC),2024-11-12,2026-07-14,True,False,17.12.22,,,,visualstudio
app,visual-studio,Microsoft Visual Studio,2022 - 17.13,2025-02-11,2025-05-13,True,False,17.13.7,,,,visualstudio
app,visual-studio,Microsoft Visual Studio,2022 - 17.14 (LTSC),2025-05-13,2032-01-13,False,True,17.14.38,,,,visualstudio
app,visual-studio,Microsoft Visual Studio,2022 - 17.2 (LTSC),2022-05-10,2024-01-09,True,False,17.2.23,,,,visualstudio
app,visual-studio,Microsoft Visual Studio,2022 - 17.3,2022-08-09,2022-11-08,True,False,17.3.7,,,,visualstudio
app,visual-studio,Microsoft Visual Studio,2022 - 17.4 (LTSC),2022-11-08,2024-07-09,True,False,17.4.21,,,,visualstudio
app,visual-studio,Microsoft Visual Studio,2022 - 17.5,2023-02-21,2023-05-16,True,False,17.5.5,,,,visualstudio
app,visual-studio,Microsoft Visual Studio,2022 - 17.6 (LTSC),2023-05-16,2025-01-14,True,False,17.6.22,,,,visualstudio
app,visual-studio,Microsoft Visual Studio,2022 - 17.7,2023-08-08,2023-11-14,True,False,17.7.7,,,,visualstudio
app,visual-studio,Microsoft Visual Studio,2022 - 17.8 (LTSC),2023-11-14,2025-07-08,True,False,17.8.23,,,,visualstudio
app,visual-studio,Microsoft Visual Studio,2022 - 17.9,2024-02-13,2024-05-21,True,False,17.9.7,,,,visualstudio
app,visual-studio,Microsoft Visual Studio,2026 - 18.0,2025-11-11,2025-12-09,True,False,18.0.2,,,,visualstudio
app,visual-studio,Microsoft Visual Studio,2026 - 18.1,2025-12-09,2026-01-13,True,False,18.1.1,,,,visualstudio
app,visual-studio,Microsoft Visual Studio,2026 - 18.2,2026-01-13,2026-02-10,True,False,18.2.2,,,,visualstudio
app,visual-studio,Microsoft Visual Studio,2026 - 18.3,2026-02-10,2026-03-10,True,False,18.3.3,,,,visualstudio
app,visual-studio,Microsoft Visual Studio,2026 - 18.4,2026-03-10,2026-04-14,True,False,18.4.4,,,,visualstudio
app,visual-studio,Microsoft Visual Studio,2026 - 18.5,2026-04-14,2026-05-12,True,False,18.5.3,,,,visualstudio
app,visual-studio,Microsoft Visual Studio,2026 - 18.6,2026-05-12,2026-06-09,True,False,18.6.3,,,,visualstudio
app,visual-studio,Microsoft Visual Studio,2026 - 18.7,2026-06-09,2026-07-14,True,False,18.7.4,,,,visualstudio
app,visual-studio,Microsoft Visual Studio,2026 - 18.8,2026-07-14,2026-08-11,True,False,18.8.3,,,,visualstudio
app,visual-studio,Microsoft Visual Studio,2026 - 18.9,2026-08-11,,False,True,18.9.2,,,,visualstudio
app,nvidia,NVIDIA Driver,R390-Linux (LTSB),2018-01-04,2022-11-22,True,False,390.157,,,,nvidia-driver
app,nvidia,NVIDIA Driver,R390-Windows (LTSB),2018-01-08,2021-10-26,True,False,392.68,,,,nvidia-driver
app,nvidia,NVIDIA Driver,R418-Linux (LTSB),2019-01-30,2022-03-01,True,False,418.197.02,,,,nvidia-driver
app,nvidia,NVIDIA Driver,R418-Windows (LTSB),2019-02-04,2022-03-01,True,False,427.45,,,,nvidia-driver
app,nvidia,NVIDIA Driver,R450-Linux (LTSB),2020-06-24,2023-07-01,True,False,450.248.02,,,,nvidia-driver
app,nvidia,NVIDIA Driver,R450-Windows (LTSB),2020-06-24,2023-07-01,True,False,454.23,,,,nvidia-driver
app,nvidia,NVIDIA Driver,R460-Linux (PB),2021-01-07,2022-01-01,True,False,460.106.00,,,,nvidia-driver
app,nvidia,NVIDIA Driver,R460-Windows (PB),2020-12-15,2022-01-01,True,False,463.15,,,,nvidia-driver
app,nvidia,NVIDIA Driver,R465-Linux (NFB),2021-04-19,2022-04-19,True,False,465.24.02,,,,nvidia-driver
app,nvidia,NVIDIA Driver,R470-Linux (LTSB),2021-07-19,2024-07-20,True,False,470.256.02,,,,nvidia-driver
app,nvidia,NVIDIA Driver,R470-Windows (LTSB),2021-06-22,2024-07-09,True,False,475.14,,,,nvidia-driver
app,nvidia,NVIDIA Driver,R495-Linux (NFB),2021-10-26,2022-10-12,True,False,495.46,,,,nvidia-driver
app,nvidia,NVIDIA Driver,R495-Windows (NFB),2021-10-12,2022-01-14,True,False,497.29,,,,nvidia-driver
app,nvidia,NVIDIA Driver,R510-Linux (PB),2022-01-14,2023-01-01,True,False,510.108.03,,,,nvidia-driver
app,nvidia,NVIDIA Driver,R510-Windows (PB),2022-01-14,2023-01-01,True,False,514.08,,,,nvidia-driver
app,nvidia,NVIDIA Driver,R515-Linux (PB),2022-05-11,2023-05-01,True,False,515.105.01,,,,nvidia-driver
app,nvidia,NVIDIA Driver,R515-Windows (PB),2022-05-11,2023-05-01,True,False,518.03,,,,nvidia-driver
app,nvidia,NVIDIA Driver,R520-Linux (NFB),2022-10-12,2023-10-01,True,False,520.56.06,,,,nvidia-driver
app,nvidia,NVIDIA Driver,R525-Linux (PB),2022-11-10,2023-12-01,True,False,525.147.05,,,,nvidia-driver
app,nvidia,NVIDIA Driver,R525-Windows (PB),2022-11-10,2023-12-01,True,False,529.19,,,,nvidia-driver
app,nvidia,NVIDIA Driver,R530-Linux (NFB),2023-03-23,2023-06-24,True,False,530.41.03,,,,nvidia-driver
app,nvidia,NVIDIA Driver,R530-Windows (NFB),2023-02-28,2023-06-24,True,False,531.79,,,,nvidia-driver
app,nvidia,NVIDIA Driver,R535-Linux (LTSB),2023-06-14,2026-06-01,True,False,535.309.01,,,,nvidia-driver
app,nvidia,NVIDIA Driver,R535-Windows (LTSB),2023-05-30,2026-06-01,True,False,539.72,,,,nvidia-driver
app,nvidia,NVIDIA Driver,R545-Linux (NFB),2023-10-31,2024-10-01,True,False,545.29.06,,,,nvidia-driver
app,nvidia,NVIDIA Driver,R545-Windows (NFB),2023-10-17,2024-10-01,True,False,546.01,,,,nvidia-driver
app,nvidia,NVIDIA Driver,R550-Linux (PB),2024-02-23,2025-04-17,True,False,550.163.01,,,,nvidia-driver
app,nvidia,NVIDIA Driver,R550-Windows (PB),2024-02-22,2025-04-17,True,False,553.74,,,,nvidia-driver
app,nvidia,NVIDIA Driver,R555-Linux (NFB),2024-06-04,2025-06-01,True,False,555.58.02,,,,nvidia-driver
app,nvidia,NVIDIA Driver,R555-Windows (NFB),2024-06-04,2025-06-01,True,False,555.99,,,,nvidia-driver
app,nvidia,NVIDIA Driver,R560-Linux (PB),2024-08-22,2025-08-22,True,False,560.35.03,,,,nvidia-driver
app,nvidia,NVIDIA Driver,R560-Windows (PB),2024-07-30,2025-07-30,True,False,560.94,,,,nvidia-driver
app,nvidia,NVIDIA Driver,R565-Linux (PB),2024-10-29,2025-10-01,True,False,565.57.01,,,,nvidia-driver
app,nvidia,NVIDIA Driver,R565-Windows (PB),2024-10-22,2025-10-01,True,False,566.03,,,,nvidia-driver
app,nvidia,NVIDIA Driver,R570-Linux (PB),2025-01-27,2026-01-27,True,False,570.211.01,,,,nvidia-driver
app,nvidia,NVIDIA Driver,R570-Windows (PB),2025-01-27,2026-01-27,True,False,573.76,,,,nvidia-driver
app,nvidia,NVIDIA Driver,R575-Linux (NFB),2025-06-03,2026-06-03,True,False,575.57.08,,,,nvidia-driver
app,nvidia,NVIDIA Driver,R575-Windows (NFB),2025-06-03,2026-06-03,True,False,576.57,,,,nvidia-driver
app,nvidia,NVIDIA Driver,R580-Linux (LTSB),2025-08-04,2028-08-04,False,True,580.178.04,,,,nvidia-driver
app,nvidia,NVIDIA Driver,R580-Windows (LTSB),2025-06-03,2028-08-04,False,True,582.78,,,,nvidia-driver
app,nvidia,NVIDIA Driver,R590-Linux (NFB),2025-12-22,2026-12-22,False,True,590.48.01,,,,nvidia-driver
app,nvidia,NVIDIA Driver,R590-Windows (NFB),2025-12-22,2026-12-22,False,True,591.59,,,,nvidia-driver
app,nvidia,NVIDIA Driver,R595-Linux (PB),2026-03-24,2027-03-24,False,True,595.91.07,,,,nvidia-driver
app,nvidia,NVIDIA Driver,R595-Windows (PB),2026-03-24,2027-03-24,False,True,596.86,,,,nvidia-driver
app,nvidia,NVIDIA Driver,R610-Linux (NFB),2026-08-03,2027-08-03,False,True,610.57.04,,,,nvidia-driver
app,nvidia,NVIDIA Driver,R610-Windows (NFB),2026-08-03,2027-08-03,False,True,610.88,,,,nvidia-driver
app,notepad-plus-plus,Notepad++,7.9,2020-09-28,2021-06-17,True,False,7.9.5,,,,
app,notepad-plus-plus,Notepad++,8.1,2021-06-17,2022-01-01,True,False,8.1.9.3,,,,
app,notepad-plus-plus,Notepad++,8.2,2022-01-01,2022-02-03,True,False,8.2.1,,,,
app,notepad-plus-plus,Notepad++,8.3,2022-02-03,2022-04-26,True,False,8.3.3,,,,
app,notepad-plus-plus,Notepad++,8.4,2022-04-26,2023-03-06,True,False,8.4.9,,,,
app,notepad-plus-plus,Notepad++,8.5,2023-03-06,2023-11-23,True,False,8.5.8,,,,
app,notepad-plus-plus,Notepad++,8.6,2023-11-23,2024-09-17,True,False,8.6.9,,,,
app,notepad-plus-plus,Notepad++,8.7,2024-09-17,2025-04-28,True,False,8.7.9,,,,
app,notepad-plus-plus,Notepad++,8.8,2025-04-28,2025-12-27,True,False,8.8.9,,,,
app,notepad-plus-plus,Notepad++,8.9,2025-12-27,,False,True,8.9.8,,,,
app,horizon,Omnissa Horizon,7.10 (ESB),2019-09-17,2022-03-17,True,False,7.10.3,,,,vmwarehorizon;vmware-horizon;omnissahorizon;omnissa-horizon
app,horizon,Omnissa Horizon,7.5 (ESB),2018-05-29,2020-11-30,True,False,7.5.4,,,,vmwarehorizon;vmware-horizon;omnissahorizon;omnissa-horizon
app,horizon,Omnissa Horizon,7.X NonLTS branch,2016-03-22,2023-04-30,True,False,7.13.3,,,,vmwarehorizon;vmware-horizon;omnissahorizon;omnissa-horizon
app,horizon,Omnissa Horizon,8.2006,2020-08-11,2025-08-11,True,False,8.2006,,,,vmwarehorizon;vmware-horizon;omnissahorizon;omnissa-horizon
app,horizon,Omnissa Horizon,8.2012,2021-01-07,2024-01-07,True,False,8.2012,,,,vmwarehorizon;vmware-horizon;omnissahorizon;omnissa-horizon
app,horizon,Omnissa Horizon,8.2103,2021-03-23,2024-03-23,True,False,8.2103,,,,vmwarehorizon;vmware-horizon;omnissahorizon;omnissa-horizon
app,horizon,Omnissa Horizon,8.2106,2021-07-15,2024-07-15,True,False,8.2106,,,,vmwarehorizon;vmware-horizon;omnissahorizon;omnissa-horizon
app,horizon,Omnissa Horizon,8.2111 (ESB),2021-11-30,2024-11-30,True,False,8.2111.3,,,,vmwarehorizon;vmware-horizon;omnissahorizon;omnissa-horizon
app,horizon,Omnissa Horizon,8.2203,2022-04-05,2025-04-05,True,False,8.2203,,,,vmwarehorizon;vmware-horizon;omnissahorizon;omnissa-horizon
app,horizon,Omnissa Horizon,8.2206,2022-07-19,2025-07-19,True,False,8.2206,,,,vmwarehorizon;vmware-horizon;omnissahorizon;omnissa-horizon
app,horizon,Omnissa Horizon,8.2209,2022-10-20,2025-10-20,True,False,8.2209,,,,vmwarehorizon;vmware-horizon;omnissahorizon;omnissa-horizon
app,horizon,Omnissa Horizon,8.2212 (ESB),2023-01-12,2026-07-12,True,False,8.2212.2,,,,vmwarehorizon;vmware-horizon;omnissahorizon;omnissa-horizon
app,horizon,Omnissa Horizon,8.2303,2023-03-30,2026-03-30,True,False,8.2303,,,,vmwarehorizon;vmware-horizon;omnissahorizon;omnissa-horizon
app,horizon,Omnissa Horizon,8.2306,2023-07-06,2026-07-06,True,False,8.2306,,,,vmwarehorizon;vmware-horizon;omnissahorizon;omnissa-horizon
app,horizon,Omnissa Horizon,8.2309,2023-10-26,2026-10-26,False,True,8.2309,,,,vmwarehorizon;vmware-horizon;omnissahorizon;omnissa-horizon
app,horizon,Omnissa Horizon,8.2312 (ESB),2024-01-23,2027-01-23,False,True,8.2312.2,,,,vmwarehorizon;vmware-horizon;omnissahorizon;omnissa-horizon
app,horizon,Omnissa Horizon,8.2406,2024-07-25,2027-07-25,False,True,8.2406,,,,vmwarehorizon;vmware-horizon;omnissahorizon;omnissa-horizon
app,horizon,Omnissa Horizon,8.2412,2025-01-28,2028-01-28,False,True,8.2412,,,,vmwarehorizon;vmware-horizon;omnissahorizon;omnissa-horizon
app,horizon,Omnissa Horizon,8.2503 (ESB),2025-04-15,2028-04-15,False,True,8.2503.2,,,,vmwarehorizon;vmware-horizon;omnissahorizon;omnissa-horizon
app,horizon,Omnissa Horizon,8.2506,2025-07-31,2028-07-31,False,True,8.2506.1,,,,vmwarehorizon;vmware-horizon;omnissahorizon;omnissa-horizon
app,horizon,Omnissa Horizon,8.2512,2025-12-16,2028-12-16,False,True,8.2512.1,,,,vmwarehorizon;vmware-horizon;omnissahorizon;omnissa-horizon
app,horizon,Omnissa Horizon,8.2603 (ESB),2026-04-14,2029-04-14,False,True,8.2603,,,,vmwarehorizon;vmware-horizon;omnissahorizon;omnissa-horizon
app,horizon,Omnissa Horizon,8.2606,2026-08-24,2029-08-24,False,True,8.2606,,,,vmwarehorizon;vmware-horizon;omnissahorizon;omnissa-horizon
app,opentofu,OpenTofu,1.10,2025-06-24,,False,True,1.10.10,,,,tofu;open-tofu
app,opentofu,OpenTofu,1.11,2025-12-09,2026-08-19,True,False,1.11.14,,,,tofu;open-tofu
app,opentofu,OpenTofu,1.12,2026-05-14,2027-02-01,False,True,1.12.6,,,,tofu;open-tofu
app,opentofu,OpenTofu,1.6,2024-01-09,2025-01-09,True,False,1.6.3,,,,tofu;open-tofu
app,opentofu,OpenTofu,1.7,2024-04-30,2025-06-24,True,False,1.7.10,,,,tofu;open-tofu
app,opentofu,OpenTofu,1.8,2024-07-29,2025-12-09,True,False,1.8.11,,,,tofu;open-tofu
app,opentofu,OpenTofu,1.9,2025-01-09,2026-05-14,True,False,1.9.4,,,,tofu;open-tofu
app,openvpn,OpenVPN,2.1,2009-12-11,2011-11-30,True,False,2.1.4,,,,
app,openvpn,OpenVPN,2.2,2011-04-21,2015-11-30,True,False,2.2.3,,,,
app,openvpn,OpenVPN,2.3,2013-01-02,2021-06-30,True,False,2.3.18,,,,
app,openvpn,OpenVPN,2.4,2016-12-16,2023-03-31,True,False,2.4.12,,,,
app,openvpn,OpenVPN,2.5,2020-10-27,2025-07-31,True,False,2.5.11,,,,
app,openvpn,OpenVPN,2.6,2023-01-25,2028-08-31,False,True,2.6.22,,,,
app,openvpn,OpenVPN,2.7,2026-02-11,,False,True,2.7.7,,,,
app,openzfs,OpenZFS,0.8,2019-05-21,2020-12-14,True,False,0.8.6,cpe:2.3:a:openzfs:openzfs,openzfs,openzfs,zfs
app,openzfs,OpenZFS,2.0,2020-11-30,2021-12-23,True,False,2.0.7,cpe:2.3:a:openzfs:openzfs,openzfs,openzfs,zfs
app,openzfs,OpenZFS,2.1,2021-04-19,2025-01-13,True,False,2.1.16,cpe:2.3:a:openzfs:openzfs,openzfs,openzfs,zfs
app,openzfs,OpenZFS,2.2,2023-07-27,2025-12-18,True,False,2.2.11,cpe:2.3:a:openzfs:openzfs,openzfs,openzfs,zfs
app,openzfs,OpenZFS,2.3,2024-10-17,,False,True,2.3.9,cpe:2.3:a:openzfs:openzfs,openzfs,openzfs,zfs
app,openzfs,OpenZFS,2.4,2025-12-18,,False,True,2.4.4,cpe:2.3:a:openzfs:openzfs,openzfs,openzfs,zfs
app,cortex-xdr,Palo Alto Networks Cortex XDR agent,3.1,2014-09-03,2015-09-03,True,False,,,,,pan-xdr;cortexxdr;xdr;pan-cortex-xdr
app,cortex-xdr,Palo Alto Networks Cortex XDR agent,3.2,2015-03-31,2016-03-31,True,False,,,,,pan-xdr;cortexxdr;xdr;pan-cortex-xdr
app,cortex-xdr,Palo Alto Networks Cortex XDR agent,3.3,2015-11-10,2017-02-28,True,False,,,,,pan-xdr;cortexxdr;xdr;pan-cortex-xdr
app,cortex-xdr,Palo Alto Networks Cortex XDR agent,3.4,2016-08-21,2019-08-21,True,False,,,,,pan-xdr;cortexxdr;xdr;pan-cortex-xdr
app,cortex-xdr,Palo Alto Networks Cortex XDR agent,4.0,2017-04-05,2018-04-05,True,False,,,,,pan-xdr;cortexxdr;xdr;pan-cortex-xdr
app,cortex-xdr,Palo Alto Networks Cortex XDR agent,4.1,2017-09-15,2019-09-15,True,False,,,,,pan-xdr;cortexxdr;xdr;pan-cortex-xdr
app,cortex-xdr,Palo Alto Networks Cortex XDR agent,4.2,2018-06-25,2022-03-01,True,False,,,,,pan-xdr;cortexxdr;xdr;pan-cortex-xdr
app,cortex-xdr,Palo Alto Networks Cortex XDR agent,5.0,2018-03-19,2024-06-01,True,False,,,,,pan-xdr;cortexxdr;xdr;pan-cortex-xdr
app,cortex-xdr,Palo Alto Networks Cortex XDR agent,6.0,2019-02-26,2020-02-26,True,False,,,,,pan-xdr;cortexxdr;xdr;pan-cortex-xdr
app,cortex-xdr,Palo Alto Networks Cortex XDR agent,6.1,2019-07-02,2022-07-01,True,False,,,,,pan-xdr;cortexxdr;xdr;pan-cortex-xdr
app,cortex-xdr,Palo Alto Networks Cortex XDR agent,7.0,2019-12-04,2021-06-04,True,False,,,,,pan-xdr;cortexxdr;xdr;pan-cortex-xdr
app,cortex-xdr,Palo Alto Networks Cortex XDR agent,7.1,2020-04-22,2021-06-04,True,False,,,,,pan-xdr;cortexxdr;xdr;pan-cortex-xdr
app,cortex-xdr,Palo Alto Networks Cortex XDR agent,7.2,2020-09-07,2022-03-07,True,False,,,,,pan-xdr;cortexxdr;xdr;pan-cortex-xdr
app,cortex-xdr,Palo Alto Networks Cortex XDR agent,7.3,2021-02-01,2022-02-01,True,False,,,,,pan-xdr;cortexxdr;xdr;pan-cortex-xdr
app,cortex-xdr,Palo Alto Networks Cortex XDR agent,7.4,2021-05-24,2022-05-24,True,False,,,,,pan-xdr;cortexxdr;xdr;pan-cortex-xdr
app,cortex-xdr,Palo Alto Networks Cortex XDR agent,7.5,2021-08-22,2022-08-22,True,False,,,,,pan-xdr;cortexxdr;xdr;pan-cortex-xdr
app,cortex-xdr,Palo Alto Networks Cortex XDR agent,7.5-ce (CE),2022-03-06,2024-03-06,True,False,,,,,pan-xdr;cortexxdr;xdr;pan-cortex-xdr
app,cortex-xdr,Palo Alto Networks Cortex XDR agent,7.6,2021-12-05,2022-09-05,True,False,,,,,pan-xdr;cortexxdr;xdr;pan-cortex-xdr
app,cortex-xdr,Palo Alto Networks Cortex XDR agent,7.7,2022-03-27,2022-12-27,True,False,,,,,pan-xdr;cortexxdr;xdr;pan-cortex-xdr
app,cortex-xdr,Palo Alto Networks Cortex XDR agent,7.8,2022-07-24,2023-04-24,True,False,,,,,pan-xdr;cortexxdr;xdr;pan-cortex-xdr
app,cortex-xdr,Palo Alto Networks Cortex XDR agent,7.9,2022-12-04,2023-09-11,True,False,,,,,pan-xdr;cortexxdr;xdr;pan-cortex-xdr
app,cortex-xdr,Palo Alto Networks Cortex XDR agent,7.9-ce (CE),2023-03-19,2025-03-19,True,False,,,,,pan-xdr;cortexxdr;xdr;pan-cortex-xdr
app,cortex-xdr,Palo Alto Networks Cortex XDR agent,7.9.103-ce,2024-11-11,2026-12-31,False,True,,,,,pan-xdr;cortexxdr;xdr;pan-cortex-xdr
app,cortex-xdr,Palo Alto Networks Cortex XDR agent,8.0,2023-03-05,2023-12-19,True,False,,,,,pan-xdr;cortexxdr;xdr;pan-cortex-xdr
app,cortex-xdr,Palo Alto Networks Cortex XDR agent,8.1,2023-06-25,2024-04-09,True,False,,,,,pan-xdr;cortexxdr;xdr;pan-cortex-xdr
app,cortex-xdr,Palo Alto Networks Cortex XDR agent,8.2,2023-10-29,2024-08-12,True,False,,,,,pan-xdr;cortexxdr;xdr;pan-cortex-xdr
app,cortex-xdr,Palo Alto Networks Cortex XDR agent,8.3,2024-02-11,2024-11-25,True,False,,,,,pan-xdr;cortexxdr;xdr;pan-cortex-xdr
app,cortex-xdr,Palo Alto Networks Cortex XDR agent,8.3-ce,2024-05-21,2026-05-21,True,False,,,,,pan-xdr;cortexxdr;xdr;pan-cortex-xdr
app,cortex-xdr,Palo Alto Networks Cortex XDR agent,8.4,2024-04-14,2025-02-05,True,False,,,,,pan-xdr;cortexxdr;xdr;pan-cortex-xdr
app,cortex-xdr,Palo Alto Networks Cortex XDR agent,8.5,2024-06-30,2025-04-21,True,False,,,,,pan-xdr;cortexxdr;xdr;pan-cortex-xdr
app,cortex-xdr,Palo Alto Networks Cortex XDR agent,8.6,2024-09-30,2025-07-13,True,False,,,,,pan-xdr;cortexxdr;xdr;pan-cortex-xdr
app,cortex-xdr,Palo Alto Networks Cortex XDR agent,8.7,2025-02-02,2025-11-23,True,False,,,,,pan-xdr;cortexxdr;xdr;pan-cortex-xdr
app,cortex-xdr,Palo Alto Networks Cortex XDR agent,8.8,2025-04-28,2026-02-18,True,False,,,,,pan-xdr;cortexxdr;xdr;pan-cortex-xdr
app,cortex-xdr,Palo Alto Networks Cortex XDR agent,8.9,2025-07-21,2026-05-10,True,False,,,,,pan-xdr;cortexxdr;xdr;pan-cortex-xdr
app,cortex-xdr,Palo Alto Networks Cortex XDR agent,9.0,2025-11-09,2026-08-23,True,False,,,,,pan-xdr;cortexxdr;xdr;pan-cortex-xdr
app,cortex-xdr,Palo Alto Networks Cortex XDR agent,9.1,2026-01-25,2026-11-22,False,True,,,,,pan-xdr;cortexxdr;xdr;pan-cortex-xdr
app,cortex-xdr,Palo Alto Networks Cortex XDR agent,9.2,2026-05-03,2027-02-28,False,True,,,,,pan-xdr;cortexxdr;xdr;pan-cortex-xdr
app,cortex-xdr,Palo Alto Networks Cortex XDR agent,9.3,2026-07-26,2027-05-16,False,True,,,,,pan-xdr;cortexxdr;xdr;pan-cortex-xdr
app,pangp,Palo Alto Networks GlobalProtect App,3.0,2016-02-16,2018-02-15,True,False,3.0,cpe:2.3:a:paloaltonetworks:globalprotect,paloaltonetworks,globalprotect,pan-gp
app,pangp,Palo Alto Networks GlobalProtect App,3.1,2016-06-23,2018-06-23,True,False,3.1,cpe:2.3:a:paloaltonetworks:globalprotect,paloaltonetworks,globalprotect,pan-gp
app,pangp,Palo Alto Networks GlobalProtect App,4.0,2017-01-30,2019-01-30,True,False,4.0,cpe:2.3:a:paloaltonetworks:globalprotect,paloaltonetworks,globalprotect,pan-gp
app,pangp,Palo Alto Networks GlobalProtect App,4.1,2018-03-01,2020-03-01,True,False,4.1.13,cpe:2.3:a:paloaltonetworks:globalprotect,paloaltonetworks,globalprotect,pan-gp
app,pangp,Palo Alto Networks GlobalProtect App,5.0,2019-02-12,2021-02-12,True,False,5.0.10,cpe:2.3:a:paloaltonetworks:globalprotect,paloaltonetworks,globalprotect,pan-gp
app,pangp,Palo Alto Networks GlobalProtect App,5.1,2019-12-12,2024-12-31,True,False,5.1.12,cpe:2.3:a:paloaltonetworks:globalprotect,paloaltonetworks,globalprotect,pan-gp
app,pangp,Palo Alto Networks GlobalProtect App,5.2,2020-07-30,2024-02-28,True,False,5.2.13-c418,cpe:2.3:a:paloaltonetworks:globalprotect,paloaltonetworks,globalprotect,pan-gp
app,pangp,Palo Alto Networks GlobalProtect App,5.3,2021-06-01,2023-06-01,True,False,5.3.4,cpe:2.3:a:paloaltonetworks:globalprotect,paloaltonetworks,globalprotect,pan-gp
app,pangp,Palo Alto Networks GlobalProtect App,6.0,2022-02-22,2025-12-31,True,False,6.0.13,cpe:2.3:a:paloaltonetworks:globalprotect,paloaltonetworks,globalprotect,pan-gp
app,pangp,Palo Alto Networks GlobalProtect App,6.1,2022-09-01,2025-12-31,True,False,6.1.5,cpe:2.3:a:paloaltonetworks:globalprotect,paloaltonetworks,globalprotect,pan-gp
app,pangp,Palo Alto Networks GlobalProtect App,6.2,2023-05-23,2027-06-30,False,True,6.2.8-c1045,cpe:2.3:a:paloaltonetworks:globalprotect,paloaltonetworks,globalprotect,pan-gp
app,pangp,Palo Alto Networks GlobalProtect App,6.3,2024-06-13,2028-06-30,False,True,6.3.3-c1121,cpe:2.3:a:paloaltonetworks:globalprotect,paloaltonetworks,globalprotect,pan-gp
app,podman,Podman,3.0,2021-02-11,2022-05-16,True,False,3.0.2,cpe:2.3:a:podman_project:podman,podman_project,podman,
app,podman,Podman,3.1,2021-03-29,2021-04-21,True,False,3.1.2,cpe:2.3:a:podman_project:podman,podman_project,podman,
app,podman,Podman,3.2,2021-06-03,2021-07-16,True,False,3.2.3,cpe:2.3:a:podman_project:podman,podman_project,podman,
app,podman,Podman,3.3,2021-08-20,2021-08-30,True,False,3.3.1,cpe:2.3:a:podman_project:podman,podman_project,podman,
app,podman,Podman,3.4,2021-09-30,2022-04-20,True,False,3.4.7,cpe:2.3:a:podman_project:podman,podman_project,podman,
app,podman,Podman,4.0,2022-02-17,2022-04-01,True,False,4.0.3,cpe:2.3:a:podman_project:podman,podman_project,podman,
app,podman,Podman,4.1,2022-05-05,2022-06-14,True,False,4.1.1,cpe:2.3:a:podman_project:podman,podman_project,podman,
app,podman,Podman,4.2,2022-08-10,2022-09-06,True,False,4.2.1,cpe:2.3:a:podman_project:podman,podman_project,podman,
app,podman,Podman,4.3,2022-10-18,2022-11-10,True,False,4.3.1,cpe:2.3:a:podman_project:podman,podman_project,podman,
app,podman,Podman,4.4,2023-02-01,2023-03-27,True,False,4.4.4,cpe:2.3:a:podman_project:podman,podman_project,podman,
app,podman,Podman,4.5,2023-04-14,2023-05-26,True,False,4.5.1,cpe:2.3:a:podman_project:podman,podman_project,podman,
app,podman,Podman,4.6,2023-07-20,2023-08-28,True,False,4.6.2,cpe:2.3:a:podman_project:podman,podman_project,podman,
app,podman,Podman,4.7,2023-09-27,2023-10-31,True,False,4.7.2,cpe:2.3:a:podman_project:podman,podman_project,podman,
app,podman,Podman,4.8,2023-11-27,2024-01-03,True,False,4.8.3,cpe:2.3:a:podman_project:podman,podman_project,podman,
app,podman,Podman,4.9,2024-01-22,2024-05-30,True,False,4.9.5,cpe:2.3:a:podman_project:podman,podman_project,podman,
app,podman,Podman,5.0,2024-03-19,2024-05-29,True,False,5.0.3,cpe:2.3:a:podman_project:podman,podman_project,podman,
app,podman,Podman,5.1,2024-05-29,2024-08-01,True,False,5.1.2,cpe:2.3:a:podman_project:podman,podman_project,podman,
app,podman,Podman,5.2,2024-08-01,2024-11-12,True,False,5.2.5,cpe:2.3:a:podman_project:podman,podman_project,podman,
app,podman,Podman,5.3,2024-11-12,2025-02-11,True,False,5.3.2,cpe:2.3:a:podman_project:podman,podman_project,podman,
app,podman,Podman,5.4,2025-02-11,2025-05-13,True,False,5.4.2,cpe:2.3:a:podman_project:podman,podman_project,podman,
app,podman,Podman,5.5,2025-05-13,2025-08-15,True,False,5.5.2,cpe:2.3:a:podman_project:podman,podman_project,podman,
app,podman,Podman,5.6,2025-08-15,2025-11-11,True,False,5.6.2,cpe:2.3:a:podman_project:podman,podman_project,podman,
app,podman,Podman,5.7,2025-11-11,2026-02-12,True,False,5.7.1,cpe:2.3:a:podman_project:podman,podman_project,podman,
app,podman,Podman,5.8,2026-02-12,2026-09-26,False,True,5.8.6,cpe:2.3:a:podman_project:podman,podman_project,podman,
app,podman,Podman,6.0,2026-06-24,2026-08-12,True,False,6.0.2,cpe:2.3:a:podman_project:podman,podman_project,podman,
app,podman,Podman,6.1,2026-08-12,,False,True,6.1.1,cpe:2.3:a:podman_project:podman,podman_project,podman,
app,renovate,Renovate CLI,40,2025-02-22,2025-08-14,True,False,40.62.1,,,,
app,renovate,Renovate CLI,41,2025-04-30,2025-08-14,True,False,41.173.1,,,,
app,renovate,Renovate CLI,42,2025-08-14,2026-01-29,True,False,42.99.0,,,,
app,renovate,Renovate CLI,43,2026-01-29,2026-07-29,True,False,43.288.0,,,,
app,renovate,Renovate CLI,44,2026-07-29,,False,True,44.61.4,,,,
app,unity,Unity,2017 (LTS),2017-06-26,2020-05-18,True,False,2017.4.40f1,,,,unity3d
app,unity,Unity,2018 (LTS),2018-04-26,2021-06-17,True,False,2018.4.36f1,,,,unity3d
app,unity,Unity,2019 (LTS),2019-04-08,2022-06-16,True,False,2019.4.41f2,,,,unity3d
app,unity,Unity,2020 (LTS),2020-07-20,2023-05-05,True,False,2020.3.49f1,,,,unity3d
app,unity,Unity,2021 (LTS),2022-04-11,2025-02-18,True,False,2021.3.45f2,,,,unity3d
app,unity,Unity,2021.1,2021-03-22,2022-11-04,True,False,2021.1.29f1,,,,unity3d
app,unity,Unity,2021.2,2021-10-25,2022-04-05,True,False,2021.2.20f1,,,,unity3d
app,unity,Unity,2021.3,2022-04-11,2025-02-18,True,False,2021.3.45f2,,,,unity3d
app,unity,Unity,2022.1,2022-05-09,2022-12-06,True,False,2022.1.25f1,,,,unity3d
app,unity,Unity,2022.2,2022-12-07,2023-06-12,True,False,2022.2.23f1,,,,unity3d
app,unity,Unity,2022.3 (LTS),2023-05-30,2025-05-07,True,False,2022.3.62f3,,,,unity3d
app,unity,Unity,2023.1,2023-06-12,2023-11-13,True,False,2023.1.22f1,,,,unity3d
app,unity,Unity,2023.2,2023-11-14,2024-04-29,True,False,2023.2.22f1,,,,unity3d
app,unity,Unity,6.0 (LTS),2024-04-29,2026-10-16,False,True,6000.0.83f1,,,,unity3d
app,unity,Unity,6.1,2025-04-23,2025-08-12,True,False,6000.1.17f1,,,,unity3d
app,unity,Unity,6.2,2025-08-12,2025-12-04,True,False,6000.2.15f1,,,,unity3d
app,unity,Unity,6.3 (LTS),2025-12-04,2027-12-04,False,True,6000.3.23f1,,,,unity3d
app,unity,Unity,6.4,2026-03-18,2026-06-17,True,False,6000.4.12f1,,,,unity3d
app,unity,Unity,6.5,2026-06-15,2026-08-31,True,False,6000.5.11f1,,,,unity3d
app,unity,Unity,6.6,2026-08-31,,False,True,6000.6.0f1,,,,unity3d
app,vcenter,VMware vCenter Server,4,2009-05-21,2014-05-21,True,False,4.1 U3a,cpe:2.3:a:vmware:vcenter_server,vmware,vcenter_server,vmwarevcenter;vmware-vcenter
app,vcenter,VMware vCenter Server,5.0,2011-08-24,2016-08-24,True,False,5.0 U3g,cpe:2.3:a:vmware:vcenter_server,vmware,vcenter_server,vmwarevcenter;vmware-vcenter
app,vcenter,VMware vCenter Server,5.1,2012-08-13,2016-08-24,True,False,5.1 U3d,cpe:2.3:a:vmware:vcenter_server,vmware,vcenter_server,vmwarevcenter;vmware-vcenter
app,vcenter,VMware vCenter Server,5.5,2013-09-19,2018-09-19,True,False,5.5 U3k,cpe:2.3:a:vmware:vcenter_server,vmware,vcenter_server,vmwarevcenter;vmware-vcenter
app,vcenter,VMware vCenter Server,6.0,2015-03-12,2020-03-12,True,False,6.0 U3j,cpe:2.3:a:vmware:vcenter_server,vmware,vcenter_server,vmwarevcenter;vmware-vcenter
app,vcenter,VMware vCenter Server,6.5,2016-11-15,2022-10-15,True,False,6.5 U3w,cpe:2.3:a:vmware:vcenter_server,vmware,vcenter_server,vmwarevcenter;vmware-vcenter
app,vcenter,VMware vCenter Server,6.7,2018-04-17,2022-10-15,True,False,6.7 U3w,cpe:2.3:a:vmware:vcenter_server,vmware,vcenter_server,vmwarevcenter;vmware-vcenter
app,vcenter,VMware vCenter Server,7.0,2020-04-02,2025-10-02,True,False,7.0 U3w,cpe:2.3:a:vmware:vcenter_server,vmware,vcenter_server,vmwarevcenter;vmware-vcenter
app,vcenter,VMware vCenter Server,8.0,2022-10-11,2027-10-11,False,True,8.0 U3k,cpe:2.3:a:vmware:vcenter_server,vmware,vcenter_server,vmwarevcenter;vmware-vcenter
app,vcenter,VMware vCenter Server,9.0,2025-06-17,2027-09-17,False,True,9.0.2.0100,cpe:2.3:a:vmware:vcenter_server,vmware,vcenter_server,vmwarevcenter;vmware-vcenter
app,vcenter,VMware vCenter Server,9.1,2026-05-12,2028-08-12,False,True,9.1.0.0300,cpe:2.3:a:vmware:vcenter_server,vmware,vcenter_server,vmwarevcenter;vmware-vcenter
app,veeam-backup-and-replication,Veeam Backup & Replication,1.0,2008-02-26,,True,False,1.0.1.76,,,,veeam-backup
app,veeam-backup-and-replication,Veeam Backup & Replication,10,2020-02-04,2023-02-01,True,False,10.0.1.4854-P20220304,,,,veeam-backup
app,veeam-backup-and-replication,Veeam Backup & Replication,11,2021-02-11,2024-02-01,True,False,11.0.1.1261-P20240304,,,,veeam-backup
app,veeam-backup-and-replication,Veeam Backup & Replication,12,2023-01-30,2027-02-01,False,True,12.3.2.4854,,,,veeam-backup
app,veeam-backup-and-replication,Veeam Backup & Replication,13,2025-09-03,2028-11-01,False,True,13.1.1.18,,,,veeam-backup
app,veeam-backup-and-replication,Veeam Backup & Replication,2.0,2008-07-30,,True,False,2.0.0.152,,,,veeam-backup
app,veeam-backup-and-replication,Veeam Backup & Replication,3.0,2009-10-21,,True,False,3.0.1.251,,,,veeam-backup
app,veeam-backup-and-replication,Veeam Backup & Replication,4.0,2009-10-29,,True,False,4.1.2.125,,,,veeam-backup
app,veeam-backup-and-replication,Veeam Backup & Replication,5.0,2010-08-30,,True,False,5.0.2.230,,,,veeam-backup
app,veeam-backup-and-replication,Veeam Backup & Replication,6.0,2011-08-22,,True,False,6.0.0.181,,,,veeam-backup
app,veeam-backup-and-replication,Veeam Backup & Replication,6.1,2012-06-04,,True,False,6.1.0.205,,,,veeam-backup
app,veeam-backup-and-replication,Veeam Backup & Replication,6.5,2012-10-09,,True,False,6.5.0.144,,,,veeam-backup
app,veeam-backup-and-replication,Veeam Backup & Replication,7.0,2013-08-20,,True,False,7.0.0.871,,,,veeam-backup
app,veeam-backup-and-replication,Veeam Backup & Replication,8.0,2014-11-06,,True,False,8.0.0.2084,,,,veeam-backup
app,veeam-backup-and-replication,Veeam Backup & Replication,9.0,2016-01-12,,True,False,9.0.0.1715,,,,veeam-backup
app,veeam-backup-and-replication,Veeam Backup & Replication,9.5,2016-11-16,2022-01-01,True,False,9.5.4.2866,,,,veeam-backup
app,veeam-backup-for-microsoft-365,Veeam Backup for Microsoft 365,2,2018-07-24,2021-07-24,True,False,2.0.0.814,,,,veeam-backup-365
app,veeam-backup-for-microsoft-365,Veeam Backup for Microsoft 365,3,2019-04-02,2022-04-02,True,False,3.0.0.422,,,,veeam-backup-365
app,veeam-backup-for-microsoft-365,Veeam Backup for Microsoft 365,4,2019-11-26,2022-11-26,True,False,4.0.1.625,,,,veeam-backup-365
app,veeam-backup-for-microsoft-365,Veeam Backup for Microsoft 365,5,2020-12-03,2023-12-02,True,False,5.0.3.1063,,,,veeam-backup-365
app,veeam-backup-for-microsoft-365,Veeam Backup for Microsoft 365,6,2022-03-09,2024-03-09,True,False,6.1.0.1015,,,,veeam-backup-365
app,veeam-backup-for-microsoft-365,Veeam Backup for Microsoft 365,7,2023-02-28,2026-06-28,True,False,7.1.0.2031,,,,veeam-backup-365
app,veeam-backup-for-microsoft-365,Veeam Backup for Microsoft 365,8,2024-09-03,2026-09-03,True,True,8.5.0.1014,,,,veeam-backup-365
app,veeam-one,Veeam ONE,10,2020-02-18,2023-02-01,True,False,10.0.2.1094,,,,
app,veeam-one,Veeam ONE,11,2021-02-09,2024-02-01,True,False,11.0.1.1880,,,,
app,veeam-one,Veeam ONE,12,2023-01-30,2027-02-01,False,True,12.3.0.7165,,,,
app,veeam-one,Veeam ONE,13,2025-09-03,,False,True,13.1.0.7233,,,,
app,veeam-one,Veeam ONE,6.0,2011-08-22,,True,False,6.0.0.520,,,,
app,veeam-one,Veeam ONE,6.5,2012-10-09,,True,False,6.5.0.686,,,,
app,veeam-one,Veeam ONE,7.0,2013-08-15,,True,False,7.0.0.949,,,,
app,veeam-one,Veeam ONE,8.0,2014-11-06,,True,False,8.0.0.1669,,,,
app,veeam-one,Veeam ONE,9.0,2016-01-12,,True,False,9.0.0.2088,,,,
app,veeam-one,Veeam ONE,9.5,2016-11-16,2022-02-01,True,False,9.5.4.4587,,,,
app,virtualbox,VirtualBox,4.0,2010-12-22,2015-12-31,True,False,4.0.36,cpe:2.3:a:oracle:virtualbox,oracle,virtualbox,vbox;oracle-virtualbox;oracle-vm-virtualbox
app,virtualbox,VirtualBox,4.1,2011-07-19,2015-12-31,True,False,4.1.44,cpe:2.3:a:oracle:virtualbox,oracle,virtualbox,vbox;oracle-virtualbox;oracle-vm-virtualbox
app,virtualbox,VirtualBox,4.2,2012-09-13,2015-12-31,True,False,4.2.38,cpe:2.3:a:oracle:virtualbox,oracle,virtualbox,vbox;oracle-virtualbox;oracle-vm-virtualbox
app,virtualbox,VirtualBox,4.3,2013-10-15,2015-12-31,True,False,4.3.40,cpe:2.3:a:oracle:virtualbox,oracle,virtualbox,vbox;oracle-virtualbox;oracle-vm-virtualbox
app,virtualbox,VirtualBox,5.0,2015-07-09,2017-05-31,True,False,5.0.40,cpe:2.3:a:oracle:virtualbox,oracle,virtualbox,vbox;oracle-virtualbox;oracle-vm-virtualbox
app,virtualbox,VirtualBox,5.1,2016-07-12,2018-04-30,True,False,5.1.38,cpe:2.3:a:oracle:virtualbox,oracle,virtualbox,vbox;oracle-virtualbox;oracle-vm-virtualbox
app,virtualbox,VirtualBox,5.2,2017-10-17,2020-07-31,True,False,5.2.44,cpe:2.3:a:oracle:virtualbox,oracle,virtualbox,vbox;oracle-virtualbox;oracle-vm-virtualbox
app,virtualbox,VirtualBox,6.0,2018-12-18,2020-07-31,True,False,6.0.24,cpe:2.3:a:oracle:virtualbox,oracle,virtualbox,vbox;oracle-virtualbox;oracle-vm-virtualbox
app,virtualbox,VirtualBox,6.1,2019-12-10,2024-01-31,True,False,6.1.50,cpe:2.3:a:oracle:virtualbox,oracle,virtualbox,vbox;oracle-virtualbox;oracle-vm-virtualbox
app,virtualbox,VirtualBox,7.0,2022-10-10,2025-03-31,True,False,7.0.26,cpe:2.3:a:oracle:virtualbox,oracle,virtualbox,vbox;oracle-virtualbox;oracle-vm-virtualbox
app,virtualbox,VirtualBox,7.1,2024-09-09,2026-03-31,True,False,7.1.18,cpe:2.3:a:oracle:virtualbox,oracle,virtualbox,vbox;oracle-virtualbox;oracle-vm-virtualbox
app,virtualbox,VirtualBox,7.2,2025-08-14,,False,True,7.2.16,cpe:2.3:a:oracle:virtualbox,oracle,virtualbox,vbox;oracle-virtualbox;oracle-vm-virtualbox
app,weechat,WeeChat,2.9,2020-07-18,2020-11-11,True,False,2.9,cpe:2.3:a:weechat:weechat,weechat,weechat,
app,weechat,WeeChat,3.0,2020-11-11,2021-03-07,True,False,3.0.1,cpe:2.3:a:weechat:weechat,weechat,weechat,
app,weechat,WeeChat,3.1,2021-03-07,2021-06-13,True,False,3.1,cpe:2.3:a:weechat:weechat,weechat,weechat,
app,weechat,WeeChat,3.2,2021-06-13,2021-09-19,True,False,3.2.1,cpe:2.3:a:weechat:weechat,weechat,weechat,
app,weechat,WeeChat,3.3,2021-09-19,2021-12-18,True,False,3.3,cpe:2.3:a:weechat:weechat,weechat,weechat,
app,weechat,WeeChat,3.4,2021-12-18,2022-03-27,True,False,3.4.1,cpe:2.3:a:weechat:weechat,weechat,weechat,
app,weechat,WeeChat,3.5,2022-03-27,2022-07-10,True,False,3.5,cpe:2.3:a:weechat:weechat,weechat,weechat,
app,weechat,WeeChat,3.6,2022-07-10,2022-10-09,True,False,3.6,cpe:2.3:a:weechat:weechat,weechat,weechat,
app,weechat,WeeChat,3.7,2022-10-09,2023-01-08,True,False,3.7.1,cpe:2.3:a:weechat:weechat,weechat,weechat,
app,weechat,WeeChat,3.8,2023-01-08,2023-06-24,True,False,3.8,cpe:2.3:a:weechat:weechat,weechat,weechat,
app,weechat,WeeChat,4.0,2023-06-24,2023-10-15,True,False,4.0.8,cpe:2.3:a:weechat:weechat,weechat,weechat,
app,weechat,WeeChat,4.1,2023-10-15,2024-01-21,True,False,4.1.3,cpe:2.3:a:weechat:weechat,weechat,weechat,
app,weechat,WeeChat,4.10,2026-08-02,,False,True,4.10.0,cpe:2.3:a:weechat:weechat,weechat,weechat,
app,weechat,WeeChat,4.2,2024-01-21,2024-05-26,True,False,4.2.3,cpe:2.3:a:weechat:weechat,weechat,weechat,
app,weechat,WeeChat,4.3,2024-05-26,2024-08-17,True,False,4.3.6,cpe:2.3:a:weechat:weechat,weechat,weechat,
app,weechat,WeeChat,4.4,2024-08-17,2024-12-15,True,False,4.4.4,cpe:2.3:a:weechat:weechat,weechat,weechat,
app,weechat,WeeChat,4.5,2024-12-15,2025-03-23,True,False,4.5.2,cpe:2.3:a:weechat:weechat,weechat,weechat,
app,weechat,WeeChat,4.6,2025-03-23,2025-07-19,True,False,4.6.3,cpe:2.3:a:weechat:weechat,weechat,weechat,
app,weechat,WeeChat,4.7,2025-07-19,2025-11-30,True,False,4.7.2,cpe:2.3:a:weechat:weechat,weechat,weechat,
app,weechat,WeeChat,4.8,2025-11-30,2026-03-29,True,False,4.8.2,cpe:2.3:a:weechat:weechat,weechat,weechat,
app,weechat,WeeChat,4.9,2026-03-29,2026-08-02,True,False,4.9.5,cpe:2.3:a:weechat:weechat,weechat,weechat,
app,wireshark,Wireshark,1.0,2008-03-29,2011-06-30,True,False,1.0.16,cpe:2.3:a:wireshark:wireshark,wireshark,wireshark,
app,wireshark,Wireshark,1.10,2013-06-05,2015-06-05,True,False,1.10.14,cpe:2.3:a:wireshark:wireshark,wireshark,wireshark,
app,wireshark,Wireshark,1.12,2014-07-31,2016-07-31,True,False,1.12.13,cpe:2.3:a:wireshark:wireshark,wireshark,wireshark,
app,wireshark,Wireshark,1.2,2009-06-15,2011-06-30,True,False,1.2.18,cpe:2.3:a:wireshark:wireshark,wireshark,wireshark,
app,wireshark,Wireshark,1.4,2010-08-29,2012-08-30,True,False,1.4.15,cpe:2.3:a:wireshark:wireshark,wireshark,wireshark,
app,wireshark,Wireshark,1.6,2011-06-07,2013-06-07,True,False,1.6.16,cpe:2.3:a:wireshark:wireshark,wireshark,wireshark,
app,wireshark,Wireshark,1.8,2012-06-21,2014-06-21,True,False,1.8.15,cpe:2.3:a:wireshark:wireshark,wireshark,wireshark,
app,wireshark,Wireshark,2.0,2015-11-18,2017-11-18,True,False,2.0.16,cpe:2.3:a:wireshark:wireshark,wireshark,wireshark,
app,wireshark,Wireshark,2.2,2016-09-07,2018-09-07,True,False,2.2.17,cpe:2.3:a:wireshark:wireshark,wireshark,wireshark,
app,wireshark,Wireshark,2.4,2017-07-19,2019-07-19,True,False,2.4.16,cpe:2.3:a:wireshark:wireshark,wireshark,wireshark,
app,wireshark,Wireshark,2.6 (LTS),2018-04-18,2020-10-18,True,False,2.6.20,cpe:2.3:a:wireshark:wireshark,wireshark,wireshark,
app,wireshark,Wireshark,3.0,2019-02-28,2020-10-29,True,False,3.0.14,cpe:2.3:a:wireshark:wireshark,wireshark,wireshark,
app,wireshark,Wireshark,3.2,2019-12-18,2021-11-22,True,False,3.2.18,cpe:2.3:a:wireshark:wireshark,wireshark,wireshark,
app,wireshark,Wireshark,3.4,2020-10-29,2022-09-07,True,False,3.4.16,cpe:2.3:a:wireshark:wireshark,wireshark,wireshark,
app,wireshark,Wireshark,3.6 (LTS),2021-11-22,2024-05-22,True,False,3.6.24,cpe:2.3:a:wireshark:wireshark,wireshark,wireshark,
app,wireshark,Wireshark,4.0,2022-10-04,2024-08-28,True,False,4.0.17,cpe:2.3:a:wireshark:wireshark,wireshark,wireshark,
app,wireshark,Wireshark,4.2,2023-11-15,2025-10-08,True,False,4.2.14,cpe:2.3:a:wireshark:wireshark,wireshark,wireshark,
app,wireshark,Wireshark,4.4,2024-08-28,,False,True,4.4.15,cpe:2.3:a:wireshark:wireshark,wireshark,wireshark,
app,wireshark,Wireshark,4.6,2025-10-08,,False,True,4.6.5,cpe:2.3:a:wireshark:wireshark,wireshark,wireshark,
app,yarn,Yarn,1,2017-09-05,,False,True,1.22.22,cpe:2.3:a:yarnpkg:yarn,yarnpkg,yarn,
app,yarn,Yarn,2,2020-07-09,2021-09-06,True,False,2.4.3,cpe:2.3:a:yarnpkg:yarn,yarnpkg,yarn,
app,yarn,Yarn,3,2021-07-26,2024-12-04,True,False,3.8.7,cpe:2.3:a:yarnpkg:yarn,yarnpkg,yarn,
app,yarn,Yarn,4,2023-10-22,,False,True,4.18.0,cpe:2.3:a:yarnpkg:yarn,yarnpkg,yarn,
app,cert-manager,cert-manager,1.10,2022-10-17,2023-05-19,True,False,1.10.2,,,,
app,cert-manager,cert-manager,1.11,2023-01-11,2023-09-12,True,False,1.11.5,,,,
app,cert-manager,cert-manager,1.12 (LTS),2023-05-19,2025-05-19,True,False,1.12.17,,,,
app,cert-manager,cert-manager,1.13,2023-09-12,2024-06-05,True,False,1.13.6,,,,
app,cert-manager,cert-manager,1.14,2024-01-31,2024-10-03,True,False,1.14.7,,,,
app,cert-manager,cert-manager,1.15,2024-06-05,2025-02-03,True,False,1.15.5,,,,
app,cert-manager,cert-manager,1.16,2024-10-03,2025-06-10,True,False,1.16.5,,,,
app,cert-manager,cert-manager,1.17,2025-02-03,2025-10-07,True,False,1.17.4,,,,
app,cert-manager,cert-manager,1.18,2025-06-10,2026-03-10,True,False,1.18.6,,,,
app,cert-manager,cert-manager,1.19,2025-10-07,2026-07-08,True,False,1.19.6,,,,
app,cert-manager,cert-manager,1.20,2026-03-10,,False,True,1.20.3,,,,
app,cert-manager,cert-manager,1.21,2026-07-08,,False,True,1.21.1,,,,
app,cnspec,cnspec,10,2024-01-23,2025-09-05,True,False,10.12.2,cpe:2.3:a:cnspec:cnspec,cnspec,cnspec,
app,cnspec,cnspec,11,2024-04-17,2026-03-10,True,False,11.69.1,cpe:2.3:a:cnspec:cnspec,cnspec,cnspec,
app,cnspec,cnspec,12,2025-09-05,,False,True,12.23.1,cpe:2.3:a:cnspec:cnspec,cnspec,cnspec,
app,cnspec,cnspec,13,2026-03-10,,False,True,13.37.0,cpe:2.3:a:cnspec:cnspec,cnspec,cnspec,
app,cnspec,cnspec,6,2022-10-11,2023-03-09,True,False,6.19.0,cpe:2.3:a:cnspec:cnspec,cnspec,cnspec,
app,cnspec,cnspec,7,2022-10-18,2023-10-05,True,False,7.19.2,cpe:2.3:a:cnspec:cnspec,cnspec,cnspec,
app,cnspec,cnspec,8,2023-03-09,2024-01-23,True,False,8.28.4,cpe:2.3:a:cnspec:cnspec,cnspec,cnspec,
app,cnspec,cnspec,9,2023-10-05,2024-04-17,True,False,9.14.0,cpe:2.3:a:cnspec:cnspec,cnspec,cnspec,
app,containerd,containerd,1.0,2017-12-05,2018-12-05,True,False,1.0.3,cpe:2.3:a:linuxfoundation:containerd,linuxfoundation,containerd,
app,containerd,containerd,1.1,2018-04-23,2019-10-23,True,False,1.1.8,cpe:2.3:a:linuxfoundation:containerd,linuxfoundation,containerd,
app,containerd,containerd,1.2,2018-10-24,2020-10-15,True,False,1.2.14,cpe:2.3:a:linuxfoundation:containerd,linuxfoundation,containerd,
app,containerd,containerd,1.3,2019-09-26,2021-03-04,True,False,1.3.10,cpe:2.3:a:linuxfoundation:containerd,linuxfoundation,containerd,
app,containerd,containerd,1.4,2020-08-17,2022-03-03,True,False,1.4.13,cpe:2.3:a:linuxfoundation:containerd,linuxfoundation,containerd,
app,containerd,containerd,1.5,2021-05-03,2023-02-28,True,False,1.5.18,cpe:2.3:a:linuxfoundation:containerd,linuxfoundation,containerd,
app,containerd,containerd,1.6 (LTS),2022-02-15,2025-08-23,True,False,1.6.39,cpe:2.3:a:linuxfoundation:containerd,linuxfoundation,containerd,
app,containerd,containerd,1.7 (LTS),2023-03-10,2026-09-01,True,False,1.7.34,cpe:2.3:a:linuxfoundation:containerd,linuxfoundation,containerd,
app,containerd,containerd,2.0 (LTS),2024-11-05,2027-03-01,False,True,2.0.11,cpe:2.3:a:linuxfoundation:containerd,linuxfoundation,containerd,
app,containerd,containerd,2.1,2025-05-07,2026-07-03,True,False,2.1.9,cpe:2.3:a:linuxfoundation:containerd,linuxfoundation,containerd,
app,containerd,containerd,2.2,2025-11-05,2026-11-06,False,True,2.2.7,cpe:2.3:a:linuxfoundation:containerd,linuxfoundation,containerd,
app,containerd,containerd,2.3 (LTS),2026-04-30,2028-04-30,False,True,2.3.4,cpe:2.3:a:linuxfoundation:containerd,linuxfoundation,containerd,
app,dbt-core,dbt Core,1.0,2021-12-03,2022-12-03,True,False,1.0.9,,,,dbt
app,dbt-core,dbt Core,1.1,2022-04-28,2023-04-28,True,False,1.1.6,,,,dbt
app,dbt-core,dbt Core,1.10,2025-06-16,2026-06-16,True,False,1.10.23,,,,dbt
app,dbt-core,dbt Core,1.11,2025-12-19,2026-12-19,False,True,1.11.14,,,,dbt
app,dbt-core,dbt Core,1.12,2026-07-16,2027-07-16,False,True,1.12.3,,,,dbt
app,dbt-core,dbt Core,1.2,2022-07-26,2023-07-26,True,False,1.2.7,,,,dbt
app,dbt-core,dbt Core,1.3,2022-10-11,2023-10-12,True,False,1.3.8,,,,dbt
app,dbt-core,dbt Core,1.4,2023-01-25,2024-01-25,True,False,1.4.10,,,,dbt
app,dbt-core,dbt Core,1.5,2023-04-27,2024-04-27,True,False,1.5.12,,,,dbt
app,dbt-core,dbt Core,1.6,2023-07-31,2024-07-30,True,False,1.6.19,,,,dbt
app,dbt-core,dbt Core,1.7,2023-11-02,2024-11-02,True,False,1.7.20,,,,dbt
app,dbt-core,dbt Core,1.8,2024-05-09,2025-05-09,True,False,1.8.10,,,,dbt
app,dbt-core,dbt Core,1.9,2024-12-09,2025-12-09,True,False,1.9.11,,,,dbt
app,nix,nix,1,2012-05-11,2018-02-22,True,False,1.11.16,,,,nixlang
app,nix,nix,2.0,2018-02-22,2018-09-03,True,False,2.0.4,,,,nixlang
app,nix,nix,2.1,2018-09-03,2019-01-11,True,False,2.1.3,,,,nixlang
app,nix,nix,2.10,2022-07-11,2022-07-15,True,False,2.10.3,,,,nixlang
app,nix,nix,2.11,2022-08-29,2022-09-15,True,False,2.11.1,,,,nixlang
app,nix,nix,2.12,2022-12-06,2023-02-27,True,False,2.12.1,,,,nixlang
app,nix,nix,2.13,2023-01-17,2023-10-18,True,False,2.13.6,,,,nixlang
app,nix,nix,2.14,2023-02-28,2023-03-02,True,False,2.14.1,,,,nixlang
app,nix,nix,2.15,2023-04-11,2023-10-19,True,False,2.15.3,,,,nixlang
app,nix,nix,2.16,2023-05-31,2024-03-15,True,False,2.16.3,,,,nixlang
app,nix,nix,2.17,2023-07-24,2024-03-15,True,False,2.17.2,,,,nixlang
app,nix,nix,2.18,2023-09-20,2024-10-31,True,False,2.18.9,,,,nixlang
app,nix,nix,2.19,2023-11-20,2024-10-31,True,False,2.19.7,,,,nixlang
app,nix,nix,2.2,2019-01-11,2019-09-04,True,False,2.2.2,,,,nixlang
app,nix,nix,2.20,2024-01-29,2024-10-31,True,False,2.20.9,,,,nixlang
app,nix,nix,2.21,2024-03-11,2024-10-31,True,False,2.21.5,,,,nixlang
app,nix,nix,2.22,2024-04-23,2024-10-31,True,False,2.22.4,,,,nixlang
app,nix,nix,2.23,2024-06-12,2024-10-31,True,False,2.23.4,,,,nixlang
app,nix,nix,2.24,2024-08-01,2025-01-22,True,False,2.24.15,,,,nixlang
app,nix,nix,2.25,2024-11-11,2025-01-22,True,False,2.25.5,,,,nixlang
app,nix,nix,2.26,2025-01-22,2025-03-21,True,False,2.26.4,,,,nixlang
app,nix,nix,2.27,2025-03-21,2025-04-04,True,False,2.27.1,,,,nixlang
app,nix,nix,2.28,2025-04-04,2025-05-14,True,False,2.28.7,,,,nixlang
app,nix,nix,2.29,2025-05-14,2025-07-07,True,False,2.29.4,,,,nixlang
app,nix,nix,2.3,2019-09-04,2021-11-01,True,False,2.3.18,,,,nixlang
app,nix,nix,2.30,2025-07-07,2025-08-25,True,False,2.30.5,,,,nixlang
app,nix,nix,2.31,2025-08-25,2025-10-07,True,False,2.31.5,,,,nixlang
app,nix,nix,2.32,2025-10-07,2025-12-10,True,False,2.32.8,,,,nixlang
app,nix,nix,2.33,2025-12-10,2026-02-27,True,False,2.33.6,,,,nixlang
app,nix,nix,2.34,2026-02-27,2026-07-13,True,False,2.34.8,,,,nixlang
app,nix,nix,2.35,2026-07-13,,False,True,2.35.2,,,,nixlang
app,nix,nix,2.4,2021-11-01,2021-12-13,True,False,2.4,,,,nixlang
app,nix,nix,2.5,2021-12-13,2022-01-25,True,False,2.5.1,,,,nixlang
app,nix,nix,2.6,2022-01-25,2022-03-07,True,False,2.6.1,,,,nixlang
app,nix,nix,2.7,2022-03-07,2022-04-19,True,False,2.7.0,,,,nixlang
app,nix,nix,2.8,2022-04-19,2022-05-30,True,False,2.8.1,,,,nixlang
app,nix,nix,2.9,2022-05-30,2022-07-11,True,False,2.9.2,,,,nixlang
app,nvm,nvm,0.1,2011-02-25,2013-11-29,True,False,0.1.0,,,,
app,nvm,nvm,0.10,2014-06-27,2014-07-15,True,False,0.10.0,,,,
app,nvm,nvm,0.11,2014-07-15,2014-07-23,True,False,0.11.2,,,,
app,nvm,nvm,0.12,2014-07-23,2014-08-03,True,False,0.12.2,,,,
app,nvm,nvm,0.13,2014-08-03,2014-08-27,True,False,0.13.1,,,,
app,nvm,nvm,0.14,2014-08-27,2014-09-03,True,False,0.14.0,,,,
app,nvm,nvm,0.15,2014-09-03,2014-09-11,True,False,0.15.0,,,,
app,nvm,nvm,0.16,2014-09-11,2014-09-24,True,False,0.16.1,,,,
app,nvm,nvm,0.17,2014-09-24,2014-11-05,True,False,0.17.3,,,,
app,nvm,nvm,0.18,2014-11-05,2014-11-23,True,False,0.18.0,,,,
app,nvm,nvm,0.19,2014-11-23,2014-11-29,True,False,0.19.0,,,,
app,nvm,nvm,0.2,2013-11-29,2014-03-21,True,False,0.2.0,,,,
app,nvm,nvm,0.20,2014-11-29,2014-12-22,True,False,0.20.0,,,,
app,nvm,nvm,0.21,2014-12-22,2014-12-27,True,False,0.21.0,,,,
app,nvm,nvm,0.22,2014-12-27,2015-01-20,True,False,0.22.2,,,,
app,nvm,nvm,0.23,2015-01-20,2015-03-06,True,False,0.23.3,,,,
app,nvm,nvm,0.24,2015-03-06,2015-04-26,True,False,0.24.2,,,,
app,nvm,nvm,0.25,2015-04-26,2015-08-14,True,False,0.25.4,,,,
app,nvm,nvm,0.26,2015-08-14,2015-09-26,True,False,0.26.1,,,,
app,nvm,nvm,0.27,2015-09-26,2015-10-02,True,False,0.27.1,,,,
app,nvm,nvm,0.28,2015-10-02,2015-10-09,True,False,0.28.0,,,,
app,nvm,nvm,0.29,2015-10-09,2015-12-28,True,False,0.29.0,,,,
app,nvm,nvm,0.3,2014-03-21,2014-03-27,True,False,0.3.0,,,,
app,nvm,nvm,0.30,2015-12-28,2016-02-15,True,False,0.30.2,,,,
app,nvm,nvm,0.31,2016-02-15,2016-09-16,True,False,0.31.7,,,,
app,nvm,nvm,0.32,2016-09-16,2016-12-30,True,False,0.32.1,,,,
app,nvm,nvm,0.33,2016-12-30,2019-01-08,True,False,0.33.11,,,,
app,nvm,nvm,0.34,2019-01-08,2019-10-02,True,False,0.34.0,,,,
app,nvm,nvm,0.35,2019-10-02,2020-09-24,True,False,0.35.3,,,,
app,nvm,nvm,0.36,2020-09-24,2020-11-06,True,False,0.36.0,,,,
app,nvm,nvm,0.37,2020-11-06,2021-03-29,True,False,0.37.2,,,,
app,nvm,nvm,0.38,2021-03-29,2021-10-07,True,False,0.38.0,,,,
app,nvm,nvm,0.39,2021-10-07,2024-07-30,True,False,0.39.7,,,,
app,nvm,nvm,0.4,2014-03-27,2014-04-20,True,False,0.4.0,,,,
app,nvm,nvm,0.40,2024-07-30,,False,True,0.40.7,,,,
app,nvm,nvm,0.5,2014-04-20,2014-05-04,True,False,0.5.1,,,,
app,nvm,nvm,0.6,2014-05-04,2014-05-08,True,False,0.6.1,,,,
app,nvm,nvm,0.7,2014-05-08,2014-06-20,True,False,0.7.0,,,,
app,nvm,nvm,0.8,2014-06-20,2014-06-26,True,False,0.8.0,,,,
app,nvm,nvm,0.9,2014-06-26,2014-06-27,True,False,0.9.0,,,,
app,pnpm,pnpm,10,2025-01-07,2027-04-30,False,True,10.34.5,cpe:2.3:a:pnpm:pnpm,pnpm,pnpm,
app,pnpm,pnpm,11,2026-04-28,2027-04-30,False,True,11.25.0,cpe:2.3:a:pnpm:pnpm,pnpm,pnpm,
app,pnpm,pnpm,12,2026-08-26,,False,True,12.3.1,cpe:2.3:a:pnpm:pnpm,pnpm,pnpm,
app,pnpm,pnpm,4,2019-10-07,2021-04-24,True,False,4.14.4,cpe:2.3:a:pnpm:pnpm,pnpm,pnpm,
app,pnpm,pnpm,5,2020-05-27,2022-04-29,True,False,5.18.11,cpe:2.3:a:pnpm:pnpm,pnpm,pnpm,
app,pnpm,pnpm,6,2021-04-05,2023-03-20,True,False,6.35.1,cpe:2.3:a:pnpm:pnpm,pnpm,pnpm,
app,pnpm,pnpm,7,2022-04-30,2024-04-16,True,False,7.33.7,cpe:2.3:a:pnpm:pnpm,pnpm,pnpm,
app,pnpm,pnpm,8,2023-03-27,2025-04-30,True,False,8.15.9,cpe:2.3:a:pnpm:pnpm,pnpm,pnpm,
app,pnpm,pnpm,9,2024-04-16,2026-04-30,True,False,9.15.9,cpe:2.3:a:pnpm:pnpm,pnpm,pnpm,
database,apache-cassandra,Apache Cassandra,3.0,2015-11-09,2024-09-05,True,False,3.0.32,cpe:2.3:a:apache:cassandra,apache,cassandra,cassandra
database,apache-cassandra,Apache Cassandra,3.11,2017-06-23,2024-09-05,True,False,3.11.19,cpe:2.3:a:apache:cassandra,apache,cassandra,cassandra
database,apache-cassandra,Apache Cassandra,4.0,2021-07-26,,False,True,4.0.21,cpe:2.3:a:apache:cassandra,apache,cassandra,cassandra
database,apache-cassandra,Apache Cassandra,4.1,2022-12-13,,False,True,4.1.12,cpe:2.3:a:apache:cassandra,apache,cassandra,cassandra
database,apache-cassandra,Apache Cassandra,5.0,2024-09-05,,False,True,5.0.9,cpe:2.3:a:apache:cassandra,apache,cassandra,cassandra
database,apache-couchdb,Apache CouchDB,3.2,2021-10-08,2024-09-20,True,False,3.2.3,cpe:2.3:a:apache:couchdb,apache,couchdb,couchdb
database,apache-couchdb,Apache CouchDB,3.3,2022-12-28,2025-05-05,True,False,3.3.3,cpe:2.3:a:apache:couchdb,apache,couchdb,couchdb
database,apache-couchdb,Apache CouchDB,3.4,2024-09-20,,False,True,3.4.3,cpe:2.3:a:apache:couchdb,apache,couchdb,couchdb
database,apache-couchdb,Apache CouchDB,3.5,2025-05-05,,False,True,3.5.2,cpe:2.3:a:apache:couchdb,apache,couchdb,couchdb
database,hbase,Apache HBase,1.7,2021-06-12,2022-08-09,True,False,1.7.2,cpe:2.3:a:apache:hbase,apache,hbase,apache_hbase;apache-hbase
database,hbase,Apache HBase,2.2,2019-07-25,2021-04-19,True,False,2.2.7,cpe:2.3:a:apache:hbase,apache,hbase,apache_hbase;apache-hbase
database,hbase,Apache HBase,2.3,2020-07-13,2021-10-19,True,False,2.3.7,cpe:2.3:a:apache:hbase,apache,hbase,apache_hbase;apache-hbase
database,hbase,Apache HBase,2.4,2020-12-15,2025-05-25,True,False,2.4.18,cpe:2.3:a:apache:hbase,apache,hbase,apache_hbase;apache-hbase
database,hbase,Apache HBase,2.5,2022-08-31,,False,True,2.5.15,cpe:2.3:a:apache:hbase,apache,hbase,apache_hbase;apache-hbase
database,hbase,Apache HBase,2.6,2024-05-17,,False,True,2.6.6,cpe:2.3:a:apache:hbase,apache,hbase,apache_hbase;apache-hbase
database,hbase,Apache HBase,3.0,2026-08-05,,False,True,3.0.0,cpe:2.3:a:apache:hbase,apache,hbase,apache_hbase;apache-hbase
database,apache-hadoop,Apache Hadoop,1.0,2011-12-27,2012-10-12,True,False,1.0.4,cpe:2.3:a:apache:hadoop,apache,hadoop,hadoop
database,apache-hadoop,Apache Hadoop,1.1,2012-10-15,2013-03-06,True,False,1.1.2,cpe:2.3:a:apache:hadoop,apache,hadoop,hadoop
database,apache-hadoop,Apache Hadoop,1.2,2013-05-14,2013-08-04,True,False,1.2.1,cpe:2.3:a:apache:hadoop,apache,hadoop,hadoop
database,apache-hadoop,Apache Hadoop,2.10,2019-10-29,,False,True,2.10.2,cpe:2.3:a:apache:hadoop,apache,hadoop,hadoop
database,apache-hadoop,Apache Hadoop,2.2,2013-10-16,2013-10-16,True,False,2.2.0,cpe:2.3:a:apache:hadoop,apache,hadoop,hadoop
database,apache-hadoop,Apache Hadoop,2.3,2014-02-24,2014-02-24,True,False,2.3.0,cpe:2.3:a:apache:hadoop,apache,hadoop,hadoop
database,apache-hadoop,Apache Hadoop,2.4,2014-04-10,2014-06-30,True,False,2.4.1,cpe:2.3:a:apache:hadoop,apache,hadoop,hadoop
database,apache-hadoop,Apache Hadoop,2.5,2014-09-11,2015-11-19,True,False,2.5.2,cpe:2.3:a:apache:hadoop,apache,hadoop,hadoop
database,apache-hadoop,Apache Hadoop,2.6,2014-11-30,2016-10-10,True,False,2.6.5,cpe:2.3:a:apache:hadoop,apache,hadoop,hadoop
database,apache-hadoop,Apache Hadoop,2.7,2015-07-06,2018-07-18,True,False,2.7.7,cpe:2.3:a:apache:hadoop,apache,hadoop,hadoop
database,apache-hadoop,Apache Hadoop,2.8,2017-03-24,2018-09-18,True,False,2.8.5,cpe:2.3:a:apache:hadoop,apache,hadoop,hadoop
database,apache-hadoop,Apache Hadoop,2.9,2017-11-17,2018-11-20,True,False,2.9.2,cpe:2.3:a:apache:hadoop,apache,hadoop,hadoop
database,apache-hadoop,Apache Hadoop,3.0,2017-12-18,2018-06-10,True,False,3.0.3,cpe:2.3:a:apache:hadoop,apache,hadoop,hadoop
database,apache-hadoop,Apache Hadoop,3.1,2018-04-05,2020-08-18,True,False,3.1.4,cpe:2.3:a:apache:hadoop,apache,hadoop,hadoop
database,apache-hadoop,Apache Hadoop,3.2,2019-01-21,2023-12-21,True,False,3.2.4,cpe:2.3:a:apache:hadoop,apache,hadoop,hadoop
database,apache-hadoop,Apache Hadoop,3.3,2020-07-15,,False,True,3.3.6,cpe:2.3:a:apache:hadoop,apache,hadoop,hadoop
database,apache-hadoop,Apache Hadoop,3.4,2024-03-17,,False,True,3.4.3,cpe:2.3:a:apache:hadoop,apache,hadoop,hadoop
database,apache-hadoop,Apache Hadoop,3.5,2026-04-02,,False,True,3.5.0,cpe:2.3:a:apache:hadoop,apache,hadoop,hadoop
database,arangodb,ArangoDB,2.8,2016-01-25,2018-06-15,True,False,2.8.11,cpe:2.3:a:arangodb:arangodb,arangodb,arangodb,
database,arangodb,ArangoDB,3.0,2016-06-22,,True,False,3.0.12,cpe:2.3:a:arangodb:arangodb,arangodb,arangodb,
database,arangodb,ArangoDB,3.1,2016-11-02,,True,False,3.1.29,cpe:2.3:a:arangodb:arangodb,arangodb,arangodb,
database,arangodb,ArangoDB,3.10,2022-09-29,2024-04-15,True,False,3.10.14,cpe:2.3:a:arangodb:arangodb,arangodb,arangodb,
database,arangodb,ArangoDB,3.11,2023-05-23,,False,True,3.11.14.5,cpe:2.3:a:arangodb:arangodb,arangodb,arangodb,
database,arangodb,ArangoDB,3.12,2024-03-21,,False,True,3.12.11,cpe:2.3:a:arangodb:arangodb,arangodb,arangodb,
database,arangodb,ArangoDB,3.2,2017-07-19,2019-03-31,True,False,3.2.18,cpe:2.3:a:arangodb:arangodb,arangodb,arangodb,
database,arangodb,ArangoDB,3.3,2017-12-14,2020-02-29,True,False,3.3.25,cpe:2.3:a:arangodb:arangodb,arangodb,arangodb,
database,arangodb,ArangoDB,3.4,2018-12-05,2020-06-21,True,False,3.4.11,cpe:2.3:a:arangodb:arangodb,arangodb,arangodb,
database,arangodb,ArangoDB,3.5,2019-08-14,2020-12-31,True,False,3.5.7,cpe:2.3:a:arangodb:arangodb,arangodb,arangodb,
database,arangodb,ArangoDB,3.6,2019-12-30,2021-08-31,True,False,3.6.16,cpe:2.3:a:arangodb:arangodb,arangodb,arangodb,
database,arangodb,ArangoDB,3.7,2020-04-10,2022-05-31,True,False,3.7.18,cpe:2.3:a:arangodb:arangodb,arangodb,arangodb,
database,arangodb,ArangoDB,3.8,2021-07-14,2023-04-30,True,False,3.8.9,cpe:2.3:a:arangodb:arangodb,arangodb,arangodb,
database,arangodb,ArangoDB,3.9,2022-02-07,2023-09-15,True,False,3.9.12,cpe:2.3:a:arangodb:arangodb,arangodb,arangodb,
database,clickhouse,ClickHouse,25.1,2025-01-28,2025-04-22,True,False,25.1.8.25,,,,
database,clickhouse,ClickHouse,25.10,2025-11-01,2026-01-30,True,False,25.10.7.6,,,,
database,clickhouse,ClickHouse,25.11,2025-11-27,2026-02-27,True,False,25.11.9.34,,,,
database,clickhouse,ClickHouse,25.12,2025-12-18,2026-03-26,True,False,25.12.12.1,,,,
database,clickhouse,ClickHouse,25.2,2025-02-28,2025-05-22,True,False,25.2.2.39,,,,
database,clickhouse,ClickHouse,25.3 (LTS),2025-03-20,2026-03-20,True,False,25.3.14.14,,,,
database,clickhouse,ClickHouse,25.4,2025-04-22,2025-07-29,True,False,25.4.13.22,,,,
database,clickhouse,ClickHouse,25.5,2025-05-22,2025-08-29,True,False,25.5.11.15,,,,
database,clickhouse,ClickHouse,25.6,2025-06-26,2025-09-27,True,False,25.6.13.41,,,,
database,clickhouse,ClickHouse,25.7,2025-07-29,2025-11-01,True,False,25.7.8.71,,,,
database,clickhouse,ClickHouse,25.8 (LTS),2025-08-29,2026-08-29,True,False,25.8.33.6,,,,
database,clickhouse,ClickHouse,25.9,2025-09-27,2025-12-18,True,False,25.9.7.56,,,,
database,clickhouse,ClickHouse,26.1,2026-01-30,2026-05-05,True,False,26.1.12.23,,,,
database,clickhouse,ClickHouse,26.2,2026-02-27,2026-05-21,True,False,26.2.19.43,,,,
database,clickhouse,ClickHouse,26.3 (LTS),2026-03-26,2027-03-26,False,True,26.3.29.7,,,,
database,clickhouse,ClickHouse,26.4,2026-05-05,2026-07-22,True,False,26.4.5.143,,,,
database,clickhouse,ClickHouse,26.5,2026-05-21,2026-08-27,True,False,26.5.7.64,,,,
database,clickhouse,ClickHouse,26.6,2026-06-25,,False,True,26.6.4.55,,,,
database,clickhouse,ClickHouse,26.7,2026-07-22,,False,True,26.7.6.57,,,,
database,clickhouse,ClickHouse,26.8 (LTS),2026-08-27,2027-08-27,False,True,26.8.2.7,,,,
database,cockroachdb,CockroachDB,1.0,2017-05-10,2018-11-10,True,False,1.0.7,,,,cockroach;crdb
database,cockroachdb,CockroachDB,1.1,2017-10-12,2019-04-12,True,False,1.1.9,,,,cockroach;crdb
database,cockroachdb,CockroachDB,19.1,2019-04-30,2020-10-30,True,False,19.1.11,,,,cockroach;crdb
database,cockroachdb,CockroachDB,19.2,2019-11-12,2021-05-12,True,False,19.2.12,,,,cockroach;crdb
database,cockroachdb,CockroachDB,2.0,2018-04-04,2019-10-04,True,False,2.0.7,,,,cockroach;crdb
database,cockroachdb,CockroachDB,2.1,2018-10-30,2020-04-30,True,False,2.1.11,,,,cockroach;crdb
database,cockroachdb,CockroachDB,20.1,2020-05-12,2021-11-12,True,False,20.1.17,,,,cockroach;crdb
database,cockroachdb,CockroachDB,20.2,2020-11-10,2022-05-10,True,False,20.2.19,,,,cockroach;crdb
database,cockroachdb,CockroachDB,21.1,2021-05-18,2022-11-18,True,False,21.1.21,,,,cockroach;crdb
database,cockroachdb,CockroachDB,21.2,2021-11-16,2023-05-16,True,False,21.2.17,,,,cockroach;crdb
database,cockroachdb,CockroachDB,22.1,2022-05-24,2023-11-24,True,False,22.1.22,,,,cockroach;crdb
database,cockroachdb,CockroachDB,22.2,2022-12-05,2024-06-05,True,False,22.2.19,,,,cockroach;crdb
database,cockroachdb,CockroachDB,23.1 (LTS),2023-05-15,2024-11-15,True,False,23.1.30,,,,cockroach;crdb
database,cockroachdb,CockroachDB,23.2 (LTS),2024-02-05,2025-08-05,True,False,23.2.31,,,,cockroach;crdb
database,cockroachdb,CockroachDB,24.1 (Upcoming LTS),2024-05-20,2025-11-20,True,False,24.1.33,,,,cockroach;crdb
database,cockroachdb,CockroachDB,24.2,2024-08-12,2025-02-12,True,False,24.2.10,,,,cockroach;crdb
database,cockroachdb,CockroachDB,24.3,2024-11-18,2026-05-18,True,False,24.3.36,,,,cockroach;crdb
database,cockroachdb,CockroachDB,25.1,2025-02-18,,False,True,25.1.10,,,,cockroach;crdb
database,cockroachdb,CockroachDB,25.2,2025-05-09,2026-11-12,False,True,25.2.23,,,,cockroach;crdb
database,cockroachdb,CockroachDB,25.3,2025-08-04,2026-02-04,True,False,25.3.7,,,,cockroach;crdb
database,cockroachdb,CockroachDB,25.4,2025-11-03,2027-05-03,False,True,25.4.16,,,,cockroach;crdb
database,cockroachdb,CockroachDB,26.1,2026-02-02,2026-08-02,True,False,26.1.8,,,,cockroach;crdb
database,cockroachdb,CockroachDB,26.2,2026-04-27,2027-10-27,False,True,26.2.6,,,,cockroach;crdb
database,couchbase-server,Couchbase Server,1.8,2012-07-31,2014-01-31,True,False,1.8.0,cpe:2.3:a:couchbase:couchbase_server,couchbase,couchbase_server,couchbase
database,couchbase-server,Couchbase Server,2.0,2012-12-31,2014-06-30,True,False,2.0.0,cpe:2.3:a:couchbase:couchbase_server,couchbase,couchbase_server,couchbase
database,couchbase-server,Couchbase Server,2.1,2013-06-26,2014-12-31,True,False,2.1.0,cpe:2.3:a:couchbase:couchbase_server,couchbase,couchbase_server,couchbase
database,couchbase-server,Couchbase Server,2.2,2013-09-30,2015-03-31,True,False,2.2.0,cpe:2.3:a:couchbase:couchbase_server,couchbase,couchbase_server,couchbase
database,couchbase-server,Couchbase Server,2.5,2014-02-28,2015-12-31,True,False,2.5.0,cpe:2.3:a:couchbase:couchbase_server,couchbase,couchbase_server,couchbase
database,couchbase-server,Couchbase Server,3.0,2014-12-17,2016-04-30,True,False,3.0.3,cpe:2.3:a:couchbase:couchbase_server,couchbase,couchbase_server,couchbase
database,couchbase-server,Couchbase Server,3.1,2015-08-31,2017-02-28,True,False,3.1.3,cpe:2.3:a:couchbase:couchbase_server,couchbase,couchbase_server,couchbase
database,couchbase-server,Couchbase Server,4.0,2015-10-06,2017-04-30,True,False,4.0.0,cpe:2.3:a:couchbase:couchbase_server,couchbase,couchbase_server,couchbase
database,couchbase-server,Couchbase Server,4.1,2015-12-10,2018-04-30,True,False,4.1.2,cpe:2.3:a:couchbase:couchbase_server,couchbase,couchbase_server,couchbase
database,couchbase-server,Couchbase Server,4.5,2016-06-27,2018-04-30,True,False,4.5.1,cpe:2.3:a:couchbase:couchbase_server,couchbase,couchbase_server,couchbase
database,couchbase-server,Couchbase Server,4.6,2017-02-16,2018-08-31,True,False,5.0.1,cpe:2.3:a:couchbase:couchbase_server,couchbase,couchbase_server,couchbase
database,couchbase-server,Couchbase Server,5.0,2017-10-26,2018-08-31,True,False,5.0.1,cpe:2.3:a:couchbase:couchbase_server,couchbase,couchbase_server,couchbase
database,couchbase-server,Couchbase Server,5.1,2018-02-28,2019-01-31,True,False,5.1.3,cpe:2.3:a:couchbase:couchbase_server,couchbase,couchbase_server,couchbase
database,couchbase-server,Couchbase Server,5.5,2018-07-23,2020-07-31,True,False,5.5.6,cpe:2.3:a:couchbase:couchbase_server,couchbase,couchbase_server,couchbase
database,couchbase-server,Couchbase Server,6.0,2018-10-31,2020-07-31,True,False,6.0.5,cpe:2.3:a:couchbase:couchbase_server,couchbase,couchbase_server,couchbase
database,couchbase-server,Couchbase Server,6.5,2020-01-21,2021-02-28,True,False,6.5.2,cpe:2.3:a:couchbase:couchbase_server,couchbase,couchbase_server,couchbase
database,couchbase-server,Couchbase Server,6.6,2020-08-12,2023-01-31,True,False,6.6.6,cpe:2.3:a:couchbase:couchbase_server,couchbase,couchbase_server,couchbase
database,couchbase-server,Couchbase Server,7.0,2021-07-29,2023-01-31,True,False,7.0.5,cpe:2.3:a:couchbase:couchbase_server,couchbase,couchbase_server,couchbase
database,couchbase-server,Couchbase Server,7.1,2022-05-10,2024-01-31,True,False,7.1.6,cpe:2.3:a:couchbase:couchbase_server,couchbase,couchbase_server,couchbase
database,couchbase-server,Couchbase Server,7.2,2023-06-01,2026-07-31,True,False,7.2.9,cpe:2.3:a:couchbase:couchbase_server,couchbase,couchbase_server,couchbase
database,couchbase-server,Couchbase Server,7.6,2024-03-25,2027-03-31,False,True,7.6.12,cpe:2.3:a:couchbase:couchbase_server,couchbase,couchbase_server,couchbase
database,couchbase-server,Couchbase Server,8.0,2025-10-21,2028-10-31,False,True,8.0.3,cpe:2.3:a:couchbase:couchbase_server,couchbase,couchbase_server,couchbase
database,duckdb,DuckDB,1.0,2024-06-03,2024-09-09,True,False,1.0.0,cpe:2.3:a:duckdb:duckdb,duckdb,duckdb,
database,duckdb,DuckDB,1.1,2024-09-09,2025-02-05,True,False,1.1.3,cpe:2.3:a:duckdb:duckdb,duckdb,duckdb,
database,duckdb,DuckDB,1.2,2025-02-05,2025-05-21,True,False,1.2.2,cpe:2.3:a:duckdb:duckdb,duckdb,duckdb,
database,duckdb,DuckDB,1.3,2025-05-21,2025-09-16,True,False,1.3.2,cpe:2.3:a:duckdb:duckdb,duckdb,duckdb,
database,duckdb,DuckDB,1.4 (LTS),2025-09-16,2026-09-16,False,True,1.4.5,cpe:2.3:a:duckdb:duckdb,duckdb,duckdb,
database,duckdb,DuckDB,1.5,2026-03-09,,False,True,1.5.5,cpe:2.3:a:duckdb:duckdb,duckdb,duckdb,
database,elasticsearch,Elasticsearch,6,2017-11-14,2022-02-10,True,False,6.8.23,cpe:2.3:a:elastic:elasticsearch,elastic,elasticsearch,
database,elasticsearch,Elasticsearch,7,2019-04-10,2026-01-15,True,False,7.17.29,cpe:2.3:a:elastic:elasticsearch,elastic,elasticsearch,
database,elasticsearch,Elasticsearch,8.16,2024-11-12,2025-04-15,True,False,8.16.6,cpe:2.3:a:elastic:elasticsearch,elastic,elasticsearch,
database,elasticsearch,Elasticsearch,8.17,2024-12-12,2025-08-12,True,False,8.17.10,cpe:2.3:a:elastic:elasticsearch,elastic,elasticsearch,
database,elasticsearch,Elasticsearch,8.18,2025-04-15,2025-10-21,True,False,8.18.8,cpe:2.3:a:elastic:elasticsearch,elastic,elasticsearch,
database,elasticsearch,Elasticsearch,8.19,2025-07-29,2027-07-15,False,True,8.19.21,cpe:2.3:a:elastic:elasticsearch,elastic,elasticsearch,
database,elasticsearch,Elasticsearch,9.0,2025-04-15,2025-10-23,True,False,9.0.8,cpe:2.3:a:elastic:elasticsearch,elastic,elasticsearch,
database,elasticsearch,Elasticsearch,9.1,2025-07-29,2026-02-03,True,False,9.1.10,cpe:2.3:a:elastic:elasticsearch,elastic,elasticsearch,
database,elasticsearch,Elasticsearch,9.2,2025-10-23,2026-05-05,True,False,9.2.8,cpe:2.3:a:elastic:elasticsearch,elastic,elasticsearch,
database,elasticsearch,Elasticsearch,9.3,2026-02-03,2026-08-04,True,False,9.3.8,cpe:2.3:a:elastic:elasticsearch,elastic,elasticsearch,
database,elasticsearch,Elasticsearch,9.4,2026-05-05,,False,True,9.4.6,cpe:2.3:a:elastic:elasticsearch,elastic,elasticsearch,
database,elasticsearch,Elasticsearch,9.5,2026-08-04,,False,True,9.5.3,cpe:2.3:a:elastic:elasticsearch,elastic,elasticsearch,
database,foundationdb,FoundationDB,6.3,2020-09-23,2022-11-02,True,False,6.3.25,,,,
database,foundationdb,FoundationDB,7.1,2022-09-19,,False,True,7.1.61,,,,
database,foundationdb,FoundationDB,7.3,2024-05-20,,False,True,7.3.77,,,,
database,ibm-db2,IBM Db2,10.1,2012-06-11,2017-09-30,True,False,,cpe:2.3:a:ibm:db2,ibm,db2,
database,ibm-db2,IBM Db2,10.5,2013-07-26,2020-04-30,True,False,,cpe:2.3:a:ibm:db2,ibm,db2,
database,ibm-db2,IBM Db2,11.1,2016-06-15,2022-04-30,True,False,,cpe:2.3:a:ibm:db2,ibm,db2,
database,ibm-db2,IBM Db2,11.5,2019-06-25,2027-04-30,False,True,,cpe:2.3:a:ibm:db2,ibm,db2,
database,ibm-db2,IBM Db2,12.1,2024-11-14,,False,True,,cpe:2.3:a:ibm:db2,ibm,db2,
database,ibm-db2,IBM Db2,9.1,2006-09-22,2012-04-30,True,False,,cpe:2.3:a:ibm:db2,ibm,db2,
database,ibm-db2,IBM Db2,9.5,2007-12-14,2015-04-30,True,False,,cpe:2.3:a:ibm:db2,ibm,db2,
database,ibm-db2,IBM Db2,9.7,2009-08-28,2017-09-30,True,False,,cpe:2.3:a:ibm:db2,ibm,db2,
database,mariadb,MariaDB,10.0,2014-03-31,2019-03-31,True,False,10.0.38,cpe:2.3:a:mariadb:mariadb,mariadb,mariadb,
database,mariadb,MariaDB,10.1,2015-10-17,2020-10-17,True,False,10.1.48,cpe:2.3:a:mariadb:mariadb,mariadb,mariadb,
database,mariadb,MariaDB,10.10,2022-11-07,2023-11-17,True,False,10.10.7,cpe:2.3:a:mariadb:mariadb,mariadb,mariadb,
database,mariadb,MariaDB,10.11 (LTS),2023-02-16,2028-02-16,False,True,10.11.19,cpe:2.3:a:mariadb:mariadb,mariadb,mariadb,
database,mariadb,MariaDB,10.2,2017-05-23,2022-05-23,True,False,10.2.44,cpe:2.3:a:mariadb:mariadb,mariadb,mariadb,
database,mariadb,MariaDB,10.3,2018-05-25,2023-05-25,True,False,10.3.39,cpe:2.3:a:mariadb:mariadb,mariadb,mariadb,
database,mariadb,MariaDB,10.4 (LTS),2019-06-18,2024-06-18,True,False,10.4.34,cpe:2.3:a:mariadb:mariadb,mariadb,mariadb,
database,mariadb,MariaDB,10.5 (LTS),2020-06-24,2025-06-24,True,False,10.5.29,cpe:2.3:a:mariadb:mariadb,mariadb,mariadb,
database,mariadb,MariaDB,10.6 (LTS),2021-07-06,2026-07-06,True,True,10.6.28,cpe:2.3:a:mariadb:mariadb,mariadb,mariadb,
database,mariadb,MariaDB,10.7,2022-02-08,2023-02-09,True,False,10.7.8,cpe:2.3:a:mariadb:mariadb,mariadb,mariadb,
database,mariadb,MariaDB,10.8,2022-05-20,2023-05-20,True,False,10.8.8,cpe:2.3:a:mariadb:mariadb,mariadb,mariadb,
database,mariadb,MariaDB,10.9,2022-08-15,2023-08-22,True,False,10.9.8,cpe:2.3:a:mariadb:mariadb,mariadb,mariadb,
database,mariadb,MariaDB,11.0,2023-06-06,2024-06-06,True,False,11.0.6,cpe:2.3:a:mariadb:mariadb,mariadb,mariadb,
database,mariadb,MariaDB,11.1,2023-08-21,2024-08-21,True,False,11.1.6,cpe:2.3:a:mariadb:mariadb,mariadb,mariadb,
database,mariadb,MariaDB,11.2,2023-11-21,2024-11-21,True,False,11.2.6,cpe:2.3:a:mariadb:mariadb,mariadb,mariadb,
database,mariadb,MariaDB,11.3,2024-02-16,2024-05-29,True,False,11.3.2,cpe:2.3:a:mariadb:mariadb,mariadb,mariadb,
database,mariadb,MariaDB,11.4 (LTS),2024-05-29,2029-05-29,False,True,11.4.13,cpe:2.3:a:mariadb:mariadb,mariadb,mariadb,
database,mariadb,MariaDB,11.5,2024-08-14,2024-11-21,True,False,11.5.2,cpe:2.3:a:mariadb:mariadb,mariadb,mariadb,
database,mariadb,MariaDB,11.6,2024-11-13,2025-02-13,True,False,11.6.2,cpe:2.3:a:mariadb:mariadb,mariadb,mariadb,
database,mariadb,MariaDB,11.7,2025-02-12,2025-05-12,True,False,11.7.2,cpe:2.3:a:mariadb:mariadb,mariadb,mariadb,
database,mariadb,MariaDB,11.8 (LTS),2025-06-04,2028-06-04,False,True,11.8.9,cpe:2.3:a:mariadb:mariadb,mariadb,mariadb,
database,mariadb,MariaDB,12.0,2025-08-07,2025-11-18,True,False,12.0.2,cpe:2.3:a:mariadb:mariadb,mariadb,mariadb,
database,mariadb,MariaDB,12.1,2025-11-18,2026-02-13,True,False,12.1.2,cpe:2.3:a:mariadb:mariadb,mariadb,mariadb,
database,mariadb,MariaDB,12.2,2026-02-13,2026-05-28,True,False,12.2.2,cpe:2.3:a:mariadb:mariadb,mariadb,mariadb,
database,mariadb,MariaDB,12.3 (LTS),2026-05-28,2029-06-12,False,True,12.3.3,cpe:2.3:a:mariadb:mariadb,mariadb,mariadb,
database,mariadb,MariaDB,5.1,2010-02-01,2015-02-01,True,False,5.1.67,cpe:2.3:a:mariadb:mariadb,mariadb,mariadb,
database,mariadb,MariaDB,5.2,2010-11-10,2015-11-10,True,False,5.2.14,cpe:2.3:a:mariadb:mariadb,mariadb,mariadb,
database,mariadb,MariaDB,5.3,2012-02-29,2017-03-01,True,False,5.3.12,cpe:2.3:a:mariadb:mariadb,mariadb,mariadb,
database,mariadb,MariaDB,5.5 (LTS),2012-04-11,2020-04-11,True,False,5.5.68,cpe:2.3:a:mariadb:mariadb,mariadb,mariadb,
database,memcached,Memcached,1.4,2009-07-09,2017-07-21,True,False,1.4.39,cpe:2.3:a:memcached:memcached,memcached,memcached,
database,memcached,Memcached,1.5,2017-07-21,2020-03-09,True,False,1.5.22,cpe:2.3:a:memcached:memcached,memcached,memcached,
database,memcached,Memcached,1.6,2020-03-08,,False,True,1.6.45,cpe:2.3:a:memcached:memcached,memcached,memcached,
database,mssqlserver,Microsoft SQL Server,2000 'Shiloh' SP4,2005-05-06,2013-04-09,True,False,8.0.2305 QFE,cpe:2.3:a:microsoft:sql_server,microsoft,sql_server,mssql;microsoftsqlserver
database,mssqlserver,Microsoft SQL Server,2005 'Yukon',2006-01-14,2007-07-10,True,False,9.0.1399,cpe:2.3:a:microsoft:sql_server,microsoft,sql_server,mssql;microsoftsqlserver
database,mssqlserver,Microsoft SQL Server,2005 'Yukon' SP1,2006-04-18,2008-04-08,True,False,9.0.2233,cpe:2.3:a:microsoft:sql_server,microsoft,sql_server,mssql;microsoftsqlserver
database,mssqlserver,Microsoft SQL Server,2005 'Yukon' SP2,2007-02-19,2010-01-12,True,False,9.00.3325 CU13,cpe:2.3:a:microsoft:sql_server,microsoft,sql_server,mssql;microsoftsqlserver
database,mssqlserver,Microsoft SQL Server,2005 'Yukon' SP3,2008-12-15,2012-01-10,True,False,9.00.4309 CU11,cpe:2.3:a:microsoft:sql_server,microsoft,sql_server,mssql;microsoftsqlserver
database,mssqlserver,Microsoft SQL Server,2005 'Yukon' SP4,2010-12-13,2016-04-12,True,False,9.0.5324.0 QFE,cpe:2.3:a:microsoft:sql_server,microsoft,sql_server,mssql;microsoftsqlserver
database,mssqlserver,Microsoft SQL Server,2008 'Katmai',2008-11-06,2010-04-13,True,False,10.00.1835 CU10,cpe:2.3:a:microsoft:sql_server,microsoft,sql_server,mssql;microsoftsqlserver
database,mssqlserver,Microsoft SQL Server,2008 'Katmai' SP1,2009-03-31,2011-10-11,True,False,10.00.2850 CU16,cpe:2.3:a:microsoft:sql_server,microsoft,sql_server,mssql;microsoftsqlserver
database,mssqlserver,Microsoft SQL Server,2008 'Katmai' SP2,2010-09-24,2012-10-09,True,False,10.00.4371 CU10+QFE,cpe:2.3:a:microsoft:sql_server,microsoft,sql_server,mssql;microsoftsqlserver
database,mssqlserver,Microsoft SQL Server,2008 'Katmai' SP3,2011-10-06,2015-10-13,True,False,10.00.5861 CU16+QFE,cpe:2.3:a:microsoft:sql_server,microsoft,sql_server,mssql;microsoftsqlserver
database,mssqlserver,Microsoft SQL Server,2008 'Katmai' SP4,2014-07-07,2019-07-09,True,False,10.0.6814.4 CU17+GDR,cpe:2.3:a:microsoft:sql_server,microsoft,sql_server,mssql;microsoftsqlserver
database,mssqlserver,Microsoft SQL Server,2008 'Kilimanjaro' R2,2010-07-20,2012-07-10,True,False,10.50.1815.0 CU13,cpe:2.3:a:microsoft:sql_server,microsoft,sql_server,mssql;microsoftsqlserver
database,mssqlserver,Microsoft SQL Server,2008 R2 'Kilimanjaro' SP1,2011-07-12,2013-10-08,True,False,10.50.2881.0 CU14,cpe:2.3:a:microsoft:sql_server,microsoft,sql_server,mssql;microsoftsqlserver
database,mssqlserver,Microsoft SQL Server,2008 R2 'Kilimanjaro' SP2,2012-07-26,2015-10-13,True,False,10.50.4339.0 CU13+QFE,cpe:2.3:a:microsoft:sql_server,microsoft,sql_server,mssql;microsoftsqlserver
database,mssqlserver,Microsoft SQL Server,2008 R2 'Kilimanjaro' SP3,2014-07-07,2019-07-09,True,False,10.50.6785.2 GDR,cpe:2.3:a:microsoft:sql_server,microsoft,sql_server,mssql;microsoftsqlserver
database,mssqlserver,Microsoft SQL Server,2012 'Denali',2012-05-20,2014-01-14,True,False,11.0.2424.0 CU11,cpe:2.3:a:microsoft:sql_server,microsoft,sql_server,mssql;microsoftsqlserver
database,mssqlserver,Microsoft SQL Server,2012 'Denali' SP1,2012-11-07,2015-07-14,True,False,11.0.3513.0 CU13+QFE,cpe:2.3:a:microsoft:sql_server,microsoft,sql_server,mssql;microsoftsqlserver
database,mssqlserver,Microsoft SQL Server,2012 'Denali' SP2,2014-06-10,2017-01-10,True,False,11.0.5678.0 CU16,cpe:2.3:a:microsoft:sql_server,microsoft,sql_server,mssql;microsoftsqlserver
database,mssqlserver,Microsoft SQL Server,2012 'Denali' SP3,2015-12-01,2018-10-09,True,False,11.0.6614.2 CU10+QFE,cpe:2.3:a:microsoft:sql_server,microsoft,sql_server,mssql;microsoftsqlserver
database,mssqlserver,Microsoft SQL Server,2012 'Denali' SP4,2017-10-05,2022-07-12,True,False,11.0.7512.11 GDR,cpe:2.3:a:microsoft:sql_server,microsoft,sql_server,mssql;microsoftsqlserver
database,mssqlserver,Microsoft SQL Server,2014 'Hekaton',2014-06-05,2016-07-12,True,False,12.0.2569.0 CU14,cpe:2.3:a:microsoft:sql_server,microsoft,sql_server,mssql;microsoftsqlserver
database,mssqlserver,Microsoft SQL Server,2014 'Hekaton' SP1,2015-04-14,2017-10-10,True,False,12.0.4522.0 CU13,cpe:2.3:a:microsoft:sql_server,microsoft,sql_server,mssql;microsoftsqlserver
database,mssqlserver,Microsoft SQL Server,2014 'Hekaton' SP2,2016-07-14,2020-01-14,True,False,12.0.5687.1 CU18,cpe:2.3:a:microsoft:sql_server,microsoft,sql_server,mssql;microsoftsqlserver
database,mssqlserver,Microsoft SQL Server,2014 'Hekaton' SP3,2018-10-30,2024-07-09,True,True,12.0.6449.1 CU4+GDR,cpe:2.3:a:microsoft:sql_server,microsoft,sql_server,mssql;microsoftsqlserver
database,mssqlserver,Microsoft SQL Server,2016,2016-06-01,2018-01-09,True,False,13.0.2218.0 CU9+GDR,cpe:2.3:a:microsoft:sql_server,microsoft,sql_server,mssql;microsoftsqlserver
database,mssqlserver,Microsoft SQL Server,2016 SP1,2016-11-16,2019-07-09,True,False,13.0.4604.0 CU15+GDR,cpe:2.3:a:microsoft:sql_server,microsoft,sql_server,mssql;microsoftsqlserver
database,mssqlserver,Microsoft SQL Server,2016 SP2,2018-04-24,2022-10-11,True,False,13.0.5893.48 CU17+GDR,cpe:2.3:a:microsoft:sql_server,microsoft,sql_server,mssql;microsoftsqlserver
database,mssqlserver,Microsoft SQL Server,2016 SP3,2021-09-15,2026-07-14,True,True,13.0.6500.1 GDR,cpe:2.3:a:microsoft:sql_server,microsoft,sql_server,mssql;microsoftsqlserver
database,mssqlserver,Microsoft SQL Server,2016 SP3 Azure Connect Pack,2022-05-19,2026-07-14,True,True,13.0.7095.1 Azure Connect pack+GDR,cpe:2.3:a:microsoft:sql_server,microsoft,sql_server,mssql;microsoftsqlserver
database,mssqlserver,Microsoft SQL Server,2017 'Helsinki',2017-09-29,2027-10-12,False,True,14.0.3540.1 CU31+GDR,cpe:2.3:a:microsoft:sql_server,microsoft,sql_server,mssql;microsoftsqlserver
database,mssqlserver,Microsoft SQL Server,2019 'Aris/Seattle',2019-11-04,2030-01-08,False,True,15.0.4480.2 CU32+GDR,cpe:2.3:a:microsoft:sql_server,microsoft,sql_server,mssql;microsoftsqlserver
database,mssqlserver,Microsoft SQL Server,2022 'Dallas',2022-11-16,2033-01-11,False,True,16.0.4265.3 CU26,cpe:2.3:a:microsoft:sql_server,microsoft,sql_server,mssql;microsoftsqlserver
database,mssqlserver,Microsoft SQL Server,2025,2025-11-18,2036-01-06,False,True,17.0.4075.5 CU8,cpe:2.3:a:microsoft:sql_server,microsoft,sql_server,mssql;microsoftsqlserver
database,mssqlserver,Microsoft SQL Server,6.0 'SQL95' SP3,1995-06-13,1999-03-31,True,False,6.0.151,cpe:2.3:a:microsoft:sql_server,microsoft,sql_server,mssql;microsoftsqlserver
database,mssqlserver,Microsoft SQL Server,6.5 'Hydra' SP5a,1998-12-24,2002-01-01,True,False,6.50.480,cpe:2.3:a:microsoft:sql_server,microsoft,sql_server,mssql;microsoftsqlserver
database,mssqlserver,Microsoft SQL Server,7.0 'Sphinx' SP4,2002-04-26,2011-01-11,True,False,7.0.1152,cpe:2.3:a:microsoft:sql_server,microsoft,sql_server,mssql;microsoftsqlserver
database,mongodb,MongoDB Server,1.0,2009-08-27,2010-08-31,True,False,1.0.1,cpe:2.3:a:mongodb:mongodb,mongodb,mongodb,mongo
database,mongodb,MongoDB Server,1.2,2009-12-10,2011-06-30,True,False,1.2.5,cpe:2.3:a:mongodb:mongodb,mongodb,mongodb,mongo
database,mongodb,MongoDB Server,1.4,2010-03-25,2012-09-30,True,False,1.4.5,cpe:2.3:a:mongodb:mongodb,mongodb,mongodb,mongo
database,mongodb,MongoDB Server,1.6,2010-08-05,2012-02-28,True,False,1.6.5,cpe:2.3:a:mongodb:mongodb,mongodb,mongodb,mongo
database,mongodb,MongoDB Server,1.8,2011-03-16,2012-09-30,True,False,1.8.5,cpe:2.3:a:mongodb:mongodb,mongodb,mongodb,mongo
database,mongodb,MongoDB Server,2.0,2011-09-11,2013-03-31,True,False,2.0.9,cpe:2.3:a:mongodb:mongodb,mongodb,mongodb,mongo
database,mongodb,MongoDB Server,2.2,2012-08-28,2014-02-28,True,False,2.2.7,cpe:2.3:a:mongodb:mongodb,mongodb,mongodb,mongo
database,mongodb,MongoDB Server,2.4,2013-03-18,2013-03-31,True,False,2.4.14,cpe:2.3:a:mongodb:mongodb,mongodb,mongodb,mongo
database,mongodb,MongoDB Server,2.6,2014-04-07,2016-10-31,True,False,2.6.12,cpe:2.3:a:mongodb:mongodb,mongodb,mongodb,mongo
database,mongodb,MongoDB Server,3.0,2015-03-31,2018-02-28,True,False,3.0.15,cpe:2.3:a:mongodb:mongodb,mongodb,mongodb,mongo
database,mongodb,MongoDB Server,3.2,2015-12-31,2018-09-30,True,False,3.2.22,cpe:2.3:a:mongodb:mongodb,mongodb,mongodb,mongo
database,mongodb,MongoDB Server,3.4,2016-11-30,2020-01-31,True,False,3.4.24,cpe:2.3:a:mongodb:mongodb,mongodb,mongodb,mongo
database,mongodb,MongoDB Server,3.6,2017-11-30,2021-04-30,True,False,3.6.23,cpe:2.3:a:mongodb:mongodb,mongodb,mongodb,mongo
database,mongodb,MongoDB Server,4.0,2018-06-30,2022-04-30,True,False,4.0.28,cpe:2.3:a:mongodb:mongodb,mongodb,mongodb,mongo
database,mongodb,MongoDB Server,4.2,2019-08-31,2023-04-30,True,False,4.2.25,cpe:2.3:a:mongodb:mongodb,mongodb,mongodb,mongo
database,mongodb,MongoDB Server,4.4,2020-07-31,2024-02-29,True,False,4.4.31,cpe:2.3:a:mongodb:mongodb,mongodb,mongodb,mongo
database,mongodb,MongoDB Server,5.0,2021-07-31,2024-10-31,True,False,5.0.34,cpe:2.3:a:mongodb:mongodb,mongodb,mongodb,mongo
database,mongodb,MongoDB Server,5.1 (Rapid Release),2021-11-30,2022-01-19,True,False,5.1.1,cpe:2.3:a:mongodb:mongodb,mongodb,mongodb,mongo
database,mongodb,MongoDB Server,5.2 (Rapid Release),2022-01-31,2022-03-23,True,False,5.2.1,cpe:2.3:a:mongodb:mongodb,mongodb,mongodb,mongo
database,mongodb,MongoDB Server,5.3 (Rapid Release),2022-03-31,2022-07-19,True,False,5.3.2,cpe:2.3:a:mongodb:mongodb,mongodb,mongodb,mongo
database,mongodb,MongoDB Server,6.0,2022-07-31,2025-07-31,True,False,6.0.29,cpe:2.3:a:mongodb:mongodb,mongodb,mongodb,mongo
database,mongodb,MongoDB Server,6.1 (Rapid Release),2022-10-31,2023-02-09,True,False,6.1.1,cpe:2.3:a:mongodb:mongodb,mongodb,mongodb,mongo
database,mongodb,MongoDB Server,6.2 (Rapid Release),2023-02-28,2023-04-24,True,False,6.2.1,cpe:2.3:a:mongodb:mongodb,mongodb,mongodb,mongo
database,mongodb,MongoDB Server,6.3 (Rapid Release),2023-04-30,2023-08-31,True,False,6.3.2,cpe:2.3:a:mongodb:mongodb,mongodb,mongodb,mongo
database,mongodb,MongoDB Server,7.0,2023-08-31,2027-08-31,False,True,7.0.40,cpe:2.3:a:mongodb:mongodb,mongodb,mongodb,mongo
database,mongodb,MongoDB Server,7.1 (Rapid Release),2023-10-31,2024-01-23,True,False,7.1.1,cpe:2.3:a:mongodb:mongodb,mongodb,mongodb,mongo
database,mongodb,MongoDB Server,7.2 (Rapid Release),2024-01-31,2024-03-27,True,False,7.2.2,cpe:2.3:a:mongodb:mongodb,mongodb,mongodb,mongo
database,mongodb,MongoDB Server,7.3 (Rapid Release),2024-03-31,2024-10-02,True,False,7.3.4,cpe:2.3:a:mongodb:mongodb,mongodb,mongodb,mongo
database,mongodb,MongoDB Server,8.0,2024-10-31,2029-10-31,False,True,8.0.29,cpe:2.3:a:mongodb:mongodb,mongodb,mongodb,mongo
database,mongodb,MongoDB Server,8.1 (Rapid Release),2025-06-30,2025-09-30,True,False,8.1.3,cpe:2.3:a:mongodb:mongodb,mongodb,mongodb,mongo
database,mongodb,MongoDB Server,8.2 (Rapid Release),2025-09-30,2026-07-31,True,False,8.2.12,cpe:2.3:a:mongodb:mongodb,mongodb,mongodb,mongo
database,mongodb,MongoDB Server,8.3,2026-05-31,2029-10-31,False,True,8.3.8,cpe:2.3:a:mongodb:mongodb,mongodb,mongodb,mongo
database,mysql,MySQL,5.5,2010-12-03,2018-12-31,True,False,5.5.63,cpe:2.3:a:oracle:mysql,oracle,mysql,
database,mysql,MySQL,5.6,2013-02-01,2021-02-28,True,False,5.6.51,cpe:2.3:a:oracle:mysql,oracle,mysql,
database,mysql,MySQL,5.7,2015-10-09,2023-10-31,True,False,5.7.44,cpe:2.3:a:oracle:mysql,oracle,mysql,
database,mysql,MySQL,8.0 (LTS),2018-04-08,2026-04-30,True,False,8.0.46,cpe:2.3:a:oracle:mysql,oracle,mysql,
database,mysql,MySQL,8.1,2023-06-21,2023-10-25,True,False,8.1.0,cpe:2.3:a:oracle:mysql,oracle,mysql,
database,mysql,MySQL,8.2,2023-10-12,2023-12-14,True,False,8.2.0,cpe:2.3:a:oracle:mysql,oracle,mysql,
database,mysql,MySQL,8.3,2023-12-14,2024-04-10,True,False,8.3.0,cpe:2.3:a:oracle:mysql,oracle,mysql,
database,mysql,MySQL,8.4 (LTS),2024-04-10,2032-04-30,False,True,8.4.11,cpe:2.3:a:oracle:mysql,oracle,mysql,
database,mysql,MySQL,9.0,2024-06-07,2024-10-15,True,False,9.0.1,cpe:2.3:a:oracle:mysql,oracle,mysql,
database,mysql,MySQL,9.1,2024-09-24,2025-01-21,True,False,9.1.2,cpe:2.3:a:oracle:mysql,oracle,mysql,
database,mysql,MySQL,9.2,2024-12-15,2025-04-15,True,False,9.2.2,cpe:2.3:a:oracle:mysql,oracle,mysql,
database,mysql,MySQL,9.3,2025-03-31,2025-07-22,True,False,9.3.2,cpe:2.3:a:oracle:mysql,oracle,mysql,
database,mysql,MySQL,9.4,2025-07-09,2025-10-21,True,False,9.4.2,cpe:2.3:a:oracle:mysql,oracle,mysql,
database,mysql,MySQL,9.5,2025-10-21,2026-01-20,True,False,9.5.2,cpe:2.3:a:oracle:mysql,oracle,mysql,
database,mysql,MySQL,9.6,2026-01-20,2026-04-21,True,False,9.6.1,cpe:2.3:a:oracle:mysql,oracle,mysql,
database,mysql,MySQL,9.7 (LTS),2026-04-21,2034-04-21,False,True,9.7.2,cpe:2.3:a:oracle:mysql,oracle,mysql,
database,neo4j,Neo4j,1.0,2010-02-23,2011-08-23,True,False,1.0.0,cpe:2.3:a:neo4j:neo4j,neo4j,neo4j,
database,neo4j,Neo4j,1.1,2010-07-30,2012-01-30,True,False,1.1.0,cpe:2.3:a:neo4j:neo4j,neo4j,neo4j,
database,neo4j,Neo4j,1.2,2010-12-29,2012-06-29,True,False,1.2.0,cpe:2.3:a:neo4j:neo4j,neo4j,neo4j,
database,neo4j,Neo4j,1.3,2011-04-12,2012-09-12,True,False,1.3.0,cpe:2.3:a:neo4j:neo4j,neo4j,neo4j,
database,neo4j,Neo4j,1.4,2011-07-08,2013-01-08,True,False,1.4.2,cpe:2.3:a:neo4j:neo4j,neo4j,neo4j,
database,neo4j,Neo4j,1.5,2011-11-09,2013-03-09,True,False,1.5.3,cpe:2.3:a:neo4j:neo4j,neo4j,neo4j,
database,neo4j,Neo4j,1.6,2012-01-22,2013-07-22,True,False,1.6.3,cpe:2.3:a:neo4j:neo4j,neo4j,neo4j,
database,neo4j,Neo4j,1.7,2012-04-18,2013-10-18,True,False,1.7.2,cpe:2.3:a:neo4j:neo4j,neo4j,neo4j,
database,neo4j,Neo4j,1.8,2012-09-28,2014-03-28,True,False,1.8.3,cpe:2.3:a:neo4j:neo4j,neo4j,neo4j,
database,neo4j,Neo4j,1.9,2013-05-21,2014-11-21,True,False,1.9.9,cpe:2.3:a:neo4j:neo4j,neo4j,neo4j,
database,neo4j,Neo4j,2.0,2013-12-11,2015-06-11,True,False,2.0.5,cpe:2.3:a:neo4j:neo4j,neo4j,neo4j,
database,neo4j,Neo4j,2.1,2014-05-29,2015-11-29,True,False,2.1.8,cpe:2.3:a:neo4j:neo4j,neo4j,neo4j,
database,neo4j,Neo4j,2.2,2015-03-25,2016-09-25,True,False,2.2.10,cpe:2.3:a:neo4j:neo4j,neo4j,neo4j,
database,neo4j,Neo4j,2.3,2015-10-21,2017-04-21,True,False,2.3.12,cpe:2.3:a:neo4j:neo4j,neo4j,neo4j,
database,neo4j,Neo4j,2025.01,2025-02-06,2025-02-27,True,False,2025.01.0,cpe:2.3:a:neo4j:neo4j,neo4j,neo4j,
database,neo4j,Neo4j,2025.02,2025-02-27,2025-03-27,True,False,2025.02.0,cpe:2.3:a:neo4j:neo4j,neo4j,neo4j,
database,neo4j,Neo4j,2025.03,2025-03-27,2025-04-30,True,False,2025.03.0,cpe:2.3:a:neo4j:neo4j,neo4j,neo4j,
database,neo4j,Neo4j,2025.04,2025-04-30,2025-06-03,True,False,2025.04.0,cpe:2.3:a:neo4j:neo4j,neo4j,neo4j,
database,neo4j,Neo4j,2025.05,2025-06-03,2025-07-02,True,False,2025.05.1,cpe:2.3:a:neo4j:neo4j,neo4j,neo4j,
database,neo4j,Neo4j,2025.06,2025-07-02,2025-07-31,True,False,2025.06.2,cpe:2.3:a:neo4j:neo4j,neo4j,neo4j,
database,neo4j,Neo4j,2025.07,2025-07-31,2025-08-15,True,False,2025.07.1,cpe:2.3:a:neo4j:neo4j,neo4j,neo4j,
database,neo4j,Neo4j,2025.08,2025-08-27,2025-09-29,True,False,2025.08.0,cpe:2.3:a:neo4j:neo4j,neo4j,neo4j,
database,neo4j,Neo4j,2025.09,2025-09-29,2025-10-30,True,False,2025.09.0,cpe:2.3:a:neo4j:neo4j,neo4j,neo4j,
database,neo4j,Neo4j,2025.10,2025-10-30,2025-12-19,True,False,2025.10.1,cpe:2.3:a:neo4j:neo4j,neo4j,neo4j,
database,neo4j,Neo4j,2025.11,2025-12-19,2026-01-16,True,False,2025.11.2,cpe:2.3:a:neo4j:neo4j,neo4j,neo4j,
database,neo4j,Neo4j,2025.12,2026-01-16,2026-02-03,True,False,2025.12.1,cpe:2.3:a:neo4j:neo4j,neo4j,neo4j,
database,neo4j,Neo4j,2026.01,2026-02-10,2026-03-06,True,False,2026.01.4,cpe:2.3:a:neo4j:neo4j,neo4j,neo4j,
database,neo4j,Neo4j,2026.02,2026-03-20,2026-04-02,True,False,2026.02.3,cpe:2.3:a:neo4j:neo4j,neo4j,neo4j,
database,neo4j,Neo4j,2026.03,2026-04-02,2026-04-23,True,False,2026.03.1,cpe:2.3:a:neo4j:neo4j,neo4j,neo4j,
database,neo4j,Neo4j,2026.04,2026-04-23,2026-05-28,True,False,2026.04.0,cpe:2.3:a:neo4j:neo4j,neo4j,neo4j,
database,neo4j,Neo4j,2026.05,2026-05-28,2026-07-08,True,False,2026.05.0,cpe:2.3:a:neo4j:neo4j,neo4j,neo4j,
database,neo4j,Neo4j,2026.06,2026-07-08,2026-07-30,True,False,2026.06.0,cpe:2.3:a:neo4j:neo4j,neo4j,neo4j,
database,neo4j,Neo4j,2026.07,2026-08-05,,False,True,2026.07.1,cpe:2.3:a:neo4j:neo4j,neo4j,neo4j,
database,neo4j,Neo4j,3.0,2016-04-16,2017-10-31,True,False,3.0.12,cpe:2.3:a:neo4j:neo4j,neo4j,neo4j,
database,neo4j,Neo4j,3.1,2016-12-13,2018-06-13,True,False,3.1.9,cpe:2.3:a:neo4j:neo4j,neo4j,neo4j,
database,neo4j,Neo4j,3.2,2017-05-11,2018-11-30,True,False,3.2.14,cpe:2.3:a:neo4j:neo4j,neo4j,neo4j,
database,neo4j,Neo4j,3.3,2017-10-24,2019-04-28,True,False,3.3.9,cpe:2.3:a:neo4j:neo4j,neo4j,neo4j,
database,neo4j,Neo4j,3.4,2018-05-17,2020-03-31,True,False,3.4.18,cpe:2.3:a:neo4j:neo4j,neo4j,neo4j,
database,neo4j,Neo4j,3.5,2018-11-29,2022-05-27,True,False,3.5.35,cpe:2.3:a:neo4j:neo4j,neo4j,neo4j,
database,neo4j,Neo4j,4.0,2020-01-15,2021-07-14,True,False,4.0.12,cpe:2.3:a:neo4j:neo4j,neo4j,neo4j,
database,neo4j,Neo4j,4.1,2020-06-23,2021-12-22,True,False,4.1.12,cpe:2.3:a:neo4j:neo4j,neo4j,neo4j,
database,neo4j,Neo4j,4.2,2020-11-17,2022-05-16,True,False,4.2.19,cpe:2.3:a:neo4j:neo4j,neo4j,neo4j,
database,neo4j,Neo4j,4.3,2021-06-17,2022-12-16,True,False,4.3.23,cpe:2.3:a:neo4j:neo4j,neo4j,neo4j,
database,neo4j,Neo4j,4.4 (LTS),2021-12-02,2025-11-30,True,False,4.4.48,cpe:2.3:a:neo4j:neo4j,neo4j,neo4j,
database,neo4j,Neo4j,5.1,2022-10-24,2022-11-21,True,False,5.1.0,cpe:2.3:a:neo4j:neo4j,neo4j,neo4j,
database,neo4j,Neo4j,5.10,2023-07-19,2023-08-15,True,False,5.10.0,cpe:2.3:a:neo4j:neo4j,neo4j,neo4j,
database,neo4j,Neo4j,5.11,2023-08-14,2023-09-14,True,False,5.11.0,cpe:2.3:a:neo4j:neo4j,neo4j,neo4j,
database,neo4j,Neo4j,5.12,2023-09-15,2023-10-23,True,False,5.12.0,cpe:2.3:a:neo4j:neo4j,neo4j,neo4j,
database,neo4j,Neo4j,5.13,2023-10-23,2023-11-24,True,False,5.13.0,cpe:2.3:a:neo4j:neo4j,neo4j,neo4j,
database,neo4j,Neo4j,5.14,2023-11-24,2023-12-15,True,False,5.14.0,cpe:2.3:a:neo4j:neo4j,neo4j,neo4j,
database,neo4j,Neo4j,5.15,2023-12-15,2024-01-22,True,False,5.15.0,cpe:2.3:a:neo4j:neo4j,neo4j,neo4j,
database,neo4j,Neo4j,5.16,2024-01-22,2024-02-23,True,False,5.16.0,cpe:2.3:a:neo4j:neo4j,neo4j,neo4j,
database,neo4j,Neo4j,5.17,2024-02-23,2024-03-13,True,False,5.17.0,cpe:2.3:a:neo4j:neo4j,neo4j,neo4j,
database,neo4j,Neo4j,5.18,2024-03-13,2024-04-12,True,False,5.18.1,cpe:2.3:a:neo4j:neo4j,neo4j,neo4j,
database,neo4j,Neo4j,5.19,2024-04-12,2024-05-23,True,False,5.19.0,cpe:2.3:a:neo4j:neo4j,neo4j,neo4j,
database,neo4j,Neo4j,5.2,2022-11-21,2022-12-15,True,False,5.2.0,cpe:2.3:a:neo4j:neo4j,neo4j,neo4j,
database,neo4j,Neo4j,5.20,2024-05-23,2024-06-28,True,False,5.20.0,cpe:2.3:a:neo4j:neo4j,neo4j,neo4j,
database,neo4j,Neo4j,5.21,2024-06-28,2024-07-24,True,False,5.21.2,cpe:2.3:a:neo4j:neo4j,neo4j,neo4j,
database,neo4j,Neo4j,5.22,2024-07-24,2024-08-22,True,False,5.22.0,cpe:2.3:a:neo4j:neo4j,neo4j,neo4j,
database,neo4j,Neo4j,5.23,2024-08-22,2024-09-27,True,False,5.23.0,cpe:2.3:a:neo4j:neo4j,neo4j,neo4j,
database,neo4j,Neo4j,5.24,2024-09-27,2024-10-31,True,False,5.24.2,cpe:2.3:a:neo4j:neo4j,neo4j,neo4j,
database,neo4j,Neo4j,5.25,2024-10-31,2024-12-06,True,False,5.25.1,cpe:2.3:a:neo4j:neo4j,neo4j,neo4j,
database,neo4j,Neo4j,5.26 (LTS),2024-12-06,2028-06-06,False,True,5.26.30,cpe:2.3:a:neo4j:neo4j,neo4j,neo4j,
database,neo4j,Neo4j,5.3,2022-12-15,2023-01-26,True,False,5.3.0,cpe:2.3:a:neo4j:neo4j,neo4j,neo4j,
database,neo4j,Neo4j,5.4,2023-01-26,2023-02-16,True,False,5.4.0,cpe:2.3:a:neo4j:neo4j,neo4j,neo4j,
database,neo4j,Neo4j,5.5,2023-02-16,2023-03-24,True,False,5.5.0,cpe:2.3:a:neo4j:neo4j,neo4j,neo4j,
database,neo4j,Neo4j,5.6,2023-03-24,2023-04-20,True,False,5.6.0,cpe:2.3:a:neo4j:neo4j,neo4j,neo4j,
database,neo4j,Neo4j,5.7,2023-04-20,2023-05-16,True,False,5.7.0,cpe:2.3:a:neo4j:neo4j,neo4j,neo4j,
database,neo4j,Neo4j,5.8,2023-05-16,2023-06-15,True,False,5.8.0,cpe:2.3:a:neo4j:neo4j,neo4j,neo4j,
database,neo4j,Neo4j,5.9,2023-06-15,2023-07-19,True,False,5.9.0,cpe:2.3:a:neo4j:neo4j,neo4j,neo4j,
database,opensearch,OpenSearch,1,2021-07-12,2025-05-06,True,False,1.3.20,cpe:2.3:a:amazon:opensearch,amazon,opensearch,
database,opensearch,OpenSearch,2,2022-05-26,,False,True,2.19.6,cpe:2.3:a:amazon:opensearch,amazon,opensearch,
database,opensearch,OpenSearch,3,2025-05-06,,False,True,3.8.0,cpe:2.3:a:amazon:opensearch,amazon,opensearch,
database,oracle-database,Oracle Database,10g Release 1 (LTR),2003-09-08,2009-01-31,True,False,,,,,
database,oracle-database,Oracle Database,10g Release 2 (LTR),2005-07-11,2010-07-31,True,False,,,,,
database,oracle-database,Oracle Database,11g Release 1 (LTR),2007-08-09,2012-08-31,True,False,,,,,
database,oracle-database,Oracle Database,11g Release 2 (LTR),2009-09-01,2015-01-31,True,False,,,,,
database,oracle-database,Oracle Database,12c Release 1 (LTR),2013-06-25,2018-07-31,True,False,,,,,
database,oracle-database,Oracle Database,12c Release 2,2017-03-01,2022-03-31,True,False,,,,,
database,oracle-database,Oracle Database,18c,2018-07-23,2021-06-30,True,False,,,,,
database,oracle-database,Oracle Database,19c (LTR),2019-04-25,2029-12-31,False,True,,,,,
database,oracle-database,Oracle Database,21c,2021-08-13,2027-07-31,False,True,,,,,
database,oracle-database,Oracle Database,26ai (LTR),2023-09-19,2031-12-31,False,True,,,,,
database,oracle-database,Oracle Database,9i Release 1,2001-06-01,2003-12-31,True,False,,,,,
database,oracle-database,Oracle Database,9i Release 2 (LTR),2002-05-01,2007-07-31,True,False,,,,,
database,postgresql,PostgreSQL,10,2017-10-05,2022-11-10,True,False,10.23,cpe:2.3:a:postgresql:postgresql,postgresql,postgresql,postgres;pg;psql;pgsql
database,postgresql,PostgreSQL,11,2018-10-18,2023-11-09,True,False,11.22,cpe:2.3:a:postgresql:postgresql,postgresql,postgresql,postgres;pg;psql;pgsql
database,postgresql,PostgreSQL,12,2019-10-03,2024-11-21,True,False,12.22,cpe:2.3:a:postgresql:postgresql,postgresql,postgresql,postgres;pg;psql;pgsql
database,postgresql,PostgreSQL,13,2020-09-24,2025-11-13,True,False,13.23,cpe:2.3:a:postgresql:postgresql,postgresql,postgresql,postgres;pg;psql;pgsql
database,postgresql,PostgreSQL,14,2021-09-30,2026-11-12,False,True,14.24,cpe:2.3:a:postgresql:postgresql,postgresql,postgresql,postgres;pg;psql;pgsql
database,postgresql,PostgreSQL,15,2022-10-13,2027-11-11,False,True,15.19,cpe:2.3:a:postgresql:postgresql,postgresql,postgresql,postgres;pg;psql;pgsql
database,postgresql,PostgreSQL,16,2023-09-14,2028-11-09,False,True,16.15,cpe:2.3:a:postgresql:postgresql,postgresql,postgresql,postgres;pg;psql;pgsql
database,postgresql,PostgreSQL,17,2024-09-26,2029-11-08,False,True,17.11,cpe:2.3:a:postgresql:postgresql,postgresql,postgresql,postgres;pg;psql;pgsql
database,postgresql,PostgreSQL,18,2025-09-25,2030-11-14,False,True,18.6,cpe:2.3:a:postgresql:postgresql,postgresql,postgresql,postgres;pg;psql;pgsql
database,postgresql,PostgreSQL,6.3,1998-03-01,2003-03-01,True,False,6.3.2,cpe:2.3:a:postgresql:postgresql,postgresql,postgresql,postgres;pg;psql;pgsql
database,postgresql,PostgreSQL,6.4,1998-10-30,2003-10-30,True,False,6.4.2,cpe:2.3:a:postgresql:postgresql,postgresql,postgresql,postgres;pg;psql;pgsql
database,postgresql,PostgreSQL,6.5,1999-06-09,2004-06-09,True,False,6.5.3,cpe:2.3:a:postgresql:postgresql,postgresql,postgresql,postgres;pg;psql;pgsql
database,postgresql,PostgreSQL,7.0,2000-05-08,2005-05-08,True,False,7.0.3,cpe:2.3:a:postgresql:postgresql,postgresql,postgresql,postgres;pg;psql;pgsql
database,postgresql,PostgreSQL,7.1,2001-04-13,2006-04-13,True,False,7.1.3,cpe:2.3:a:postgresql:postgresql,postgresql,postgresql,postgres;pg;psql;pgsql
database,postgresql,PostgreSQL,7.2,2002-02-04,2007-02-04,True,False,7.2.8,cpe:2.3:a:postgresql:postgresql,postgresql,postgresql,postgres;pg;psql;pgsql
database,postgresql,PostgreSQL,7.3,2002-11-27,2007-11-27,True,False,7.3.21,cpe:2.3:a:postgresql:postgresql,postgresql,postgresql,postgres;pg;psql;pgsql
database,postgresql,PostgreSQL,7.4,2003-11-17,2010-10-01,True,False,7.4.30,cpe:2.3:a:postgresql:postgresql,postgresql,postgresql,postgres;pg;psql;pgsql
database,postgresql,PostgreSQL,8.0,2005-01-19,2010-10-01,True,False,8.0.26,cpe:2.3:a:postgresql:postgresql,postgresql,postgresql,postgres;pg;psql;pgsql
database,postgresql,PostgreSQL,8.1,2005-11-08,2010-11-08,True,False,8.1.23,cpe:2.3:a:postgresql:postgresql,postgresql,postgresql,postgres;pg;psql;pgsql
database,postgresql,PostgreSQL,8.2,2006-12-05,2011-12-05,True,False,8.2.23,cpe:2.3:a:postgresql:postgresql,postgresql,postgresql,postgres;pg;psql;pgsql
database,postgresql,PostgreSQL,8.3,2008-02-04,2013-02-07,True,False,8.3.23,cpe:2.3:a:postgresql:postgresql,postgresql,postgresql,postgres;pg;psql;pgsql
database,postgresql,PostgreSQL,8.4,2009-07-01,2014-07-24,True,False,8.4.22,cpe:2.3:a:postgresql:postgresql,postgresql,postgresql,postgres;pg;psql;pgsql
database,postgresql,PostgreSQL,9.0,2010-09-20,2015-10-08,True,False,9.0.23,cpe:2.3:a:postgresql:postgresql,postgresql,postgresql,postgres;pg;psql;pgsql
database,postgresql,PostgreSQL,9.1,2011-09-12,2016-10-27,True,False,9.1.24,cpe:2.3:a:postgresql:postgresql,postgresql,postgresql,postgres;pg;psql;pgsql
database,postgresql,PostgreSQL,9.2,2012-09-10,2017-11-09,True,False,9.2.24,cpe:2.3:a:postgresql:postgresql,postgresql,postgresql,postgres;pg;psql;pgsql
database,postgresql,PostgreSQL,9.3,2013-09-09,2018-11-08,True,False,9.3.25,cpe:2.3:a:postgresql:postgresql,postgresql,postgresql,postgres;pg;psql;pgsql
database,postgresql,PostgreSQL,9.4,2014-12-18,2020-02-13,True,False,9.4.26,cpe:2.3:a:postgresql:postgresql,postgresql,postgresql,postgres;pg;psql;pgsql
database,postgresql,PostgreSQL,9.5,2016-01-07,2021-02-11,True,False,9.5.25,cpe:2.3:a:postgresql:postgresql,postgresql,postgresql,postgres;pg;psql;pgsql
database,postgresql,PostgreSQL,9.6,2016-09-29,2021-11-11,True,False,9.6.24,cpe:2.3:a:postgresql:postgresql,postgresql,postgresql,postgres;pg;psql;pgsql
database,redis,Redis,5.0,2018-10-17,2022-04-27,True,False,5.0.14,cpe:2.3:a:redis:redis,redis,redis,
database,redis,Redis,6.0,2020-04-30,2022-05-31,True,False,6.0.20,cpe:2.3:a:redis:redis,redis,redis,
database,redis,Redis,6.2,2021-02-22,2027-04-01,False,True,6.2.24,cpe:2.3:a:redis:redis,redis,redis,
database,redis,Redis,7.0,2022-04-27,2024-07-29,True,False,7.0.15,cpe:2.3:a:redis:redis,redis,redis,
database,redis,Redis,7.2,2023-08-15,2029-12-01,False,True,7.2.16,cpe:2.3:a:redis:redis,redis,redis,
database,redis,Redis,7.4,2024-07-29,2029-12-01,False,True,7.4.11,cpe:2.3:a:redis:redis,redis,redis,
database,redis,Redis,8.0,2025-05-02,2026-12-01,False,True,8.0.6,cpe:2.3:a:redis:redis,redis,redis,
database,redis,Redis,8.10,2026-07-29,,False,True,8.10.1,cpe:2.3:a:redis:redis,redis,redis,
database,redis,Redis,8.2,2025-08-04,2030-09-01,False,True,8.2.9,cpe:2.3:a:redis:redis,redis,redis,
database,redis,Redis,8.4,2025-11-18,,False,True,8.4.6,cpe:2.3:a:redis:redis,redis,redis,
database,redis,Redis,8.6,2026-02-11,,False,True,8.6.6,cpe:2.3:a:redis:redis,redis,redis,
database,redis,Redis,8.8,2026-05-25,,False,True,8.8.2,cpe:2.3:a:redis:redis,redis,redis,
database,sqlite,SQLite,1,2000-08-17,2001-09-28,True,False,1.0.32,cpe:2.3:a:sqlite:sqlite,sqlite,sqlite,sqlite3
database,sqlite,SQLite,2,2001-09-28,2004-09-18,True,False,2.8.17,cpe:2.3:a:sqlite:sqlite,sqlite,sqlite,sqlite3
database,sqlite,SQLite,3,2004-09-18,,False,True,3.53.4,cpe:2.3:a:sqlite:sqlite,sqlite,sqlite,sqlite3
database,tarantool,Tarantool,1.10 (LTS),2018-03-07,2023-05-24,True,False,1.10.15,cpe:2.3:a:tarantool:tarantool,tarantool,tarantool,
database,tarantool,Tarantool,2.10,2022-05-22,2023-09-14,True,False,2.10.8,cpe:2.3:a:tarantool:tarantool,tarantool,tarantool,
database,tarantool,Tarantool,2.11 (LTS),2023-05-24,2027-05-24,False,True,2.11.9,cpe:2.3:a:tarantool:tarantool,tarantool,tarantool,
database,tarantool,Tarantool,2.2,2019-03-22,2020-04-20,True,False,2.2.3,cpe:2.3:a:tarantool:tarantool,tarantool,tarantool,
database,tarantool,Tarantool,2.3,2019-08-02,2020-07-17,True,False,2.3.3,cpe:2.3:a:tarantool:tarantool,tarantool,tarantool,
database,tarantool,Tarantool,2.4,2020-01-10,2020-10-23,True,False,2.4.3,cpe:2.3:a:tarantool:tarantool,tarantool,tarantool,
database,tarantool,Tarantool,2.5,2020-04-20,2020-12-30,True,False,2.5.3,cpe:2.3:a:tarantool:tarantool,tarantool,tarantool,
database,tarantool,Tarantool,2.6,2020-07-17,2021-04-21,True,False,2.6.3,cpe:2.3:a:tarantool:tarantool,tarantool,tarantool,
database,tarantool,Tarantool,2.7,2020-10-23,2021-08-19,True,False,2.7.3,cpe:2.3:a:tarantool:tarantool,tarantool,tarantool,
database,tarantool,Tarantool,2.8,2020-12-30,2022-04-25,True,False,2.8.4,cpe:2.3:a:tarantool:tarantool,tarantool,tarantool,
database,tarantool,Tarantool,3.0,2023-12-26,2024-04-16,True,False,3.0.2,cpe:2.3:a:tarantool:tarantool,tarantool,tarantool,
database,tarantool,Tarantool,3.1,2024-04-16,2024-08-26,True,False,3.1.2,cpe:2.3:a:tarantool:tarantool,tarantool,tarantool,
database,tarantool,Tarantool,3.2,2024-08-26,2026-08-26,True,False,3.2.4,cpe:2.3:a:tarantool:tarantool,tarantool,tarantool,
database,tarantool,Tarantool,3.3,2024-11-29,2026-11-29,False,True,3.3.5,cpe:2.3:a:tarantool:tarantool,tarantool,tarantool,
database,tarantool,Tarantool,3.4,2025-04-15,2027-04-14,False,True,3.4.2,cpe:2.3:a:tarantool:tarantool,tarantool,tarantool,
database,tarantool,Tarantool,3.5,2025-08-27,,False,True,3.5.2,cpe:2.3:a:tarantool:tarantool,tarantool,tarantool,
database,tarantool,Tarantool,3.6,2025-12-12,,False,True,3.6.4,cpe:2.3:a:tarantool:tarantool,tarantool,tarantool,
database,tarantool,Tarantool,3.7,2026-04-22,,False,True,3.7.1,cpe:2.3:a:tarantool:tarantool,tarantool,tarantool,
database,tarantool,Tarantool,3.8,2026-07-10,,False,True,3.8.0,cpe:2.3:a:tarantool:tarantool,tarantool,tarantool,
database,valkey,Valkey,7.2,2023-08-15,2029-04-16,False,True,7.2.14,cpe:2.3:a:lfprojects:valkey,lfprojects,valkey,
database,valkey,Valkey,8.0,2024-09-15,2027-09-15,False,True,8.0.11,cpe:2.3:a:lfprojects:valkey,lfprojects,valkey,
database,valkey,Valkey,8.1,2025-03-31,2030-03-31,False,True,8.1.10,cpe:2.3:a:lfprojects:valkey,lfprojects,valkey,
database,valkey,Valkey,9.0,2025-10-21,2028-10-21,False,True,9.0.6,cpe:2.3:a:lfprojects:valkey,lfprojects,valkey,
database,valkey,Valkey,9.1,2026-05-19,,False,True,9.1.2,cpe:2.3:a:lfprojects:valkey,lfprojects,valkey,
database,vitess,Vitess,13,2022-02-22,2023-02-22,True,False,13.0.3,cpe:2.3:a:linuxfoundation:vitess,linuxfoundation,vitess,
database,vitess,Vitess,14,2022-06-28,2023-06-28,True,False,14.0.5,cpe:2.3:a:linuxfoundation:vitess,linuxfoundation,vitess,
database,vitess,Vitess,15,2022-10-25,2023-10-25,True,False,15.0.5,cpe:2.3:a:linuxfoundation:vitess,linuxfoundation,vitess,
database,vitess,Vitess,16,2023-02-28,2024-02-28,True,False,16.0.7,cpe:2.3:a:linuxfoundation:vitess,linuxfoundation,vitess,
database,vitess,Vitess,17,2023-06-27,2024-06-27,True,False,17.0.7,cpe:2.3:a:linuxfoundation:vitess,linuxfoundation,vitess,
database,vitess,Vitess,18,2023-11-06,2024-11-07,True,False,18.0.8,cpe:2.3:a:linuxfoundation:vitess,linuxfoundation,vitess,
database,vitess,Vitess,19,2024-03-06,2025-03-06,True,False,19.0.10,cpe:2.3:a:linuxfoundation:vitess,linuxfoundation,vitess,
database,vitess,Vitess,20,2024-06-27,2025-06-27,True,False,20.0.8,cpe:2.3:a:linuxfoundation:vitess,linuxfoundation,vitess,
database,vitess,Vitess,21,2024-10-29,2025-10-29,True,False,21.0.6,cpe:2.3:a:linuxfoundation:vitess,linuxfoundation,vitess,
database,vitess,Vitess,22,2025-04-29,2026-04-29,True,False,22.0.4,cpe:2.3:a:linuxfoundation:vitess,linuxfoundation,vitess,
database,vitess,Vitess,23,2025-11-04,2026-11-04,False,True,23.0.6,cpe:2.3:a:linuxfoundation:vitess,linuxfoundation,vitess,
database,vitess,Vitess,24,2026-05-07,2027-05-07,False,True,24.0.3,cpe:2.3:a:linuxfoundation:vitess,linuxfoundation,vitess,
database,etcd,etcd,3.0,2016-06-30,2017-01-20,True,False,3.0.17,,,,
database,etcd,etcd,3.1,2017-01-20,2018-10-10,True,False,3.1.20,,,,
database,etcd,etcd,3.2,2017-06-09,2021-03-28,True,False,3.2.32,,,,
database,etcd,etcd,3.3,2018-02-01,2021-10-15,True,False,3.3.27,,,,
database,etcd,etcd,3.4,2019-08-30,2026-06-01,True,False,3.4.45,,,,
database,etcd,etcd,3.5,2021-06-15,2027-07-08,False,True,3.5.33,,,,
database,etcd,etcd,3.6,2025-05-15,,False,True,3.6.14,,,,
database,etcd,etcd,3.7,2026-07-08,,False,True,3.7.1,,,,
os,almalinux,AlmaLinux OS,AlmaLinux OS 10,2025-05-27,2035-05-31,False,True,10.2,cpe:2.3:o:almalinux:almalinux,almalinux,almalinux,alma-linux;alma
os,almalinux,AlmaLinux OS,AlmaLinux OS 8,2021-03-30,2029-05-31,False,True,8.10,cpe:2.3:o:almalinux:almalinux,almalinux,almalinux,alma-linux;alma
os,almalinux,AlmaLinux OS,AlmaLinux OS 9,2022-05-26,2032-05-31,False,True,9.8,cpe:2.3:o:almalinux:almalinux,almalinux,almalinux,alma-linux;alma
os,alpine-linux,Alpine Linux,2.1,2009-12-30,2012-11-01,True,False,2.1.6,cpe:2.3:o:alpinelinux:alpine_linux,alpinelinux,alpine_linux,alpine;alpinelinux
os,alpine-linux,Alpine Linux,2.2,2010-05-04,2013-05-01,True,False,2.2.5,cpe:2.3:o:alpinelinux:alpine_linux,alpinelinux,alpine_linux,alpine;alpinelinux
os,alpine-linux,Alpine Linux,2.3,2010-05-19,2013-11-01,True,False,2.3.6,cpe:2.3:o:alpinelinux:alpine_linux,alpinelinux,alpine_linux,alpine;alpinelinux
os,alpine-linux,Alpine Linux,2.4,2010-07-07,2014-05-01,True,False,2.4.11,cpe:2.3:o:alpinelinux:alpine_linux,alpinelinux,alpine_linux,alpine;alpinelinux
os,alpine-linux,Alpine Linux,2.5,2010-08-12,2014-11-01,True,False,2.5.4,cpe:2.3:o:alpinelinux:alpine_linux,alpinelinux,alpine_linux,alpine;alpinelinux
os,alpine-linux,Alpine Linux,2.6,2010-12-15,2015-05-01,True,False,2.6.8,cpe:2.3:o:alpinelinux:alpine_linux,alpinelinux,alpine_linux,alpine;alpinelinux
os,alpine-linux,Alpine Linux,2.7,2011-01-06,2015-11-01,True,False,2.7.9,cpe:2.3:o:alpinelinux:alpine_linux,alpinelinux,alpine_linux,alpine;alpinelinux
os,alpine-linux,Alpine Linux,3.0,2014-06-04,2016-05-01,True,False,3.0.6,cpe:2.3:o:alpinelinux:alpine_linux,alpinelinux,alpine_linux,alpine;alpinelinux
os,alpine-linux,Alpine Linux,3.1,2014-12-10,2016-11-01,True,False,3.1.4,cpe:2.3:o:alpinelinux:alpine_linux,alpinelinux,alpine_linux,alpine;alpinelinux
os,alpine-linux,Alpine Linux,3.10,2019-06-19,2021-05-01,True,False,3.10.9,cpe:2.3:o:alpinelinux:alpine_linux,alpinelinux,alpine_linux,alpine;alpinelinux
os,alpine-linux,Alpine Linux,3.11,2019-12-19,2021-11-01,True,False,3.11.13,cpe:2.3:o:alpinelinux:alpine_linux,alpinelinux,alpine_linux,alpine;alpinelinux
os,alpine-linux,Alpine Linux,3.12,2020-05-29,2022-05-01,True,False,3.12.12,cpe:2.3:o:alpinelinux:alpine_linux,alpinelinux,alpine_linux,alpine;alpinelinux
os,alpine-linux,Alpine Linux,3.13,2021-01-14,2022-11-01,True,False,3.13.12,cpe:2.3:o:alpinelinux:alpine_linux,alpinelinux,alpine_linux,alpine;alpinelinux
os,alpine-linux,Alpine Linux,3.14,2021-06-15,2023-05-01,True,False,3.14.10,cpe:2.3:o:alpinelinux:alpine_linux,alpinelinux,alpine_linux,alpine;alpinelinux
os,alpine-linux,Alpine Linux,3.15,2021-11-24,2023-11-01,True,False,3.15.11,cpe:2.3:o:alpinelinux:alpine_linux,alpinelinux,alpine_linux,alpine;alpinelinux
os,alpine-linux,Alpine Linux,3.16,2022-05-23,2024-05-23,True,False,3.16.9,cpe:2.3:o:alpinelinux:alpine_linux,alpinelinux,alpine_linux,alpine;alpinelinux
os,alpine-linux,Alpine Linux,3.17,2022-11-22,2024-11-22,True,False,3.17.10,cpe:2.3:o:alpinelinux:alpine_linux,alpinelinux,alpine_linux,alpine;alpinelinux
os,alpine-linux,Alpine Linux,3.18,2023-05-09,2025-05-09,True,False,3.18.12,cpe:2.3:o:alpinelinux:alpine_linux,alpinelinux,alpine_linux,alpine;alpinelinux
os,alpine-linux,Alpine Linux,3.19,2023-12-07,2025-11-01,True,False,3.19.9,cpe:2.3:o:alpinelinux:alpine_linux,alpinelinux,alpine_linux,alpine;alpinelinux
os,alpine-linux,Alpine Linux,3.2,2015-05-26,2017-05-01,True,False,3.2.3,cpe:2.3:o:alpinelinux:alpine_linux,alpinelinux,alpine_linux,alpine;alpinelinux
os,alpine-linux,Alpine Linux,3.20,2024-05-22,2026-04-01,True,False,3.20.10,cpe:2.3:o:alpinelinux:alpine_linux,alpinelinux,alpine_linux,alpine;alpinelinux
os,alpine-linux,Alpine Linux,3.21,2024-12-05,2026-11-01,False,True,3.21.7,cpe:2.3:o:alpinelinux:alpine_linux,alpinelinux,alpine_linux,alpine;alpinelinux
os,alpine-linux,Alpine Linux,3.22,2025-05-30,2027-05-01,False,True,3.22.5,cpe:2.3:o:alpinelinux:alpine_linux,alpinelinux,alpine_linux,alpine;alpinelinux
os,alpine-linux,Alpine Linux,3.23,2025-12-04,2027-11-01,False,True,3.23.5,cpe:2.3:o:alpinelinux:alpine_linux,alpinelinux,alpine_linux,alpine;alpinelinux
os,alpine-linux,Alpine Linux,3.24,2026-06-09,2028-06-01,False,True,3.24.1,cpe:2.3:o:alpinelinux:alpine_linux,alpinelinux,alpine_linux,alpine;alpinelinux
os,alpine-linux,Alpine Linux,3.3,2015-12-19,2017-11-01,True,False,3.3.3,cpe:2.3:o:alpinelinux:alpine_linux,alpinelinux,alpine_linux,alpine;alpinelinux
os,alpine-linux,Alpine Linux,3.4,2016-05-31,2018-05-01,True,False,3.4.6,cpe:2.3:o:alpinelinux:alpine_linux,alpinelinux,alpine_linux,alpine;alpinelinux
os,alpine-linux,Alpine Linux,3.5,2016-12-22,2018-11-01,True,False,3.5.3,cpe:2.3:o:alpinelinux:alpine_linux,alpinelinux,alpine_linux,alpine;alpinelinux
os,alpine-linux,Alpine Linux,3.6,2017-05-24,2019-05-01,True,False,3.6.5,cpe:2.3:o:alpinelinux:alpine_linux,alpinelinux,alpine_linux,alpine;alpinelinux
os,alpine-linux,Alpine Linux,3.7,2017-11-30,2019-11-01,True,False,3.7.3,cpe:2.3:o:alpinelinux:alpine_linux,alpinelinux,alpine_linux,alpine;alpinelinux
os,alpine-linux,Alpine Linux,3.8,2018-06-26,2020-05-01,True,False,3.8.5,cpe:2.3:o:alpinelinux:alpine_linux,alpinelinux,alpine_linux,alpine;alpinelinux
os,alpine-linux,Alpine Linux,3.9,2019-01-29,2020-11-01,True,False,3.9.6,cpe:2.3:o:alpinelinux:alpine_linux,alpinelinux,alpine_linux,alpine;alpinelinux
os,amazon-linux,Amazon Linux,2,2018-06-26,2026-06-30,True,False,2.0.20260825.0,cpe:2.3:o:amazon:linux,amazon,linux,
os,amazon-linux,Amazon Linux,2023,2023-03-01,2029-06-30,False,True,2023.12.20260817.0,cpe:2.3:o:amazon:linux,amazon,linux,
os,amazon-linux,Amazon Linux,AMI 2010.11,2010-12-01,2023-12-31,True,False,2010.11,cpe:2.3:o:amazon:linux,amazon,linux,
os,amazon-linux,Amazon Linux,AMI 2011.09,2011-09-26,2023-12-31,True,False,2011.09,cpe:2.3:o:amazon:linux,amazon,linux,
os,amazon-linux,Amazon Linux,AMI 2012.03,2012-03-28,2023-12-31,True,False,2012.03,cpe:2.3:o:amazon:linux,amazon,linux,
os,amazon-linux,Amazon Linux,AMI 2012.09,2012-10-11,2023-12-31,True,False,2012.09,cpe:2.3:o:amazon:linux,amazon,linux,
os,amazon-linux,Amazon Linux,AMI 2013.03,2013-03-27,2023-12-31,True,False,2013.03,cpe:2.3:o:amazon:linux,amazon,linux,
os,amazon-linux,Amazon Linux,AMI 2013.09,2013-09-30,2023-12-31,True,False,2013.09,cpe:2.3:o:amazon:linux,amazon,linux,
os,amazon-linux,Amazon Linux,AMI 2014.03,2014-03-27,2023-12-31,True,False,2014.03,cpe:2.3:o:amazon:linux,amazon,linux,
os,amazon-linux,Amazon Linux,AMI 2014.09,2014-09-23,2023-12-31,True,False,2014.09,cpe:2.3:o:amazon:linux,amazon,linux,
os,amazon-linux,Amazon Linux,AMI 2015.03,2015-03-24,2023-12-31,True,False,2015.03,cpe:2.3:o:amazon:linux,amazon,linux,
os,amazon-linux,Amazon Linux,AMI 2015.09,2015-09-22,2023-12-31,True,False,2015.09,cpe:2.3:o:amazon:linux,amazon,linux,
os,amazon-linux,Amazon Linux,AMI 2016.03,2016-03-22,2023-12-31,True,False,2016.03,cpe:2.3:o:amazon:linux,amazon,linux,
os,amazon-linux,Amazon Linux,AMI 2016.09,2016-11-16,2023-12-31,True,False,2016.09.1.20161221,cpe:2.3:o:amazon:linux,amazon,linux,
os,amazon-linux,Amazon Linux,AMI 2017.03,2017-04-07,2023-12-31,True,False,2017.03.1.20170812,cpe:2.3:o:amazon:linux,amazon,linux,
os,amazon-linux,Amazon Linux,AMI 2017.09,2017-11-03,2023-12-31,True,False,2017.09.1.20180409,cpe:2.3:o:amazon:linux,amazon,linux,
os,amazon-linux,Amazon Linux,AMI 2018.03,2018-04-25,2023-12-31,True,False,2018.03.0.20231218.0,cpe:2.3:o:amazon:linux,amazon,linux,
os,android,Android OS,1.0,2008-09-23,,True,False,,cpe:2.3:o:google:android,google,android,aosp;androidos
os,android,Android OS,1.1 'Petit Four',2009-02-09,,True,False,,cpe:2.3:o:google:android,google,android,aosp;androidos
os,android,Android OS,1.5 'Cupcake',2009-04-27,,True,False,,cpe:2.3:o:google:android,google,android,aosp;androidos
os,android,Android OS,1.6 'Donut',2009-09-15,,True,False,,cpe:2.3:o:google:android,google,android,aosp;androidos
os,android,Android OS,10 'Queen Cake',2019-09-03,2023-03-06,True,False,,cpe:2.3:o:google:android,google,android,aosp;androidos
os,android,Android OS,11 'Red Velvet Cake',2020-09-08,2024-02-05,True,False,,cpe:2.3:o:google:android,google,android,aosp;androidos
os,android,Android OS,12 'Snow Cone',2021-10-04,2025-03-03,True,False,,cpe:2.3:o:google:android,google,android,aosp;androidos
os,android,Android OS,12.1 'Snow Cone v2' (aka 12L),2022-03-07,2025-03-03,True,False,,cpe:2.3:o:google:android,google,android,aosp;androidos
os,android,Android OS,13 'Tiramisu',2022-08-15,2026-03-02,True,False,,cpe:2.3:o:google:android,google,android,aosp;androidos
os,android,Android OS,14 'Upside Down Cake',2023-10-04,,False,True,,cpe:2.3:o:google:android,google,android,aosp;androidos
os,android,Android OS,15 'Vanilla Ice Cream',2024-09-03,,False,True,,cpe:2.3:o:google:android,google,android,aosp;androidos
os,android,Android OS,16 'Baklava',2025-06-10,,False,True,,cpe:2.3:o:google:android,google,android,aosp;androidos
os,android,Android OS,17 'Cinnamon Bun',2026-06-16,,False,True,,cpe:2.3:o:google:android,google,android,aosp;androidos
os,android,Android OS,2.0 'Eclair',2009-10-26,,True,False,,cpe:2.3:o:google:android,google,android,aosp;androidos
os,android,Android OS,2.1 'Eclair',2010-01-11,,True,False,,cpe:2.3:o:google:android,google,android,aosp;androidos
os,android,Android OS,2.2 'Froyo',2010-05-20,,True,False,,cpe:2.3:o:google:android,google,android,aosp;androidos
os,android,Android OS,2.3 'Gingerbread',2010-12-06,,True,False,,cpe:2.3:o:google:android,google,android,aosp;androidos
os,android,Android OS,3.0 'Honeycomb',2011-02-22,,True,False,,cpe:2.3:o:google:android,google,android,aosp;androidos
os,android,Android OS,3.1 'Honeycomb',2011-05-10,,True,False,,cpe:2.3:o:google:android,google,android,aosp;androidos
os,android,Android OS,3.2 'Honeycomb',2011-07-15,,True,False,,cpe:2.3:o:google:android,google,android,aosp;androidos
os,android,Android OS,4.0 'Ice Cream Sandwich',2011-10-18,,True,False,,cpe:2.3:o:google:android,google,android,aosp;androidos
os,android,Android OS,4.1 'Jelly Bean',2012-07-09,,True,False,,cpe:2.3:o:google:android,google,android,aosp;androidos
os,android,Android OS,4.2 'Jelly Bean',2012-11-13,,True,False,,cpe:2.3:o:google:android,google,android,aosp;androidos
os,android,Android OS,4.3 'Jelly Bean',2013-07-24,,True,False,,cpe:2.3:o:google:android,google,android,aosp;androidos
os,android,Android OS,4.4 'KitKat',2013-10-31,2017-10-01,True,False,,cpe:2.3:o:google:android,google,android,aosp;androidos
os,android,Android OS,4.4W,2014-03-31,2017-10-01,True,False,,cpe:2.3:o:google:android,google,android,aosp;androidos
os,android,Android OS,5.0 'Lollipop',2014-11-12,2018-03-01,True,False,,cpe:2.3:o:google:android,google,android,aosp;androidos
os,android,Android OS,5.1 'Lollipop',2015-03-01,2018-03-01,True,False,,cpe:2.3:o:google:android,google,android,aosp;androidos
os,android,Android OS,6.0 'Marshmallow',2015-10-05,2018-08-01,True,False,,cpe:2.3:o:google:android,google,android,aosp;androidos
os,android,Android OS,7.0 'Nougat',2016-08-22,2019-10-01,True,False,,cpe:2.3:o:google:android,google,android,aosp;androidos
os,android,Android OS,7.1 'Nougat',2016-12-01,2019-10-01,True,False,,cpe:2.3:o:google:android,google,android,aosp;androidos
os,android,Android OS,8.0 'Oreo',2017-08-21,2021-01-01,True,False,,cpe:2.3:o:google:android,google,android,aosp;androidos
os,android,Android OS,8.1 'Oreo',2017-12-05,2021-01-10,True,False,,cpe:2.3:o:google:android,google,android,aosp;androidos
os,android,Android OS,9 'Pie',2018-08-06,2022-01-01,True,False,,cpe:2.3:o:google:android,google,android,aosp;androidos
os,ios,Apple iOS,10,2016-09-13,2019-07-22,True,False,10.3.4,,,,
os,ios,Apple iOS,11,2017-09-19,2018-10-08,True,False,11.4.1,,,,
os,ios,Apple iOS,12,2018-09-17,2026-01-26,True,False,12.5.8,,,,
os,ios,Apple iOS,13,2019-09-19,2020-09-16,True,False,13.7,,,,
os,ios,Apple iOS,14,2020-09-16,2021-10-26,True,False,14.8.1,,,,
os,ios,Apple iOS,15,2021-09-20,,False,True,15.8.8,,,,
os,ios,Apple iOS,16,2022-09-12,,False,True,16.7.16,,,,
os,ios,Apple iOS,17,2023-09-18,2025-05-13,True,False,17.7.7,,,,
os,ios,Apple iOS,18,2024-09-16,,False,True,18.7.10,,,,
os,ios,Apple iOS,26,2025-09-15,,False,True,26.6.1,,,,
os,ios,Apple iOS,5,2011-10-12,2012-11-01,True,False,5.1.1,,,,
os,ios,Apple iOS,6,2012-09-19,2013-09-26,True,False,6.1.6,,,,
os,ios,Apple iOS,7,2013-09-18,2014-10-20,True,False,7.1.2,,,,
os,ios,Apple iOS,8,2014-09-17,2015-09-30,True,False,8.4.1,,,,
os,ios,Apple iOS,9,2015-09-16,2019-07-22,True,False,9.3.6,,,,
os,ipados,Apple iPadOS,12,2018-09-17,2019-09-24,True,False,12.5.8,,,,
os,ipados,Apple iPadOS,13,2019-09-24,2020-09-16,True,False,13.6,,,,
os,ipados,Apple iPadOS,14,2020-09-16,2021-10-01,True,False,14.8.1,,,,
os,ipados,Apple iPadOS,15,2021-09-20,,False,True,15.8.8,,,,
os,ipados,Apple iPadOS,16,2022-10-24,,False,True,16.7.16,,,,
os,ipados,Apple iPadOS,17,2023-09-18,,False,True,17.7.11,,,,
os,ipados,Apple iPadOS,18,2024-09-16,,False,True,18.7.10,,,,
os,ipados,Apple iPadOS,26,2025-09-15,,False,True,26.6.1,,,,
os,macos,Apple macOS,Mac OS X 10.0 (Cheetah),2001-03-24,2001-06-22,True,False,10.0.4,cpe:2.3:o:apple:macos,apple,macos,mac
os,macos,Apple macOS,Mac OS X 10.1 (Puma),2001-09-25,2002-06-06,True,False,10.1.5,cpe:2.3:o:apple:macos,apple,macos,mac
os,macos,Apple macOS,Mac OS X 10.2 (Jaguar),2002-08-24,2003-10-03,True,False,10.2.8,cpe:2.3:o:apple:macos,apple,macos,mac
os,macos,Apple macOS,Mac OS X 10.3 (Panther),2003-10-24,2005-04-15,True,False,10.3.9,cpe:2.3:o:apple:macos,apple,macos,mac
os,macos,Apple macOS,Mac OS X 10.4 (Tiger),2005-04-29,2007-11-14,True,False,10.4.11,cpe:2.3:o:apple:macos,apple,macos,mac
os,macos,Apple macOS,Mac OS X 10.5 (Leopard),2007-10-26,2009-08-13,True,False,10.5.8,cpe:2.3:o:apple:macos,apple,macos,mac
os,macos,Apple macOS,Mac OS X 10.6 (Snow Leopard),2009-08-28,2011-07-25,True,False,10.6.8,cpe:2.3:o:apple:macos,apple,macos,mac
os,macos,Apple macOS,Mac OS X 10.7 (Lion),2011-07-20,2012-10-04,True,False,10.7.5,cpe:2.3:o:apple:macos,apple,macos,mac
os,macos,Apple macOS,OS X 10.10 (Yosemite),2014-10-16,2017-08-01,True,False,10.10.5,cpe:2.3:o:apple:macos,apple,macos,mac
os,macos,Apple macOS,OS X 10.11 (El Capitan),2015-09-30,2018-12-01,True,False,10.11.6,cpe:2.3:o:apple:macos,apple,macos,mac
os,macos,Apple macOS,OS X 10.8 (Mountain Lion),2012-07-25,2015-08-13,True,False,10.8.5,cpe:2.3:o:apple:macos,apple,macos,mac
os,macos,Apple macOS,OS X 10.9 (Mavericks),2013-10-22,2016-12-01,True,False,10.9.5,cpe:2.3:o:apple:macos,apple,macos,mac
os,macos,Apple macOS,macOS 10.12 (Sierra),2016-09-20,2019-10-01,True,False,10.12.6,cpe:2.3:o:apple:macos,apple,macos,mac
os,macos,Apple macOS,macOS 10.13 (High Sierra),2017-09-25,2020-12-01,True,False,10.13.6,cpe:2.3:o:apple:macos,apple,macos,mac
os,macos,Apple macOS,macOS 10.14 (Mojave),2018-09-24,2021-10-25,True,False,10.14.6,cpe:2.3:o:apple:macos,apple,macos,mac
os,macos,Apple macOS,macOS 10.15 (Catalina),2019-10-07,2026-02-02,True,False,10.15.8,cpe:2.3:o:apple:macos,apple,macos,mac
os,macos,Apple macOS,macOS 11 (Big Sur),2020-11-12,2026-02-02,True,False,11.7.11,cpe:2.3:o:apple:macos,apple,macos,mac
os,macos,Apple macOS,macOS 12 (Monterey),2021-10-25,2024-09-16,True,False,12.7.6,cpe:2.3:o:apple:macos,apple,macos,mac
os,macos,Apple macOS,macOS 13 (Ventura),2022-10-24,2025-09-15,True,False,13.7.8,cpe:2.3:o:apple:macos,apple,macos,mac
os,macos,Apple macOS,macOS 14 (Sonoma),2023-09-26,,False,True,14.8.9,cpe:2.3:o:apple:macos,apple,macos,mac
os,macos,Apple macOS,macOS 15 (Sequoia),2024-09-16,,False,True,15.7.9,cpe:2.3:o:apple:macos,apple,macos,mac
os,macos,Apple macOS,macOS 26 (Tahoe),2025-09-15,,False,True,26.6.2,cpe:2.3:o:apple:macos,apple,macos,mac
os,tvos,Apple tvOS,10,2016-09-13,2017-09-19,True,False,10.2.2,cpe:2.3:o:apple:tvos,apple,tvos,apple-tvos
os,tvos,Apple tvOS,11,2017-09-19,2018-09-17,True,False,11.4.1,cpe:2.3:o:apple:tvos,apple,tvos,apple-tvos
os,tvos,Apple tvOS,12,2018-09-17,2019-09-24,True,False,12.4.1,cpe:2.3:o:apple:tvos,apple,tvos,apple-tvos
os,tvos,Apple tvOS,13,2019-09-24,2020-09-16,True,False,13.4.8,cpe:2.3:o:apple:tvos,apple,tvos,apple-tvos
os,tvos,Apple tvOS,14,2020-09-16,2021-09-20,True,False,14.7,cpe:2.3:o:apple:tvos,apple,tvos,apple-tvos
os,tvos,Apple tvOS,15,2021-09-20,2022-09-12,True,False,15.6,cpe:2.3:o:apple:tvos,apple,tvos,apple-tvos
os,tvos,Apple tvOS,16,2022-09-12,2023-09-18,True,False,16.6,cpe:2.3:o:apple:tvos,apple,tvos,apple-tvos
os,tvos,Apple tvOS,17,2023-09-18,2024-09-16,True,False,17.6.1,cpe:2.3:o:apple:tvos,apple,tvos,apple-tvos
os,tvos,Apple tvOS,18,2024-09-16,2025-09-15,True,False,18.6,cpe:2.3:o:apple:tvos,apple,tvos,apple-tvos
os,tvos,Apple tvOS,26,2025-09-15,,False,True,26.6,cpe:2.3:o:apple:tvos,apple,tvos,apple-tvos
os,tvos,Apple tvOS,9,2015-10-29,2016-09-13,True,False,9.2.2,cpe:2.3:o:apple:tvos,apple,tvos,apple-tvos
os,visionos,Apple visionOS,1,2024-01-31,2024-09-16,True,False,1.3,,,,
os,visionos,Apple visionOS,2,2024-09-16,2025-09-15,True,False,2.6,,,,
os,visionos,Apple visionOS,26,2025-09-15,,False,True,26.6.1,,,,
os,watchos,Apple watchOS,10,2023-09-18,2024-09-16,True,False,10.6.2,cpe:2.3:o:apple:watch_os,apple,watch_os,
os,watchos,Apple watchOS,11,2024-09-16,2025-09-15,True,False,11.6.2,cpe:2.3:o:apple:watch_os,apple,watch_os,
os,watchos,Apple watchOS,26,2025-09-15,,False,True,26.6,cpe:2.3:o:apple:watch_os,apple,watch_os,
os,watchos,Apple watchOS,3,2016-09-13,2017-09-19,True,False,3.2.3,cpe:2.3:o:apple:watch_os,apple,watch_os,
os,watchos,Apple watchOS,4,2017-09-19,2018-09-17,True,False,4.3.2,cpe:2.3:o:apple:watch_os,apple,watch_os,
os,watchos,Apple watchOS,5,2018-09-17,2019-09-19,True,False,5.3.10,cpe:2.3:o:apple:watch_os,apple,watch_os,
os,watchos,Apple watchOS,6,2019-09-19,2020-09-16,True,False,6.3.1,cpe:2.3:o:apple:watch_os,apple,watch_os,
os,watchos,Apple watchOS,7,2020-09-16,2021-09-20,True,False,7.6.2,cpe:2.3:o:apple:watch_os,apple,watch_os,
os,watchos,Apple watchOS,8,2021-09-20,2022-09-12,True,False,8.8.2,cpe:2.3:o:apple:watch_os,apple,watch_os,
os,watchos,Apple watchOS,9,2022-09-12,2023-09-18,True,False,9.6.4,cpe:2.3:o:apple:watch_os,apple,watch_os,
os,big-ip,BIG-IP,10.0,2009-03-12,2013-08-31,True,False,10.0.1,,,,
os,big-ip,BIG-IP,10.1,2009-12-17,2016-03-01,True,False,10.1.0,,,,
os,big-ip,BIG-IP,10.2,2010-05-04,2016-12-31,True,False,10.2.4,,,,
os,big-ip,BIG-IP,11.0,2011-08-24,2014-08-24,True,False,11.0.0,,,,
os,big-ip,BIG-IP,11.1,2011-11-28,2014-11-28,True,False,11.1.0,,,,
os,big-ip,BIG-IP,11.2,2012-06-11,2018-12-31,True,False,11.2.1,,,,
os,big-ip,BIG-IP,11.3,2012-12-17,2015-12-17,True,False,11.3.0,,,,
os,big-ip,BIG-IP,11.4,2013-06-11,2017-09-17,True,False,11.4.1,,,,
os,big-ip,BIG-IP,11.5,2014-01-31,2020-04-08,True,False,11.5.10,,,,
os,big-ip,BIG-IP,11.6,2014-08-25,2022-05-10,True,False,11.6.5,,,,
os,big-ip,BIG-IP,12.0,2015-09-02,2017-12-02,True,False,12.0.0,,,,
os,big-ip,BIG-IP,12.1,2016-05-18,2022-05-18,True,False,12.1.6,,,,
os,big-ip,BIG-IP,13.0,2017-02-22,2019-05-22,True,False,13.0.1,,,,
os,big-ip,BIG-IP,13.1,2017-12-19,2023-12-31,True,False,13.1.5,,,,
os,big-ip,BIG-IP,14.0,2018-08-09,2019-11-09,True,False,14.0.1,,,,
os,big-ip,BIG-IP,14.1,2018-12-11,2023-12-31,True,False,14.1.5,,,,
os,big-ip,BIG-IP,15.0,2019-05-23,2020-08-23,True,False,15.0.1,,,,
os,big-ip,BIG-IP,15.1 (LTS),2019-12-11,2024-12-31,True,False,15.1.10,,,,
os,big-ip,BIG-IP,16.0,2020-07-16,2021-10-07,True,False,16.0.1.1,,,,
os,big-ip,BIG-IP,16.1 (LTS),2021-07-07,2025-07-31,True,False,16.1.6,,,,
os,big-ip,BIG-IP,17.0,2022-04-26,2023-07-31,True,False,17.0.0,,,,
os,big-ip,BIG-IP,17.1 (LTS),2023-03-14,2027-03-31,False,True,17.1.3,,,,
os,big-ip,BIG-IP,17.5 (LTS),2025-02-27,2029-01-01,False,True,17.5.1,,,,
os,big-ip,BIG-IP,21.0,2025-11-06,2026-08-06,True,False,21.0.0,,,,
os,big-ip,BIG-IP,21.1 (LTS),2026-05-05,2029-05-05,False,True,21.1.0,,,,
os,big-ip,BIG-IP,9.0,2004-08-23,2007-05-18,True,False,9.0.5,,,,
os,big-ip,BIG-IP,9.1,2005-07-26,2009-04-30,True,False,9.1.3,,,,
os,big-ip,BIG-IP,9.2,2005-09-29,2008-07-31,True,False,9.2.5,,,,
os,big-ip,BIG-IP,9.3,2006-04-27,2012-03-31,True,False,9.3.1,,,,
os,big-ip,BIG-IP,9.4,2006-12-20,2013-08-31,True,False,9.4.8,,,,
os,big-ip,BIG-IP,9.6,2007-12-20,2012-03-31,True,False,9.6.1,,,,
os,centos,CentOS,5,2007-04-12,2017-03-31,True,False,5.11,cpe:2.3:o:centos:centos,centos,centos,
os,centos,CentOS,6,2011-07-10,2020-11-30,True,False,6.10,cpe:2.3:o:centos:centos,centos,centos,
os,centos,CentOS,7,2014-07-07,2024-06-30,True,False,7 (2009),cpe:2.3:o:centos:centos,centos,centos,
os,centos,CentOS,8,2019-09-24,2021-12-31,True,False,8 (2111),cpe:2.3:o:centos:centos,centos,centos,
os,centos-stream,CentOS Stream,10,2024-12-12,2030-05-31,False,True,,cpe:2.3:o:centos:stream,centos,stream,
os,centos-stream,CentOS Stream,8,2019-09-24,2024-05-31,True,False,,cpe:2.3:o:centos:stream,centos,stream,
os,centos-stream,CentOS Stream,9,2021-09-15,2027-05-31,False,True,,cpe:2.3:o:centos:stream,centos,stream,
os,cisco-ios-xe,Cisco IOS XE,16.12 (LTS),2019-07-31,2023-07-31,True,False,,,,,
os,cisco-ios-xe,Cisco IOS XE,17.1,2019-11-21,2020-11-21,True,False,,,,,
os,cisco-ios-xe,Cisco IOS XE,17.10,2022-11-30,2023-11-30,True,False,,,,,
os,cisco-ios-xe,Cisco IOS XE,17.11,2023-03-28,2024-03-28,True,False,,,,,
os,cisco-ios-xe,Cisco IOS XE,17.12 (LTS),2023-07-28,2027-07-28,False,True,,,,,
os,cisco-ios-xe,Cisco IOS XE,17.13,2023-11-30,2024-11-30,True,False,,,,,
os,cisco-ios-xe,Cisco IOS XE,17.14,2024-04-13,2025-04-13,True,False,,,,,
os,cisco-ios-xe,Cisco IOS XE,17.15 (LTS),2024-08-09,2028-08-09,False,True,,,,,
os,cisco-ios-xe,Cisco IOS XE,17.16,2024-12-11,2025-12-11,True,False,,,,,
os,cisco-ios-xe,Cisco IOS XE,17.17,2025-03-31,2026-03-31,True,False,,,,,
os,cisco-ios-xe,Cisco IOS XE,17.18 (LTS),2025-08-08,2029-08-08,False,True,,,,,
os,cisco-ios-xe,Cisco IOS XE,17.2,2020-03-30,2021-03-30,True,False,,,,,
os,cisco-ios-xe,Cisco IOS XE,17.3 (LTS),2020-07-31,2024-07-31,True,False,,,,,
os,cisco-ios-xe,Cisco IOS XE,17.4,2020-11-30,2021-11-30,True,False,,,,,
os,cisco-ios-xe,Cisco IOS XE,17.5,2021-03-31,2022-03-31,True,False,,,,,
os,cisco-ios-xe,Cisco IOS XE,17.6 (LTS),2021-07-30,2024-07-30,True,False,,,,,
os,cisco-ios-xe,Cisco IOS XE,17.7,2021-11-30,2022-11-30,True,False,,,,,
os,cisco-ios-xe,Cisco IOS XE,17.8,2022-04-11,2023-04-11,True,False,,,,,
os,cisco-ios-xe,Cisco IOS XE,17.9 (LTS),2022-07-29,2026-07-29,True,False,,,,,
os,clear-linux,Clear Linux,current,2015-02-06,2025-07-21,True,False,43800,cpe:2.3:o:intel:clear-linux-os,intel,clear-linux-os,clearlinux
os,debian,Debian,1.1 (Buzz),1996-06-17,1996-12-12,True,False,1.1,cpe:2.3:o:debian:debian_linux,debian,debian_linux,
os,debian,Debian,1.2 (Rex),1996-12-12,1997-10-23,True,False,1.2,cpe:2.3:o:debian:debian_linux,debian,debian_linux,
os,debian,Debian,1.3 (Bo),1997-07-02,1998-12-08,True,False,1.3.1 r.6,cpe:2.3:o:debian:debian_linux,debian,debian_linux,
os,debian,Debian,10 (Buster),2019-07-06,2022-09-10,True,False,10.13,cpe:2.3:o:debian:debian_linux,debian,debian_linux,
os,debian,Debian,11 (Bullseye),2021-08-14,2024-08-14,True,False,11.11,cpe:2.3:o:debian:debian_linux,debian,debian_linux,
os,debian,Debian,12 (Bookworm),2023-06-10,2026-07-11,True,True,12.15,cpe:2.3:o:debian:debian_linux,debian,debian_linux,
os,debian,Debian,13 (Trixie),2025-08-09,2028-08-09,False,True,13.6,cpe:2.3:o:debian:debian_linux,debian,debian_linux,
os,debian,Debian,2.0 (Hamm),1998-07-24,1999-02-15,True,False,2.0r5,cpe:2.3:o:debian:debian_linux,debian,debian_linux,
os,debian,Debian,2.1 (Slink),1999-03-09,2000-09-30,True,False,2.1r5,cpe:2.3:o:debian:debian_linux,debian,debian_linux,
os,debian,Debian,2.2 (Potato),2000-08-15,2003-06-30,True,False,2.2r7,cpe:2.3:o:debian:debian_linux,debian,debian_linux,
os,debian,Debian,3.0 (Woody),2002-07-19,2006-06-30,True,False,3.0r6,cpe:2.3:o:debian:debian_linux,debian,debian_linux,
os,debian,Debian,3.1 (Sarge),2005-06-06,2008-03-31,True,False,3.1r8,cpe:2.3:o:debian:debian_linux,debian,debian_linux,
os,debian,Debian,4 (Etch),2007-04-08,2010-02-15,True,False,4.0r9,cpe:2.3:o:debian:debian_linux,debian,debian_linux,
os,debian,Debian,5 (Lenny),2009-02-14,2012-02-06,True,False,5.0.10,cpe:2.3:o:debian:debian_linux,debian,debian_linux,
os,debian,Debian,6 (Squeeze),2011-02-06,2014-05-31,True,False,6.0.10,cpe:2.3:o:debian:debian_linux,debian,debian_linux,
os,debian,Debian,7 (Wheezy),2013-05-04,2016-04-25,True,False,7.11,cpe:2.3:o:debian:debian_linux,debian,debian_linux,
os,debian,Debian,8 (Jessie),2015-04-25,2018-06-17,True,False,8.11,cpe:2.3:o:debian:debian_linux,debian,debian_linux,
os,debian,Debian,9 (Stretch),2017-06-17,2020-07-18,True,False,9.13,cpe:2.3:o:debian:debian_linux,debian,debian_linux,
os,devuan,Devuan,1 (Jessie) (LTS),2017-05-25,2020-06-30,True,False,1.0.0,,,,
os,devuan,Devuan,2 (ASCII) (LTS),2018-06-09,2022-06-30,True,False,2.1,,,,
os,devuan,Devuan,3 (Beowulf) (LTS),2020-06-02,2024-06-01,True,False,3.1.0,,,,
os,devuan,Devuan,4 (Chimaera) (LTS),2021-10-14,2026-08-15,True,False,4.0.0,,,,
os,devuan,Devuan,5 (Daedalus) (LTS),2023-08-15,2028-06-10,False,True,5.0.0,,,,
os,devuan,Devuan,6 (Excalibur) (Upcoming LTS),2025-11-02,2030-06-30,False,True,6.0.0,,,,
os,eurolinux,EuroLinux,6,2015-02-16,2020-12-31,True,False,6.10,cpe:2.3:o:eurolinux:eurolinux,eurolinux,eurolinux,
os,eurolinux,EuroLinux,7,2020-11-25,2024-07-31,True,False,7.9,cpe:2.3:o:eurolinux:eurolinux,eurolinux,eurolinux,
os,eurolinux,EuroLinux,8,2021-07-12,2024-11-03,True,False,8.10,cpe:2.3:o:eurolinux:eurolinux,eurolinux,eurolinux,
os,eurolinux,EuroLinux,9,2022-06-14,2024-11-03,True,False,9.4,cpe:2.3:o:eurolinux:eurolinux,eurolinux,eurolinux,
os,fedora,Fedora Linux,1 (Yarrow),2003-11-05,2004-09-20,True,False,,cpe:2.3:o:fedoraproject:fedora,fedoraproject,fedora,
os,fedora,Fedora Linux,10 (Cambridge),2008-11-25,2009-12-17,True,False,,cpe:2.3:o:fedoraproject:fedora,fedoraproject,fedora,
os,fedora,Fedora Linux,11 (Leonidas),2009-06-09,2010-06-25,True,False,,cpe:2.3:o:fedoraproject:fedora,fedoraproject,fedora,
os,fedora,Fedora Linux,12 (Constantine),2009-11-17,2010-12-02,True,False,,cpe:2.3:o:fedoraproject:fedora,fedoraproject,fedora,
os,fedora,Fedora Linux,13 (Goddard),2010-05-25,2011-06-24,True,False,,cpe:2.3:o:fedoraproject:fedora,fedoraproject,fedora,
os,fedora,Fedora Linux,14 (Laughlin),2010-11-02,2011-12-09,True,False,,cpe:2.3:o:fedoraproject:fedora,fedoraproject,fedora,
os,fedora,Fedora Linux,15 (Lovelock),2011-05-24,2012-06-26,True,False,,cpe:2.3:o:fedoraproject:fedora,fedoraproject,fedora,
os,fedora,Fedora Linux,16 (Verne),2011-11-08,2013-02-12,True,False,,cpe:2.3:o:fedoraproject:fedora,fedoraproject,fedora,
os,fedora,Fedora Linux,17 (Beefy Miracle),2012-05-29,2013-07-30,True,False,,cpe:2.3:o:fedoraproject:fedora,fedoraproject,fedora,
os,fedora,Fedora Linux,18 (Spherical Cow),2013-01-15,2014-01-14,True,False,,cpe:2.3:o:fedoraproject:fedora,fedoraproject,fedora,
os,fedora,Fedora Linux,19 (Schrödinger's Cat),2013-07-02,2015-01-06,True,False,,cpe:2.3:o:fedoraproject:fedora,fedoraproject,fedora,
os,fedora,Fedora Linux,2 (Tettnang),2004-05-18,2005-04-11,True,False,,cpe:2.3:o:fedoraproject:fedora,fedoraproject,fedora,
os,fedora,Fedora Linux,20 (Heisenbug),2013-12-17,2015-06-23,True,False,,cpe:2.3:o:fedoraproject:fedora,fedoraproject,fedora,
os,fedora,Fedora Linux,21,2014-12-09,2015-12-01,True,False,,cpe:2.3:o:fedoraproject:fedora,fedoraproject,fedora,
os,fedora,Fedora Linux,22,2015-05-26,2016-07-19,True,False,,cpe:2.3:o:fedoraproject:fedora,fedoraproject,fedora,
os,fedora,Fedora Linux,23,2015-11-03,2016-12-20,True,False,,cpe:2.3:o:fedoraproject:fedora,fedoraproject,fedora,
os,fedora,Fedora Linux,24,2016-06-21,2017-08-08,True,False,,cpe:2.3:o:fedoraproject:fedora,fedoraproject,fedora,
os,fedora,Fedora Linux,25,2016-11-22,2017-12-12,True,False,,cpe:2.3:o:fedoraproject:fedora,fedoraproject,fedora,
os,fedora,Fedora Linux,26,2017-07-11,2018-05-29,True,False,,cpe:2.3:o:fedoraproject:fedora,fedoraproject,fedora,
os,fedora,Fedora Linux,27,2017-11-14,2018-11-30,True,False,,cpe:2.3:o:fedoraproject:fedora,fedoraproject,fedora,
os,fedora,Fedora Linux,28,2018-05-01,2019-05-28,True,False,,cpe:2.3:o:fedoraproject:fedora,fedoraproject,fedora,
os,fedora,Fedora Linux,29,2018-10-30,2019-11-26,True,False,,cpe:2.3:o:fedoraproject:fedora,fedoraproject,fedora,
os,fedora,Fedora Linux,3 (Heidelberg),2004-11-08,2006-01-16,True,False,,cpe:2.3:o:fedoraproject:fedora,fedoraproject,fedora,
os,fedora,Fedora Linux,30,2019-04-30,2020-05-26,True,False,,cpe:2.3:o:fedoraproject:fedora,fedoraproject,fedora,
os,fedora,Fedora Linux,31,2019-10-29,2020-11-24,True,False,,cpe:2.3:o:fedoraproject:fedora,fedoraproject,fedora,
os,fedora,Fedora Linux,32,2020-04-28,2021-05-25,True,False,,cpe:2.3:o:fedoraproject:fedora,fedoraproject,fedora,
os,fedora,Fedora Linux,33,2020-10-27,2021-11-30,True,False,,cpe:2.3:o:fedoraproject:fedora,fedoraproject,fedora,
os,fedora,Fedora Linux,34,2021-04-27,2022-06-07,True,False,,cpe:2.3:o:fedoraproject:fedora,fedoraproject,fedora,
os,fedora,Fedora Linux,35,2021-11-02,2022-12-13,True,False,,cpe:2.3:o:fedoraproject:fedora,fedoraproject,fedora,
os,fedora,Fedora Linux,36,2022-05-10,2023-05-16,True,False,,cpe:2.3:o:fedoraproject:fedora,fedoraproject,fedora,
os,fedora,Fedora Linux,37,2022-11-15,2023-12-05,True,False,,cpe:2.3:o:fedoraproject:fedora,fedoraproject,fedora,
os,fedora,Fedora Linux,38,2023-04-18,2024-05-21,True,False,,cpe:2.3:o:fedoraproject:fedora,fedoraproject,fedora,
os,fedora,Fedora Linux,39,2023-11-07,2024-11-26,True,False,,cpe:2.3:o:fedoraproject:fedora,fedoraproject,fedora,
os,fedora,Fedora Linux,4 (Stentz),2005-06-13,2006-08-07,True,False,,cpe:2.3:o:fedoraproject:fedora,fedoraproject,fedora,
os,fedora,Fedora Linux,40,2024-04-23,2025-05-13,True,False,,cpe:2.3:o:fedoraproject:fedora,fedoraproject,fedora,
os,fedora,Fedora Linux,41,2024-10-29,2025-12-15,True,False,,cpe:2.3:o:fedoraproject:fedora,fedoraproject,fedora,
os,fedora,Fedora Linux,42 (Adams),2025-04-15,2026-05-27,True,False,,cpe:2.3:o:fedoraproject:fedora,fedoraproject,fedora,
os,fedora,Fedora Linux,43,2025-10-28,2026-12-09,False,True,,cpe:2.3:o:fedoraproject:fedora,fedoraproject,fedora,
os,fedora,Fedora Linux,44,2026-04-28,2027-06-02,False,True,,cpe:2.3:o:fedoraproject:fedora,fedoraproject,fedora,
os,fedora,Fedora Linux,5 (Bordeaux),2006-03-20,2007-07-02,True,False,,cpe:2.3:o:fedoraproject:fedora,fedoraproject,fedora,
os,fedora,Fedora Linux,6 (Zod),2006-10-24,2007-12-07,True,False,,cpe:2.3:o:fedoraproject:fedora,fedoraproject,fedora,
os,fedora,Fedora Linux,7 (Moonshine),2007-05-31,2008-06-13,True,False,,cpe:2.3:o:fedoraproject:fedora,fedoraproject,fedora,
os,fedora,Fedora Linux,8 (Werewolf),2007-11-08,2009-01-07,True,False,,cpe:2.3:o:fedoraproject:fedora,fedoraproject,fedora,
os,fedora,Fedora Linux,9 (Sulphur),2008-05-13,2009-07-10,True,False,,cpe:2.3:o:fedoraproject:fedora,fedoraproject,fedora,
os,fortios,FortiOS,6.0,2018-03-29,2022-09-29,True,False,,cpe:2.3:o:fortinet:fortios,fortinet,fortios,
os,fortios,FortiOS,6.2,2019-03-28,2023-09-28,True,False,,cpe:2.3:o:fortinet:fortios,fortinet,fortios,
os,fortios,FortiOS,6.4,2020-03-31,2024-09-30,True,False,,cpe:2.3:o:fortinet:fortios,fortinet,fortios,
os,fortios,FortiOS,7.0,2021-03-30,2025-09-30,True,False,,cpe:2.3:o:fortinet:fortios,fortinet,fortios,
os,fortios,FortiOS,7.2,2022-03-31,2026-09-30,False,True,,cpe:2.3:o:fortinet:fortios,fortinet,fortios,
os,fortios,FortiOS,7.4,2023-05-11,2028-11-11,False,True,,cpe:2.3:o:fortinet:fortios,fortinet,fortios,
os,fortios,FortiOS,7.6,2024-07-25,2030-01-25,False,True,,cpe:2.3:o:fortinet:fortios,fortinet,fortios,
os,fortios,FortiOS,8.0,2026-04-21,2030-10-21,False,True,,cpe:2.3:o:fortinet:fortios,fortinet,fortios,
os,freebsd,FreeBSD,releng/1.0,1993-11-30,1994-08-31,True,False,,cpe:2.3:o:freebsd:freebsd,freebsd,freebsd,
os,freebsd,FreeBSD,releng/1.1,1994-05-31,1995-05-31,True,False,,cpe:2.3:o:freebsd:freebsd,freebsd,freebsd,
os,freebsd,FreeBSD,releng/10.0,2014-01-20,2015-02-28,True,False,,cpe:2.3:o:freebsd:freebsd,freebsd,freebsd,
os,freebsd,FreeBSD,releng/10.1,2014-11-14,2016-12-31,True,False,,cpe:2.3:o:freebsd:freebsd,freebsd,freebsd,
os,freebsd,FreeBSD,releng/10.2,2015-08-13,2016-12-31,True,False,,cpe:2.3:o:freebsd:freebsd,freebsd,freebsd,
os,freebsd,FreeBSD,releng/10.3,2016-04-04,2018-04-30,True,False,,cpe:2.3:o:freebsd:freebsd,freebsd,freebsd,
os,freebsd,FreeBSD,releng/10.4,2017-10-03,2018-10-31,True,False,,cpe:2.3:o:freebsd:freebsd,freebsd,freebsd,
os,freebsd,FreeBSD,releng/11.0,2016-10-10,2017-11-30,True,False,,cpe:2.3:o:freebsd:freebsd,freebsd,freebsd,
os,freebsd,FreeBSD,releng/11.1,2017-07-26,2018-09-30,True,False,,cpe:2.3:o:freebsd:freebsd,freebsd,freebsd,
os,freebsd,FreeBSD,releng/11.2,2018-06-28,2019-10-31,True,False,,cpe:2.3:o:freebsd:freebsd,freebsd,freebsd,
os,freebsd,FreeBSD,releng/11.3,2019-07-09,2020-09-30,True,False,,cpe:2.3:o:freebsd:freebsd,freebsd,freebsd,
os,freebsd,FreeBSD,releng/11.4,2020-06-16,2021-09-30,True,False,,cpe:2.3:o:freebsd:freebsd,freebsd,freebsd,
os,freebsd,FreeBSD,releng/12.0,2018-12-11,2020-02-29,True,False,,cpe:2.3:o:freebsd:freebsd,freebsd,freebsd,
os,freebsd,FreeBSD,releng/12.1,2019-11-04,2021-01-31,True,False,,cpe:2.3:o:freebsd:freebsd,freebsd,freebsd,
os,freebsd,FreeBSD,releng/12.2,2020-10-27,2022-03-31,True,False,,cpe:2.3:o:freebsd:freebsd,freebsd,freebsd,
os,freebsd,FreeBSD,releng/12.3,2021-12-07,2023-03-31,True,False,,cpe:2.3:o:freebsd:freebsd,freebsd,freebsd,
os,freebsd,FreeBSD,releng/12.4,2022-12-05,2023-12-31,True,False,,cpe:2.3:o:freebsd:freebsd,freebsd,freebsd,
os,freebsd,FreeBSD,releng/13.0,2021-04-13,2022-08-31,True,False,,cpe:2.3:o:freebsd:freebsd,freebsd,freebsd,
os,freebsd,FreeBSD,releng/13.1,2022-05-16,2023-07-31,True,False,,cpe:2.3:o:freebsd:freebsd,freebsd,freebsd,
os,freebsd,FreeBSD,releng/13.2,2023-04-11,2024-06-30,True,False,,cpe:2.3:o:freebsd:freebsd,freebsd,freebsd,
os,freebsd,FreeBSD,releng/13.3,2024-03-05,2024-12-31,True,False,,cpe:2.3:o:freebsd:freebsd,freebsd,freebsd,
os,freebsd,FreeBSD,releng/13.4,2024-09-17,2025-06-30,True,False,,cpe:2.3:o:freebsd:freebsd,freebsd,freebsd,
os,freebsd,FreeBSD,releng/13.5,2025-03-11,2026-04-30,True,False,,cpe:2.3:o:freebsd:freebsd,freebsd,freebsd,
os,freebsd,FreeBSD,releng/14.0,2023-11-20,2024-09-30,True,False,,cpe:2.3:o:freebsd:freebsd,freebsd,freebsd,
os,freebsd,FreeBSD,releng/14.1,2024-06-04,2025-03-31,True,False,,cpe:2.3:o:freebsd:freebsd,freebsd,freebsd,
os,freebsd,FreeBSD,releng/14.2,2024-12-03,2025-09-30,True,False,,cpe:2.3:o:freebsd:freebsd,freebsd,freebsd,
os,freebsd,FreeBSD,releng/14.3,2025-06-10,2026-06-30,True,False,,cpe:2.3:o:freebsd:freebsd,freebsd,freebsd,
os,freebsd,FreeBSD,releng/14.4,2026-03-10,2026-12-31,False,True,,cpe:2.3:o:freebsd:freebsd,freebsd,freebsd,
os,freebsd,FreeBSD,releng/15.0,2025-12-02,2026-09-30,False,True,,cpe:2.3:o:freebsd:freebsd,freebsd,freebsd,
os,freebsd,FreeBSD,releng/15.1,2026-06-16,2027-03-31,False,True,,cpe:2.3:o:freebsd:freebsd,freebsd,freebsd,
os,freebsd,FreeBSD,releng/2.0,1994-11-22,1996-02-28,True,False,,cpe:2.3:o:freebsd:freebsd,freebsd,freebsd,
os,freebsd,FreeBSD,releng/2.1,1995-11-30,1997-06-30,True,False,,cpe:2.3:o:freebsd:freebsd,freebsd,freebsd,
os,freebsd,FreeBSD,releng/2.2,1997-03-31,1998-03-31,True,False,,cpe:2.3:o:freebsd:freebsd,freebsd,freebsd,
os,freebsd,FreeBSD,releng/3.0,1998-10-16,1999-05-31,True,False,,cpe:2.3:o:freebsd:freebsd,freebsd,freebsd,
os,freebsd,FreeBSD,releng/3.1,1999-02-28,1999-08-31,True,False,,cpe:2.3:o:freebsd:freebsd,freebsd,freebsd,
os,freebsd,FreeBSD,releng/3.2,1999-05-31,1999-12-31,True,False,,cpe:2.3:o:freebsd:freebsd,freebsd,freebsd,
os,freebsd,FreeBSD,releng/3.3,1999-09-30,2000-02-29,True,False,,cpe:2.3:o:freebsd:freebsd,freebsd,freebsd,
os,freebsd,FreeBSD,releng/3.4,1999-12-31,2000-09-30,True,False,,cpe:2.3:o:freebsd:freebsd,freebsd,freebsd,
os,freebsd,FreeBSD,releng/3.5,2000-06-30,2001-06-30,True,False,,cpe:2.3:o:freebsd:freebsd,freebsd,freebsd,
os,freebsd,FreeBSD,releng/4.0,2000-03-14,2000-10-31,True,False,,cpe:2.3:o:freebsd:freebsd,freebsd,freebsd,
os,freebsd,FreeBSD,releng/4.1,2000-07-27,2001-02-28,True,False,,cpe:2.3:o:freebsd:freebsd,freebsd,freebsd,
os,freebsd,FreeBSD,releng/4.10,2004-05-27,2007-01-31,True,False,,cpe:2.3:o:freebsd:freebsd,freebsd,freebsd,
os,freebsd,FreeBSD,releng/4.11,2005-01-25,2007-01-31,True,False,,cpe:2.3:o:freebsd:freebsd,freebsd,freebsd,
os,freebsd,FreeBSD,releng/4.2,2000-11-21,2001-07-31,True,False,,cpe:2.3:o:freebsd:freebsd,freebsd,freebsd,
os,freebsd,FreeBSD,releng/4.3,2001-04-20,2001-12-31,True,False,,cpe:2.3:o:freebsd:freebsd,freebsd,freebsd,
os,freebsd,FreeBSD,releng/4.4,2001-09-20,2002-04-30,True,False,,cpe:2.3:o:freebsd:freebsd,freebsd,freebsd,
os,freebsd,FreeBSD,releng/4.5,2002-01-29,2002-09-30,True,False,,cpe:2.3:o:freebsd:freebsd,freebsd,freebsd,
os,freebsd,FreeBSD,releng/4.6,2002-06-15,2003-01-31,True,False,,cpe:2.3:o:freebsd:freebsd,freebsd,freebsd,
os,freebsd,FreeBSD,releng/4.7,2002-10-10,2003-07-31,True,False,,cpe:2.3:o:freebsd:freebsd,freebsd,freebsd,
os,freebsd,FreeBSD,releng/4.8,2003-04-03,2004-02-28,True,False,,cpe:2.3:o:freebsd:freebsd,freebsd,freebsd,
os,freebsd,FreeBSD,releng/4.9,2003-10-28,2004-08-31,True,False,,cpe:2.3:o:freebsd:freebsd,freebsd,freebsd,
os,freebsd,FreeBSD,releng/5.0,2003-01-14,2003-09-30,True,False,,cpe:2.3:o:freebsd:freebsd,freebsd,freebsd,
os,freebsd,FreeBSD,releng/5.1,2003-06-09,2004-04-30,True,False,,cpe:2.3:o:freebsd:freebsd,freebsd,freebsd,
os,freebsd,FreeBSD,releng/5.2,2004-01-09,2005-02-28,True,False,,cpe:2.3:o:freebsd:freebsd,freebsd,freebsd,
os,freebsd,FreeBSD,releng/5.3,2004-11-06,2006-10-31,True,False,,cpe:2.3:o:freebsd:freebsd,freebsd,freebsd,
os,freebsd,FreeBSD,releng/5.4,2005-05-09,2006-10-31,True,False,,cpe:2.3:o:freebsd:freebsd,freebsd,freebsd,
os,freebsd,FreeBSD,releng/5.5,2006-05-25,2008-05-31,True,False,,cpe:2.3:o:freebsd:freebsd,freebsd,freebsd,
os,freebsd,FreeBSD,releng/6.0,2005-11-04,2007-01-31,True,False,,cpe:2.3:o:freebsd:freebsd,freebsd,freebsd,
os,freebsd,FreeBSD,releng/6.1,2006-05-09,2008-05-31,True,False,,cpe:2.3:o:freebsd:freebsd,freebsd,freebsd,
os,freebsd,FreeBSD,releng/6.2,2007-01-15,2008-05-31,True,False,,cpe:2.3:o:freebsd:freebsd,freebsd,freebsd,
os,freebsd,FreeBSD,releng/6.3,2008-01-18,2010-01-31,True,False,,cpe:2.3:o:freebsd:freebsd,freebsd,freebsd,
os,freebsd,FreeBSD,releng/6.4,2008-11-28,2010-11-30,True,False,,cpe:2.3:o:freebsd:freebsd,freebsd,freebsd,
os,freebsd,FreeBSD,releng/7.0,2008-02-27,2009-04-30,True,False,,cpe:2.3:o:freebsd:freebsd,freebsd,freebsd,
os,freebsd,FreeBSD,releng/7.1,2009-01-04,2011-02-28,True,False,,cpe:2.3:o:freebsd:freebsd,freebsd,freebsd,
os,freebsd,FreeBSD,releng/7.2,2009-05-04,2010-06-30,True,False,,cpe:2.3:o:freebsd:freebsd,freebsd,freebsd,
os,freebsd,FreeBSD,releng/7.3,2010-03-23,2012-03-31,True,False,,cpe:2.3:o:freebsd:freebsd,freebsd,freebsd,
os,freebsd,FreeBSD,releng/7.4,2011-02-24,2013-02-28,True,False,,cpe:2.3:o:freebsd:freebsd,freebsd,freebsd,
os,freebsd,FreeBSD,releng/8.0,2009-11-25,2010-11-30,True,False,,cpe:2.3:o:freebsd:freebsd,freebsd,freebsd,
os,freebsd,FreeBSD,releng/8.1,2010-07-23,2012-07-31,True,False,,cpe:2.3:o:freebsd:freebsd,freebsd,freebsd,
os,freebsd,FreeBSD,releng/8.2,2011-02-24,2012-07-31,True,False,,cpe:2.3:o:freebsd:freebsd,freebsd,freebsd,
os,freebsd,FreeBSD,releng/8.3,2012-04-18,2014-04-30,True,False,,cpe:2.3:o:freebsd:freebsd,freebsd,freebsd,
os,freebsd,FreeBSD,releng/8.4,2013-06-09,2015-08-01,True,False,,cpe:2.3:o:freebsd:freebsd,freebsd,freebsd,
os,freebsd,FreeBSD,releng/9.0,2012-01-10,2013-03-31,True,False,,cpe:2.3:o:freebsd:freebsd,freebsd,freebsd,
os,freebsd,FreeBSD,releng/9.1,2012-12-30,2014-12-31,True,False,,cpe:2.3:o:freebsd:freebsd,freebsd,freebsd,
os,freebsd,FreeBSD,releng/9.2,2013-09-30,2014-12-31,True,False,,cpe:2.3:o:freebsd:freebsd,freebsd,freebsd,
os,freebsd,FreeBSD,releng/9.3,2014-07-16,2016-12-31,True,False,,cpe:2.3:o:freebsd:freebsd,freebsd,freebsd,
os,freebsd,FreeBSD,stable/10,2014-01-20,2018-10-31,True,False,,cpe:2.3:o:freebsd:freebsd,freebsd,freebsd,
os,freebsd,FreeBSD,stable/11,2016-10-10,2021-09-30,True,False,,cpe:2.3:o:freebsd:freebsd,freebsd,freebsd,
os,freebsd,FreeBSD,stable/12,2018-12-11,2023-12-31,True,False,,cpe:2.3:o:freebsd:freebsd,freebsd,freebsd,
os,freebsd,FreeBSD,stable/13,2021-04-13,2026-04-30,True,False,,cpe:2.3:o:freebsd:freebsd,freebsd,freebsd,
os,freebsd,FreeBSD,stable/14,2023-11-20,2028-11-30,False,True,,cpe:2.3:o:freebsd:freebsd,freebsd,freebsd,
os,freebsd,FreeBSD,stable/15,2025-12-02,2029-12-31,False,True,,cpe:2.3:o:freebsd:freebsd,freebsd,freebsd,
os,freebsd,FreeBSD,stable/4,2000-03-14,2007-01-31,True,False,,cpe:2.3:o:freebsd:freebsd,freebsd,freebsd,
os,freebsd,FreeBSD,stable/5,2003-01-14,2008-05-31,True,False,,cpe:2.3:o:freebsd:freebsd,freebsd,freebsd,
os,freebsd,FreeBSD,stable/6,2005-11-04,2010-11-30,True,False,,cpe:2.3:o:freebsd:freebsd,freebsd,freebsd,
os,freebsd,FreeBSD,stable/7,2008-02-27,2013-02-28,True,False,,cpe:2.3:o:freebsd:freebsd,freebsd,freebsd,
os,freebsd,FreeBSD,stable/8,2009-11-25,2015-08-01,True,False,,cpe:2.3:o:freebsd:freebsd,freebsd,freebsd,
os,freebsd,FreeBSD,stable/9,2012-01-10,2016-12-31,True,False,,cpe:2.3:o:freebsd:freebsd,freebsd,freebsd,
os,cos,Google Container-Optimized OS (COS),101 (LTS),2022-09-15,2024-10-21,True,False,cos-101-17162-528-64,cpe:2.3:o:google:container-optimized_os,google,container-optimized_os,google-cos;container-optimized-os
os,cos,Google Container-Optimized OS (COS),105 (LTS),2023-04-03,2025-04-01,True,False,cos-105-17412-535-98,cpe:2.3:o:google:container-optimized_os,google,container-optimized_os,google-cos;container-optimized-os
os,cos,Google Container-Optimized OS (COS),109 (LTS),2023-09-27,2025-09-24,True,False,cos-109-17800-570-50,cpe:2.3:o:google:container-optimized_os,google,container-optimized_os,google-cos;container-optimized-os
os,cos,Google Container-Optimized OS (COS),113 (LTS),2024-04-15,2026-05-12,True,False,cos-113-18244-582-104,cpe:2.3:o:google:container-optimized_os,google,container-optimized_os,google-cos;container-optimized-os
os,cos,Google Container-Optimized OS (COS),117 (LTS),2024-10-02,2026-09-01,True,False,cos-117-18613-675-64,cpe:2.3:o:google:container-optimized_os,google,container-optimized_os,google-cos;container-optimized-os
os,cos,Google Container-Optimized OS (COS),121 (LTS),2025-04-14,2027-03-01,False,True,cos-121-18867-528-78,cpe:2.3:o:google:container-optimized_os,google,container-optimized_os,google-cos;container-optimized-os
os,cos,Google Container-Optimized OS (COS),125 (LTS),2025-10-09,2027-09-01,False,True,cos-125-19216-532-135,cpe:2.3:o:google:container-optimized_os,google,container-optimized_os,google-cos;container-optimized-os
os,cos,Google Container-Optimized OS (COS),129 (LTS),2026-05-21,2028-03-01,False,True,cos-129-19506-299-161,cpe:2.3:o:google:container-optimized_os,google,container-optimized_os,google-cos;container-optimized-os
os,cos,Google Container-Optimized OS (COS),69 (LTS),2018-09-18,2019-12-01,True,False,cos-69-10895-385-0,cpe:2.3:o:google:container-optimized_os,google,container-optimized_os,google-cos;container-optimized-os
os,cos,Google Container-Optimized OS (COS),73 (LTS),2019-03-25,2020-09-05,True,False,cos-73-11647-656-0,cpe:2.3:o:google:container-optimized_os,google,container-optimized_os,google-cos;container-optimized-os
os,cos,Google Container-Optimized OS (COS),77 (LTS),2019-09-27,2021-04-01,True,False,cos-77-12371-1109-0,cpe:2.3:o:google:container-optimized_os,google,container-optimized_os,google-cos;container-optimized-os
os,cos,Google Container-Optimized OS (COS),81 (LTS),2020-03-27,2022-01-10,True,False,cos-81-12871-1317-8,cpe:2.3:o:google:container-optimized_os,google,container-optimized_os,google-cos;container-optimized-os
os,cos,Google Container-Optimized OS (COS),85 (LTS),2020-09-24,2022-09-01,True,False,cos-85-13310-1498-13,cpe:2.3:o:google:container-optimized_os,google,container-optimized_os,google-cos;container-optimized-os
os,cos,Google Container-Optimized OS (COS),89 (LTS),2021-04-07,2023-03-01,True,False,cos-89-16108-798-22,cpe:2.3:o:google:container-optimized_os,google,container-optimized_os,google-cos;container-optimized-os
os,cos,Google Container-Optimized OS (COS),93 (LTS),2021-10-18,2023-10-24,True,False,cos-93-16623-461-42,cpe:2.3:o:google:container-optimized_os,google,container-optimized_os,google-cos;container-optimized-os
os,cos,Google Container-Optimized OS (COS),97 (LTS),2022-03-29,2024-03-27,True,False,cos-97-16919-450-41,cpe:2.3:o:google:container-optimized_os,google,container-optimized_os,google-cos;container-optimized-os
os,ibm-aix,IBM AIX,6.1 TL9,2013-11-30,2017-04-30,True,False,6.1.9,cpe:2.3:o:ibm:aix,ibm,aix,aix
os,ibm-aix,IBM AIX,7.1 TL5,2017-10-31,2023-04-30,True,False,7.1.5,cpe:2.3:o:ibm:aix,ibm,aix,aix
os,ibm-aix,IBM AIX,7.2 TL0,2015-12-31,2018-12-31,True,False,7.2.0,cpe:2.3:o:ibm:aix,ibm,aix,aix
os,ibm-aix,IBM AIX,7.2 TL1,2016-11-30,2019-11-30,True,False,7.2.1,cpe:2.3:o:ibm:aix,ibm,aix,aix
os,ibm-aix,IBM AIX,7.2 TL2,2017-10-31,2020-10-31,True,False,7.2.2,cpe:2.3:o:ibm:aix,ibm,aix,aix
os,ibm-aix,IBM AIX,7.2 TL3,2018-09-30,2021-09-30,True,False,7.2.3,cpe:2.3:o:ibm:aix,ibm,aix,aix
os,ibm-aix,IBM AIX,7.2 TL4,2019-11-30,2022-11-30,True,False,7.2.4,cpe:2.3:o:ibm:aix,ibm,aix,aix
os,ibm-aix,IBM AIX,7.2 TL5,2020-11-30,,False,True,7.2.5,cpe:2.3:o:ibm:aix,ibm,aix,aix
os,ibm-aix,IBM AIX,7.3 TL0,2021-12-31,2024-12-31,True,False,7.3.0,cpe:2.3:o:ibm:aix,ibm,aix,aix
os,ibm-aix,IBM AIX,7.3 TL1,2022-12-31,2025-12-31,True,False,7.3.1,cpe:2.3:o:ibm:aix,ibm,aix,aix
os,ibm-aix,IBM AIX,7.3 TL2,2023-11-30,2026-11-30,False,True,7.3.2,cpe:2.3:o:ibm:aix,ibm,aix,aix
os,ibm-aix,IBM AIX,7.3 TL3,2024-12-06,2027-12-31,False,True,7.3.3,cpe:2.3:o:ibm:aix,ibm,aix,aix
os,ibm-aix,IBM AIX,7.3 TL4,2025-12-06,2028-12-31,False,True,7.3.4,cpe:2.3:o:ibm:aix,ibm,aix,aix
os,ibm-i,IBM iSeries,2.1,1992-03-06,1994-06-30,True,False,2.1.1,,,,iseries;i-series;ibm-iseries;ibmi;as400;os400;os-400
os,ibm-i,IBM iSeries,2.2,1992-09-18,1995-03-31,True,False,2.2,,,,iseries;i-series;ibm-iseries;ibmi;as400;os400;os-400
os,ibm-i,IBM iSeries,2.3,1993-12-17,1996-05-31,True,False,2.3,,,,iseries;i-series;ibm-iseries;ibmi;as400;os400;os-400
os,ibm-i,IBM iSeries,3.0,1994-06-03,1997-05-31,True,False,3.0.5,,,,iseries;i-series;ibm-iseries;ibmi;as400;os400;os-400
os,ibm-i,IBM iSeries,3.1,1994-11-25,1998-10-31,True,False,3.1,,,,iseries;i-series;ibm-iseries;ibmi;as400;os400;os-400
os,ibm-i,IBM iSeries,3.2,1996-06-21,2000-05-31,True,False,3.2,,,,iseries;i-series;ibm-iseries;ibmi;as400;os400;os-400
os,ibm-i,IBM iSeries,3.6,1995-12-22,1998-10-31,True,False,3.6,,,,iseries;i-series;ibm-iseries;ibmi;as400;os400;os-400
os,ibm-i,IBM iSeries,3.7,1996-11-08,1999-06-30,True,False,3.7,,,,iseries;i-series;ibm-iseries;ibmi;as400;os400;os-400
os,ibm-i,IBM iSeries,4.1,1997-08-29,2000-05-31,True,False,4.1,,,,iseries;i-series;ibm-iseries;ibmi;as400;os400;os-400
os,ibm-i,IBM iSeries,4.2,1998-02-27,2000-05-31,True,False,4.2,,,,iseries;i-series;ibm-iseries;ibmi;as400;os400;os-400
os,ibm-i,IBM iSeries,4.3,1998-09-11,2001-01-31,True,False,4.3,,,,iseries;i-series;ibm-iseries;ibmi;as400;os400;os-400
os,ibm-i,IBM iSeries,4.4,1999-05-21,2001-05-31,True,False,4.4,,,,iseries;i-series;ibm-iseries;ibmi;as400;os400;os-400
os,ibm-i,IBM iSeries,4.5,2000-07-28,2002-07-31,True,False,4.5,,,,iseries;i-series;ibm-iseries;ibmi;as400;os400;os-400
os,ibm-i,IBM iSeries,5.1,2001-05-25,2005-09-30,True,False,5.1,,,,iseries;i-series;ibm-iseries;ibmi;as400;os400;os-400
os,ibm-i,IBM iSeries,5.2,2002-08-30,2007-04-30,True,False,5.2,,,,iseries;i-series;ibm-iseries;ibmi;as400;os400;os-400
os,ibm-i,IBM iSeries,5.3,2004-06-11,2009-04-30,True,False,5.3,,,,iseries;i-series;ibm-iseries;ibmi;as400;os400;os-400
os,ibm-i,IBM iSeries,5.4,2006-02-14,2013-09-30,True,False,5.4,,,,iseries;i-series;ibm-iseries;ibmi;as400;os400;os-400
os,ibm-i,IBM iSeries,6.1,2008-03-21,2015-09-30,True,False,6.1.0,,,,iseries;i-series;ibm-iseries;ibmi;as400;os400;os-400
os,ibm-i,IBM iSeries,7.1,2010-04-23,2018-04-30,True,False,7.1.0,,,,iseries;i-series;ibm-iseries;ibmi;as400;os400;os-400
os,ibm-i,IBM iSeries,7.2,2014-05-02,2021-04-30,True,False,7.2.0,,,,iseries;i-series;ibm-iseries;ibmi;as400;os400;os-400
os,ibm-i,IBM iSeries,7.3,2016-04-15,2023-09-30,True,True,7.3.0,,,,iseries;i-series;ibm-iseries;ibmi;as400;os400;os-400
os,ibm-i,IBM iSeries,7.4,2019-06-21,2026-09-30,False,True,7.4.0,,,,iseries;i-series;ibm-iseries;ibmi;as400;os400;os-400
os,ibm-i,IBM iSeries,7.5,2022-05-10,,False,True,7.5.0,,,,iseries;i-series;ibm-iseries;ibmi;as400;os400;os-400
os,ibm-i,IBM iSeries,7.6,2025-04-18,,False,True,7.6.0,,,,iseries;i-series;ibm-iseries;ibmi;as400;os400;os-400
os,kde-plasma,KDE Plasma,5.18 (LTS),2020-02-11,2022-02-11,True,False,5.18.8,cpe:2.3:a:kde:plasma,kde,plasma,kdeplasma
os,kde-plasma,KDE Plasma,5.23,2021-10-14,2022-02-03,True,False,5.23.5,cpe:2.3:a:kde:plasma,kde,plasma,kdeplasma
os,kde-plasma,KDE Plasma,5.24 (LTS),2022-02-08,2022-10-14,True,False,5.24.7,cpe:2.3:a:kde:plasma,kde,plasma,kdeplasma
os,kde-plasma,KDE Plasma,5.25,2022-06-14,2022-10-11,True,False,5.25.5,cpe:2.3:a:kde:plasma,kde,plasma,kdeplasma
os,kde-plasma,KDE Plasma,5.26,2022-10-11,2023-02-14,True,False,5.26.5,cpe:2.3:a:kde:plasma,kde,plasma,kdeplasma
os,kde-plasma,KDE Plasma,5.27 (LTS),2023-02-14,2025-01-06,True,False,5.27.12,cpe:2.3:a:kde:plasma,kde,plasma,kdeplasma
os,kde-plasma,KDE Plasma,6.0,2024-02-28,2024-06-18,True,False,6.0.5,cpe:2.3:a:kde:plasma,kde,plasma,kdeplasma
os,kde-plasma,KDE Plasma,6.1,2024-06-18,2024-10-08,True,False,6.1.5,cpe:2.3:a:kde:plasma,kde,plasma,kdeplasma
os,kde-plasma,KDE Plasma,6.2,2024-10-08,2025-02-11,True,False,6.2.5,cpe:2.3:a:kde:plasma,kde,plasma,kdeplasma
os,kde-plasma,KDE Plasma,6.3,2025-02-11,2025-06-17,True,False,6.3.6,cpe:2.3:a:kde:plasma,kde,plasma,kdeplasma
os,kde-plasma,KDE Plasma,6.4,2025-06-17,2025-10-21,True,False,6.4.6,cpe:2.3:a:kde:plasma,kde,plasma,kdeplasma
os,kde-plasma,KDE Plasma,6.5,2025-10-21,2026-02-17,True,False,6.5.6,cpe:2.3:a:kde:plasma,kde,plasma,kdeplasma
os,kde-plasma,KDE Plasma,6.6 (LTS),2026-02-17,2029-08-31,False,True,6.6.6,cpe:2.3:a:kde:plasma,kde,plasma,kdeplasma
os,kde-plasma,KDE Plasma,6.7,2026-06-16,,False,True,6.7.4,cpe:2.3:a:kde:plasma,kde,plasma,kdeplasma
os,lineageos,LineageOS,13.0,2017-01-22,2018-02-12,True,False,,cpe:2.3:o:lineageos:lineageos,lineageos,lineageos,lineage
os,lineageos,LineageOS,14.1,2017-01-22,2019-02-25,True,False,,cpe:2.3:o:lineageos:lineageos,lineageos,lineageos,lineage
os,lineageos,LineageOS,15.1,2018-02-25,2020-02-28,True,False,,cpe:2.3:o:lineageos:lineageos,lineageos,lineageos,lineage
os,lineageos,LineageOS,16.0,2019-03-01,2021-02-16,True,False,,cpe:2.3:o:lineageos:lineageos,lineageos,lineageos,lineage
os,lineageos,LineageOS,17.1,2020-02-01,2022-04-26,True,False,,cpe:2.3:o:lineageos:lineageos,lineageos,lineageos,lineage
os,lineageos,LineageOS,18.1,2021-04-01,2024-03-05,True,False,,cpe:2.3:o:lineageos:lineageos,lineageos,lineageos,lineage
os,lineageos,LineageOS,19,2022-04-26,2024-02-14,True,False,,cpe:2.3:o:lineageos:lineageos,lineageos,lineageos,lineage
os,lineageos,LineageOS,20,2022-12-31,2024-12-31,True,False,,cpe:2.3:o:lineageos:lineageos,lineageos,lineageos,lineage
os,lineageos,LineageOS,21,2024-02-14,2025-10-12,True,False,,cpe:2.3:o:lineageos:lineageos,lineageos,lineageos,lineage
os,lineageos,LineageOS,22.1,2024-12-31,2025-05-13,True,False,,cpe:2.3:o:lineageos:lineageos,lineageos,lineageos,lineage
os,lineageos,LineageOS,22.2,2025-04-11,,False,True,,cpe:2.3:o:lineageos:lineageos,lineageos,lineageos,lineage
os,lineageos,LineageOS,23.0,2025-10-11,2026-02-28,True,False,,cpe:2.3:o:lineageos:lineageos,lineageos,lineageos,lineage
os,lineageos,LineageOS,23.2,2026-02-08,,False,True,,cpe:2.3:o:lineageos:lineageos,lineageos,lineageos,lineage
os,linux,Linux Kernel,4.14 (LTS),2017-11-12,2024-01-10,True,False,4.14.336,cpe:2.3:o:linux:linux_kernel,linux,linux_kernel,linuxkernel;linux-kernel
os,linux,Linux Kernel,4.19 (LTS),2018-10-22,2024-12-05,True,False,4.19.325,cpe:2.3:o:linux:linux_kernel,linux,linux_kernel,linuxkernel;linux-kernel
os,linux,Linux Kernel,4.9 (LTS),2016-12-11,2023-01-07,True,False,4.9.337,cpe:2.3:o:linux:linux_kernel,linux,linux_kernel,linuxkernel;linux-kernel
os,linux,Linux Kernel,5.10 (LTS),2020-12-13,2026-12-31,False,True,5.10.269,cpe:2.3:o:linux:linux_kernel,linux,linux_kernel,linuxkernel;linux-kernel
os,linux,Linux Kernel,5.11,2021-02-14,2021-05-19,True,False,5.11.22,cpe:2.3:o:linux:linux_kernel,linux,linux_kernel,linuxkernel;linux-kernel
os,linux,Linux Kernel,5.12,2021-04-25,2021-07-20,True,False,5.12.19,cpe:2.3:o:linux:linux_kernel,linux,linux_kernel,linuxkernel;linux-kernel
os,linux,Linux Kernel,5.13,2021-06-27,2021-09-18,True,False,5.13.19,cpe:2.3:o:linux:linux_kernel,linux,linux_kernel,linuxkernel;linux-kernel
os,linux,Linux Kernel,5.14,2021-08-29,2021-11-21,True,False,5.14.21,cpe:2.3:o:linux:linux_kernel,linux,linux_kernel,linuxkernel;linux-kernel
os,linux,Linux Kernel,5.15 (LTS),2021-10-31,2026-12-31,False,True,5.15.220,cpe:2.3:o:linux:linux_kernel,linux,linux_kernel,linuxkernel;linux-kernel
os,linux,Linux Kernel,5.16,2022-01-09,2022-04-13,True,False,5.16.20,cpe:2.3:o:linux:linux_kernel,linux,linux_kernel,linuxkernel;linux-kernel
os,linux,Linux Kernel,5.17,2022-03-20,2022-06-14,True,False,5.17.15,cpe:2.3:o:linux:linux_kernel,linux,linux_kernel,linuxkernel;linux-kernel
os,linux,Linux Kernel,5.18,2022-05-22,2022-08-21,True,False,5.18.19,cpe:2.3:o:linux:linux_kernel,linux,linux_kernel,linuxkernel;linux-kernel
os,linux,Linux Kernel,5.19,2022-07-31,2022-10-24,True,False,5.19.17,cpe:2.3:o:linux:linux_kernel,linux,linux_kernel,linuxkernel;linux-kernel
os,linux,Linux Kernel,5.4 (LTS),2019-11-25,2025-12-03,True,False,5.4.302,cpe:2.3:o:linux:linux_kernel,linux,linux_kernel,linuxkernel;linux-kernel
os,linux,Linux Kernel,6.0,2022-10-02,2023-01-12,True,False,6.0.19,cpe:2.3:o:linux:linux_kernel,linux,linux_kernel,linuxkernel;linux-kernel
os,linux,Linux Kernel,6.1 (LTS),2022-12-11,2027-12-31,False,True,6.1.187,cpe:2.3:o:linux:linux_kernel,linux,linux_kernel,linuxkernel;linux-kernel
os,linux,Linux Kernel,6.10,2024-07-14,2024-10-10,True,False,6.10.14,cpe:2.3:o:linux:linux_kernel,linux,linux_kernel,linuxkernel;linux-kernel
os,linux,Linux Kernel,6.11,2024-09-15,2024-12-05,True,False,6.11.11,cpe:2.3:o:linux:linux_kernel,linux,linux_kernel,linuxkernel;linux-kernel
os,linux,Linux Kernel,6.12 (LTS),2024-11-17,2028-12-31,False,True,6.12.108,cpe:2.3:o:linux:linux_kernel,linux,linux_kernel,linuxkernel;linux-kernel
os,linux,Linux Kernel,6.13,2025-01-19,2025-04-20,True,False,6.13.12,cpe:2.3:o:linux:linux_kernel,linux,linux_kernel,linuxkernel;linux-kernel
os,linux,Linux Kernel,6.14,2025-03-24,2025-06-10,True,False,6.14.11,cpe:2.3:o:linux:linux_kernel,linux,linux_kernel,linuxkernel;linux-kernel
os,linux,Linux Kernel,6.15,2025-05-25,2025-08-20,True,False,6.15.11,cpe:2.3:o:linux:linux_kernel,linux,linux_kernel,linuxkernel;linux-kernel
os,linux,Linux Kernel,6.16,2025-07-27,2025-10-12,True,False,6.16.12,cpe:2.3:o:linux:linux_kernel,linux,linux_kernel,linuxkernel;linux-kernel
os,linux,Linux Kernel,6.17,2025-09-28,2025-12-18,True,False,6.17.13,cpe:2.3:o:linux:linux_kernel,linux,linux_kernel,linuxkernel;linux-kernel
os,linux,Linux Kernel,6.18 (LTS),2025-11-30,2028-12-31,False,True,6.18.49,cpe:2.3:o:linux:linux_kernel,linux,linux_kernel,linuxkernel;linux-kernel
os,linux,Linux Kernel,6.19,2026-02-08,2026-04-22,True,False,6.19.14,cpe:2.3:o:linux:linux_kernel,linux,linux_kernel,linuxkernel;linux-kernel
os,linux,Linux Kernel,6.2,2023-02-19,2023-05-17,True,False,6.2.16,cpe:2.3:o:linux:linux_kernel,linux,linux_kernel,linuxkernel;linux-kernel
os,linux,Linux Kernel,6.3,2023-04-23,2023-07-11,True,False,6.3.13,cpe:2.3:o:linux:linux_kernel,linux,linux_kernel,linuxkernel;linux-kernel
os,linux,Linux Kernel,6.4,2023-06-25,2023-09-13,True,False,6.4.16,cpe:2.3:o:linux:linux_kernel,linux,linux_kernel,linuxkernel;linux-kernel
os,linux,Linux Kernel,6.5,2023-08-27,2023-11-28,True,False,6.5.13,cpe:2.3:o:linux:linux_kernel,linux,linux_kernel,linuxkernel;linux-kernel
os,linux,Linux Kernel,6.6 (LTS),2023-10-30,2027-12-31,False,True,6.6.156,cpe:2.3:o:linux:linux_kernel,linux,linux_kernel,linuxkernel;linux-kernel
os,linux,Linux Kernel,6.7,2024-01-07,2024-04-03,True,False,6.7.12,cpe:2.3:o:linux:linux_kernel,linux,linux_kernel,linuxkernel;linux-kernel
os,linux,Linux Kernel,6.8,2024-03-10,2024-05-30,True,False,6.8.12,cpe:2.3:o:linux:linux_kernel,linux,linux_kernel,linuxkernel;linux-kernel
os,linux,Linux Kernel,6.9,2024-05-12,2024-07-27,True,False,6.9.12,cpe:2.3:o:linux:linux_kernel,linux,linux_kernel,linuxkernel;linux-kernel
os,linux,Linux Kernel,7.0,2026-04-12,2026-06-27,True,False,7.0.14,cpe:2.3:o:linux:linux_kernel,linux,linux_kernel,linuxkernel;linux-kernel
os,linux,Linux Kernel,7.1,2026-06-14,,False,True,7.1.13,cpe:2.3:o:linux:linux_kernel,linux,linux_kernel,linuxkernel;linux-kernel
os,linux,Linux Kernel,7.2,2026-08-16,,False,True,7.2.3,cpe:2.3:o:linux:linux_kernel,linux,linux_kernel,linuxkernel;linux-kernel
os,linuxmint,Linux Mint,18.1 'Serena',2017-01-27,2021-04-01,True,False,,cpe:2.3:o:linuxmint:linuxmint,linuxmint,linuxmint,linux-mint
os,linuxmint,Linux Mint,18.3 'Sylvia' (LTS),2017-11-27,2021-05-03,True,False,,cpe:2.3:o:linuxmint:linuxmint,linuxmint,linuxmint,linux-mint
os,linuxmint,Linux Mint,19 'Tara' (LTS),2018-06-29,2023-04-01,True,False,,cpe:2.3:o:linuxmint:linuxmint,linuxmint,linuxmint,linux-mint
os,linuxmint,Linux Mint,19.1 'Tessa' (LTS),2018-12-19,2023-04-01,True,False,,cpe:2.3:o:linuxmint:linuxmint,linuxmint,linuxmint,linux-mint
os,linuxmint,Linux Mint,19.2 'Tina' (LTS),2019-08-02,2023-04-01,True,False,,cpe:2.3:o:linuxmint:linuxmint,linuxmint,linuxmint,linux-mint
os,linuxmint,Linux Mint,19.3 'Tricia' (LTS),2019-12-18,2023-04-01,True,False,,cpe:2.3:o:linuxmint:linuxmint,linuxmint,linuxmint,linux-mint
os,linuxmint,Linux Mint,20 'Ulyana' (LTS),2020-06-27,2025-04-30,True,False,,cpe:2.3:o:linuxmint:linuxmint,linuxmint,linuxmint,linux-mint
os,linuxmint,Linux Mint,20.1 'Ulyssa' (LTS),2021-01-08,2025-04-30,True,False,,cpe:2.3:o:linuxmint:linuxmint,linuxmint,linuxmint,linux-mint
os,linuxmint,Linux Mint,20.2 'Uma' (LTS),2021-07-08,2025-04-30,True,False,,cpe:2.3:o:linuxmint:linuxmint,linuxmint,linuxmint,linux-mint
os,linuxmint,Linux Mint,20.3 'Una' (LTS),2022-01-07,2025-04-30,True,False,,cpe:2.3:o:linuxmint:linuxmint,linuxmint,linuxmint,linux-mint
os,linuxmint,Linux Mint,21 'Vanessa' (LTS),2022-07-31,2027-04-30,False,True,,cpe:2.3:o:linuxmint:linuxmint,linuxmint,linuxmint,linux-mint
os,linuxmint,Linux Mint,21.1 'Vera' (LTS),2022-12-20,2027-04-30,False,True,,cpe:2.3:o:linuxmint:linuxmint,linuxmint,linuxmint,linux-mint
os,linuxmint,Linux Mint,21.2 'Victoria' (LTS),2023-07-16,2027-04-30,False,True,,cpe:2.3:o:linuxmint:linuxmint,linuxmint,linuxmint,linux-mint
os,linuxmint,Linux Mint,21.3 'Virginia' (LTS),2024-01-12,2027-04-30,False,True,,cpe:2.3:o:linuxmint:linuxmint,linuxmint,linuxmint,linux-mint
os,linuxmint,Linux Mint,22 'Wilma' (LTS),2024-07-25,2029-04-30,False,True,,cpe:2.3:o:linuxmint:linuxmint,linuxmint,linuxmint,linux-mint
os,linuxmint,Linux Mint,22.1 'Xia' (LTS),2025-01-16,2029-04-30,False,True,,cpe:2.3:o:linuxmint:linuxmint,linuxmint,linuxmint,linux-mint
os,linuxmint,Linux Mint,22.2 'Zara' (LTS),2025-09-04,2029-04-30,False,True,,cpe:2.3:o:linuxmint:linuxmint,linuxmint,linuxmint,linux-mint
os,linuxmint,Linux Mint,22.3 'Zena' (LTS),2026-01-11,2029-04-30,False,True,,cpe:2.3:o:linuxmint:linuxmint,linuxmint,linuxmint,linux-mint
os,linuxmint,Linux Mint,LMDE 4 'Debbie',2020-03-20,2022-08-01,True,False,,cpe:2.3:o:linuxmint:linuxmint,linuxmint,linuxmint,linux-mint
os,linuxmint,Linux Mint,LMDE 5 'Elsie',2022-03-20,2024-07-01,True,False,,cpe:2.3:o:linuxmint:linuxmint,linuxmint,linuxmint,linux-mint
os,linuxmint,Linux Mint,LMDE 6 'Faye',2023-09-27,2026-01-01,True,False,,cpe:2.3:o:linuxmint:linuxmint,linuxmint,linuxmint,linux-mint
os,linuxmint,Linux Mint,LMDE 7 'Gigi',2025-10-14,,False,True,,cpe:2.3:o:linuxmint:linuxmint,linuxmint,linuxmint,linux-mint
os,mxlinux,MX Linux,14 (Symbiosis),2014-03-25,2018-05-31,True,False,14.4,,,,mx_linux;mx-linux;mx
os,mxlinux,MX Linux,15 (Fusion),2015-12-24,2020-06-30,True,False,15,,,,mx_linux;mx-linux;mx
os,mxlinux,MX Linux,16 (Metamorphosis),2016-12-14,2020-06-30,True,False,16.1,,,,mx_linux;mx-linux;mx
os,mxlinux,MX Linux,17 (Horizon),2017-12-15,2022-06-30,True,False,17.1,,,,mx_linux;mx-linux;mx
os,mxlinux,MX Linux,18 (Continuum),2018-12-20,2022-06-30,True,False,18.3,,,,mx_linux;mx-linux;mx
os,mxlinux,MX Linux,19 (Patito Feo),2019-10-22,2024-06-30,True,False,19.4,,,,mx_linux;mx-linux;mx
os,mxlinux,MX Linux,21 (Wildflower),2021-10-21,2026-06-30,True,False,21.3,,,,mx_linux;mx-linux;mx
os,mxlinux,MX Linux,23 (Libretto),2023-07-31,2028-06-10,False,True,23.6,,,,mx_linux;mx-linux;mx
os,mxlinux,MX Linux,25 (Infinity),2025-11-09,2030-06-30,False,True,25.2,,,,mx_linux;mx-linux;mx
os,mageia,Mageia,1,2011-06-01,2012-12-01,True,False,,cpe:2.3:o:mageia:mageia,mageia,mageia,
os,mageia,Mageia,10,2026-06-29,2028-03-31,False,True,,cpe:2.3:o:mageia:mageia,mageia,mageia,
os,mageia,Mageia,2,2012-05-22,2013-11-22,True,False,,cpe:2.3:o:mageia:mageia,mageia,mageia,
os,mageia,Mageia,3,2013-05-19,2014-11-26,True,False,,cpe:2.3:o:mageia:mageia,mageia,mageia,
os,mageia,Mageia,4,2014-02-01,2015-09-19,True,False,,cpe:2.3:o:mageia:mageia,mageia,mageia,
os,mageia,Mageia,5,2015-06-20,2017-12-31,True,False,,cpe:2.3:o:mageia:mageia,mageia,mageia,
os,mageia,Mageia,6,2017-07-16,2019-09-30,True,False,,cpe:2.3:o:mageia:mageia,mageia,mageia,
os,mageia,Mageia,7,2019-07-01,2021-06-30,True,False,,cpe:2.3:o:mageia:mageia,mageia,mageia,
os,mageia,Mageia,8,2021-02-26,2023-11-30,True,False,,cpe:2.3:o:mageia:mageia,mageia,mageia,
os,mageia,Mageia,9,2023-08-27,2026-09-29,False,True,,cpe:2.3:o:mageia:mageia,mageia,mageia,
os,windows-nano-server,Microsoft Nano Server,20H2,2020-10-20,2022-08-09,True,False,10.0.19042,,,,windowsnanoserver
os,windows-nano-server,Microsoft Nano Server,Nano Server 1607,2016-10-15,2018-09-10,True,False,10.0.14393,,,,windowsnanoserver
os,windows-nano-server,Microsoft Nano Server,Nano Server 1709,2017-10-17,2019-04-09,True,False,10.0.16299,,,,windowsnanoserver
os,windows-nano-server,Microsoft Nano Server,Nano Server 1803,2018-04-30,2019-11-12,True,False,10.0.17134,,,,windowsnanoserver
os,windows-nano-server,Microsoft Nano Server,Nano Server 1809,2018-11-13,2020-11-10,True,False,10.0.17763,,,,windowsnanoserver
os,windows-nano-server,Microsoft Nano Server,Nano Server 1903,2019-05-21,2020-12-08,True,False,10.0.18362,,,,windowsnanoserver
os,windows-nano-server,Microsoft Nano Server,Nano Server 1909,2019-11-12,2021-05-11,True,False,10.0.18363,,,,windowsnanoserver
os,windows-nano-server,Microsoft Nano Server,Nano Server 2004,2020-05-27,2021-12-14,True,False,10.0.19041,,,,windowsnanoserver
os,windows-nano-server,Microsoft Nano Server,Nano Server 2019 (LTSC),2018-11-13,2029-01-09,False,True,10.0.17763,,,,windowsnanoserver
os,windows-nano-server,Microsoft Nano Server,Nano Server 2022 (LTSC),2021-08-18,2031-10-14,False,True,10.0.20348,,,,windowsnanoserver
os,windows-nano-server,Microsoft Nano Server,Nano Server 2025 (LTSC),2024-11-01,2034-10-10,False,True,10.0.26100,,,,windowsnanoserver
os,windows,Microsoft Windows,10 1507,2015-07-29,2017-05-09,True,False,10.0.10240,cpe:2.3:o:microsoft:windows,microsoft,windows,
os,windows,Microsoft Windows,10 1507 (E) (LTS),2015-07-29,2025-10-14,True,False,10.0.10240,cpe:2.3:o:microsoft:windows,microsoft,windows,
os,windows,Microsoft Windows,10 1507 IOT,2015-04-29,2020-11-10,True,False,10.0.10240,cpe:2.3:o:microsoft:windows,microsoft,windows,
os,windows,Microsoft Windows,10 1511,2015-11-10,2017-10-10,True,False,10.0.10586,cpe:2.3:o:microsoft:windows,microsoft,windows,
os,windows,Microsoft Windows,10 1607 (E),2016-08-02,2019-04-09,True,False,10.0.14393,cpe:2.3:o:microsoft:windows,microsoft,windows,
os,windows,Microsoft Windows,10 1607 (E) (LTS),2016-08-02,2026-10-13,False,True,10.0.14393,cpe:2.3:o:microsoft:windows,microsoft,windows,
os,windows,Microsoft Windows,10 1607 (W),2016-08-02,2018-04-10,True,False,10.0.14393,cpe:2.3:o:microsoft:windows,microsoft,windows,
os,windows,Microsoft Windows,10 1703 (E),2017-04-11,2019-10-08,True,False,10.0.15063,cpe:2.3:o:microsoft:windows,microsoft,windows,
os,windows,Microsoft Windows,10 1703 (W),2017-04-11,2018-10-09,True,False,10.0.15063,cpe:2.3:o:microsoft:windows,microsoft,windows,
os,windows,Microsoft Windows,10 1709 (E),2017-10-17,2020-10-13,True,False,10.0.16299,cpe:2.3:o:microsoft:windows,microsoft,windows,
os,windows,Microsoft Windows,10 1709 (W),2017-10-17,2019-04-09,True,False,10.0.16299,cpe:2.3:o:microsoft:windows,microsoft,windows,
os,windows,Microsoft Windows,10 1803 (E),2018-04-30,2021-05-11,True,False,10.0.17134,cpe:2.3:o:microsoft:windows,microsoft,windows,
os,windows,Microsoft Windows,10 1803 (W),2018-04-30,2019-11-12,True,False,10.0.17134,cpe:2.3:o:microsoft:windows,microsoft,windows,
os,windows,Microsoft Windows,10 1809 (E),2018-11-13,2021-05-11,True,False,10.0.17763,cpe:2.3:o:microsoft:windows,microsoft,windows,
os,windows,Microsoft Windows,10 1809 (E) (LTS),2018-11-13,2029-01-09,False,True,10.0.17763,cpe:2.3:o:microsoft:windows,microsoft,windows,
os,windows,Microsoft Windows,10 1809 (W),2018-11-13,2020-11-10,True,False,10.0.17763,cpe:2.3:o:microsoft:windows,microsoft,windows,
os,windows,Microsoft Windows,10 1903,2019-05-21,2020-12-08,True,False,10.0.18362,cpe:2.3:o:microsoft:windows,microsoft,windows,
os,windows,Microsoft Windows,10 1909 (E),2019-11-12,2022-05-10,True,False,10.0.18363,cpe:2.3:o:microsoft:windows,microsoft,windows,
os,windows,Microsoft Windows,10 1909 (W),2019-11-12,2021-05-11,True,False,10.0.18363,cpe:2.3:o:microsoft:windows,microsoft,windows,
os,windows,Microsoft Windows,10 2004,2020-05-27,2021-12-14,True,False,10.0.19041,cpe:2.3:o:microsoft:windows,microsoft,windows,
os,windows,Microsoft Windows,10 20H2 (E),2020-10-20,2023-05-09,True,False,10.0.19042,cpe:2.3:o:microsoft:windows,microsoft,windows,
os,windows,Microsoft Windows,10 20H2 (W),2020-10-20,2022-05-10,True,False,10.0.19042,cpe:2.3:o:microsoft:windows,microsoft,windows,
os,windows,Microsoft Windows,10 21H1,2021-05-18,2022-12-13,True,False,10.0.19043,cpe:2.3:o:microsoft:windows,microsoft,windows,
os,windows,Microsoft Windows,10 21H2 (E),2021-11-16,2024-06-11,True,False,10.0.19044,cpe:2.3:o:microsoft:windows,microsoft,windows,
os,windows,Microsoft Windows,10 21H2 (E) (LTS),2021-11-16,2027-01-12,False,True,10.0.19044,cpe:2.3:o:microsoft:windows,microsoft,windows,
os,windows,Microsoft Windows,10 21H2 (W),2021-11-16,2023-06-13,True,False,10.0.19044,cpe:2.3:o:microsoft:windows,microsoft,windows,
os,windows,Microsoft Windows,10 21H2 IoT (LTS),2021-11-16,2032-01-13,False,True,10.0.19044,cpe:2.3:o:microsoft:windows,microsoft,windows,
os,windows,Microsoft Windows,10 22H2,2022-10-18,2025-10-14,True,True,10.0.19045,cpe:2.3:o:microsoft:windows,microsoft,windows,
os,windows,Microsoft Windows,11 21H2 (E),2021-10-04,2024-10-08,True,False,10.0.22000,cpe:2.3:o:microsoft:windows,microsoft,windows,
os,windows,Microsoft Windows,11 21H2 (W),2021-10-04,2023-10-10,True,False,10.0.22000,cpe:2.3:o:microsoft:windows,microsoft,windows,
os,windows,Microsoft Windows,11 22H2 (E),2022-09-20,2025-10-14,True,False,10.0.22621,cpe:2.3:o:microsoft:windows,microsoft,windows,
os,windows,Microsoft Windows,11 22H2 (W),2022-09-20,2024-10-08,True,False,10.0.22621,cpe:2.3:o:microsoft:windows,microsoft,windows,
os,windows,Microsoft Windows,11 23H2 (E),2023-10-31,2026-11-10,False,True,10.0.22631,cpe:2.3:o:microsoft:windows,microsoft,windows,
os,windows,Microsoft Windows,11 23H2 (W),2023-10-31,2025-11-11,True,False,10.0.22631,cpe:2.3:o:microsoft:windows,microsoft,windows,
os,windows,Microsoft Windows,11 24H2 (E),2024-10-01,2027-10-12,False,True,10.0.26100,cpe:2.3:o:microsoft:windows,microsoft,windows,
os,windows,Microsoft Windows,11 24H2 (E) (LTS),2024-10-01,2029-10-09,False,True,10.0.26100,cpe:2.3:o:microsoft:windows,microsoft,windows,
os,windows,Microsoft Windows,11 24H2 (W),2024-10-01,2026-10-13,False,True,10.0.26100,cpe:2.3:o:microsoft:windows,microsoft,windows,
os,windows,Microsoft Windows,11 24H2 IoT (LTS),2024-10-01,2034-10-10,False,True,10.0.26100,cpe:2.3:o:microsoft:windows,microsoft,windows,
os,windows,Microsoft Windows,11 25H2 (E),2025-09-30,2028-10-10,False,True,10.0.26200,cpe:2.3:o:microsoft:windows,microsoft,windows,
os,windows,Microsoft Windows,11 25H2 (W),2025-09-30,2027-10-12,False,True,10.0.26200,cpe:2.3:o:microsoft:windows,microsoft,windows,
os,windows,Microsoft Windows,11 26H1 (E),2026-02-10,2029-03-13,False,True,10.0.28000,cpe:2.3:o:microsoft:windows,microsoft,windows,
os,windows,Microsoft Windows,11 26H1 (W),2026-02-10,2028-03-14,False,True,10.0.28000,cpe:2.3:o:microsoft:windows,microsoft,windows,
os,windows,Microsoft Windows,7 SP1,2011-02-22,2020-01-14,True,False,6.1.7601,cpe:2.3:o:microsoft:windows,microsoft,windows,
os,windows,Microsoft Windows,8,2012-10-30,2016-01-12,True,False,6.2.9200,cpe:2.3:o:microsoft:windows,microsoft,windows,
os,windows,Microsoft Windows,8.1,2013-11-13,2023-01-10,True,False,6.3.9600,cpe:2.3:o:microsoft:windows,microsoft,windows,
os,windows,Microsoft Windows,Vista SP2,2009-04-29,2017-04-11,True,False,6.0.6200,cpe:2.3:o:microsoft:windows,microsoft,windows,
os,windows,Microsoft Windows,XP SP3,2008-04-21,2014-04-08,True,False,5.1.2600,cpe:2.3:o:microsoft:windows,microsoft,windows,
os,windows-embedded,Microsoft Windows Embedded,8.1 Industry,2013-11-25,2023-07-11,True,False,,,,,windowsembedded
os,windows-embedded,Microsoft Windows Embedded,8.1 Pro,2013-11-13,2023-01-10,True,False,,,,,windowsembedded
os,windows-embedded,Microsoft Windows Embedded,Compact 2013,2013-08-11,2023-10-10,True,False,,,,,windowsembedded
os,windows-embedded,Microsoft Windows Embedded,Compact 7,2011-03-15,2021-04-13,True,False,,,,,windowsembedded
os,windows-embedded,Microsoft Windows Embedded,POSReady 7,2011-09-10,2021-10-12,True,False,,,,,windowsembedded
os,windows-embedded,Microsoft Windows Embedded,Standard 7 SP1,2011-02-28,2020-10-13,True,False,,,,,windowsembedded
os,windows-server,Microsoft Windows Server,Windows Server 1709 SAC,2017-10-17,2019-04-09,True,False,10.0.16299,,,,windowsserver
os,windows-server,Microsoft Windows Server,Windows Server 1803 SAC,2018-04-30,2019-11-12,True,False,10.0.17134,,,,windowsserver
os,windows-server,Microsoft Windows Server,Windows Server 1809 SAC,2018-11-13,2020-11-10,True,False,10.0.17763,,,,windowsserver
os,windows-server,Microsoft Windows Server,Windows Server 1903 SAC,2019-05-21,2020-12-08,True,False,10.0.18362,,,,windowsserver
os,windows-server,Microsoft Windows Server,Windows Server 1909 SAC,2019-11-12,2021-05-11,True,False,10.0.18363,,,,windowsserver
os,windows-server,Microsoft Windows Server,Windows Server 2000 (LTSC),2000-02-17,2010-07-13,True,False,5.0.2195,,,,windowsserver
os,windows-server,Microsoft Windows Server,Windows Server 2003 (LTSC),2003-04-24,2007-04-10,True,False,5.2.3790,,,,windowsserver
os,windows-server,Microsoft Windows Server,Windows Server 2003 SP1,2005-03-30,2009-04-14,True,False,5.2.3790,,,,windowsserver
os,windows-server,Microsoft Windows Server,Windows Server 2003 SP2 (LTSC),2007-03-13,2015-07-14,True,False,5.2.3790,,,,windowsserver
os,windows-server,Microsoft Windows Server,Windows Server 2004 SAC,2020-05-27,2021-12-14,True,False,10.0.19041,,,,windowsserver
os,windows-server,Microsoft Windows Server,Windows Server 2008 R2 SP1 (LTSC),2011-02-22,2020-01-14,True,False,6.1.7601,,,,windowsserver
os,windows-server,Microsoft Windows Server,Windows Server 2008 SP2 (LTSC),2009-04-29,2020-01-14,True,False,6.0.6003,,,,windowsserver
os,windows-server,Microsoft Windows Server,Windows Server 2012 (LTSC),2012-10-30,2023-10-10,True,True,6.2.9200,,,,windowsserver
os,windows-server,Microsoft Windows Server,Windows Server 2012 R2 (LTSC),2013-11-25,2023-10-10,True,True,6.3.9600,,,,windowsserver
os,windows-server,Microsoft Windows Server,Windows Server 2016 (LTSC),2016-10-15,2027-01-12,False,True,10.0.14393,,,,windowsserver
os,windows-server,Microsoft Windows Server,Windows Server 2019 (LTSC),2018-11-13,2029-01-09,False,True,10.0.17763,,,,windowsserver
os,windows-server,Microsoft Windows Server,Windows Server 2022 (LTSC),2021-08-18,2031-10-14,False,True,10.0.20348,,,,windowsserver
os,windows-server,Microsoft Windows Server,Windows Server 2025 (LTSC),2024-11-01,2034-11-14,False,True,10.0.26100,,,,windowsserver
os,windows-server,Microsoft Windows Server,Windows Server 20H2 SAC,2020-10-20,2022-08-09,True,False,10.0.19042,,,,windowsserver
os,windows-server,Microsoft Windows Server,Windows Server 23H2 AC,2023-10-24,2026-05-12,True,False,10.0.25398,,,,windowsserver
os,windows-server-core,Microsoft Windows Server Core,2008-R2-SP1 (LTSC),2011-02-22,2020-01-14,True,False,6.1.7601,,,,windowsservercore
os,windows-server-core,Microsoft Windows Server Core,2008-SP2 (LTSC),2009-04-29,2020-01-14,True,False,6.0.6003,,,,windowsservercore
os,windows-server-core,Microsoft Windows Server Core,2012-R2 (LTSC),2013-11-25,2023-10-10,True,True,6.3.9600,,,,windowsservercore
os,windows-server-core,Microsoft Windows Server Core,20H2,2020-10-20,2022-08-09,True,False,10.0.19042,,,,windowsservercore
os,windows-server-core,Microsoft Windows Server Core,Windows Server Core 1607,2016-10-15,2022-01-11,True,False,10.0.14393,,,,windowsservercore
os,windows-server-core,Microsoft Windows Server Core,Windows Server Core 1709,2017-10-17,2019-04-09,True,False,10.0.16299,,,,windowsservercore
os,windows-server-core,Microsoft Windows Server Core,Windows Server Core 1803,2018-04-30,2019-11-12,True,False,10.0.17134,,,,windowsservercore
os,windows-server-core,Microsoft Windows Server Core,Windows Server Core 1809,2018-11-13,2020-11-10,True,False,10.0.17763,,,,windowsservercore
os,windows-server-core,Microsoft Windows Server Core,Windows Server Core 1903,2019-05-21,2020-12-08,True,False,10.0.18362,,,,windowsservercore
os,windows-server-core,Microsoft Windows Server Core,Windows Server Core 1909,2019-11-12,2021-05-11,True,False,10.0.18363,,,,windowsservercore
os,windows-server-core,Microsoft Windows Server Core,Windows Server Core 2004,2020-05-27,2021-12-14,True,False,10.0.19041,,,,windowsservercore
os,windows-server-core,Microsoft Windows Server Core,Windows Server Core 2012 (LTSC),2012-10-30,2023-10-10,True,True,6.2.9200,,,,windowsservercore
os,windows-server-core,Microsoft Windows Server Core,Windows Server Core 2016 (LTSC),2016-10-15,2027-01-12,False,True,10.0.14393,,,,windowsservercore
os,windows-server-core,Microsoft Windows Server Core,Windows Server Core 2019 (LTSC),2018-11-13,2029-01-09,False,True,10.0.17763,,,,windowsservercore
os,windows-server-core,Microsoft Windows Server Core,Windows Server Core 2022 (LTSC),2021-08-18,2031-10-14,False,True,10.0.20348,,,,windowsservercore
os,windows-server-core,Microsoft Windows Server Core,Windows Server Core 2025 (LTSC),2024-11-01,2034-10-10,False,True,10.0.26100,,,,windowsservercore
os,netapp-ontap,NetApp ONTAP,9.10.1,2022-01-01,2025-01-31,True,False,,,,,ontap;ontap-os
os,netapp-ontap,NetApp ONTAP,9.11.1,2022-07-01,2025-07-31,True,False,,,,,ontap;ontap-os
os,netapp-ontap,NetApp ONTAP,9.12.1,2023-02-01,2026-02-28,True,False,,,,,ontap;ontap-os
os,netapp-ontap,NetApp ONTAP,9.13.1,2023-06-01,2026-06-30,True,False,,,,,ontap;ontap-os
os,netapp-ontap,NetApp ONTAP,9.14.1,2024-01-01,2027-01-31,False,True,,,,,ontap;ontap-os
os,netapp-ontap,NetApp ONTAP,9.15.1,2024-05-01,2027-07-31,False,True,,,,,ontap;ontap-os
os,netapp-ontap,NetApp ONTAP,9.16.1,2025-01-01,2028-01-31,False,True,,,,,ontap;ontap-os
os,netapp-ontap,NetApp ONTAP,9.17.1,2026-01-15,2028-09-30,False,True,,,,,ontap;ontap-os
os,netapp-ontap,NetApp ONTAP,9.18.1,2026-02-04,2029-01-31,False,True,,,,,ontap;ontap-os
os,netapp-ontap,NetApp ONTAP,9.19.1,2026-07-01,2029-07-30,False,True,,,,,ontap;ontap-os
os,netapp-ontap,NetApp ONTAP,9.9.1,2021-06-01,2024-06-30,True,False,,,,,ontap;ontap-os
os,netbsd,NetBSD,1,1994-10-26,2006-05-17,True,False,1.6.2,cpe:2.3:o:netbsd:netbsd,netbsd,netbsd,
os,netbsd,NetBSD,10,2024-03-28,,False,True,10.1,cpe:2.3:o:netbsd:netbsd,netbsd,netbsd,
os,netbsd,NetBSD,11,2026-07-30,,False,True,11.0,cpe:2.3:o:netbsd:netbsd,netbsd,netbsd,
os,netbsd,NetBSD,2,2004-12-09,2008-08-21,True,False,2.1,cpe:2.3:o:netbsd:netbsd,netbsd,netbsd,
os,netbsd,NetBSD,3,2005-12-23,2009-05-30,True,False,3.1,cpe:2.3:o:netbsd:netbsd,netbsd,netbsd,
os,netbsd,NetBSD,4,2007-12-19,,True,False,4.0.1,cpe:2.3:o:netbsd:netbsd,netbsd,netbsd,
os,netbsd,NetBSD,5,2009-04-29,2015-11-11,True,False,5.2.3,cpe:2.3:o:netbsd:netbsd,netbsd,netbsd,
os,netbsd,NetBSD,6,2012-10-17,2018-08-23,True,False,6.1.5,cpe:2.3:o:netbsd:netbsd,netbsd,netbsd,
os,netbsd,NetBSD,7,2015-09-25,2020-06-30,True,False,7.2,cpe:2.3:o:netbsd:netbsd,netbsd,netbsd,
os,netbsd,NetBSD,8,2018-07-17,2024-05-04,True,False,8.3,cpe:2.3:o:netbsd:netbsd,netbsd,netbsd,
os,netbsd,NetBSD,9,2020-02-14,2026-08-30,True,False,9.4,cpe:2.3:o:netbsd:netbsd,netbsd,netbsd,
os,netbackup-appliance-os,NetBackup Appliance OS,2.7,2015-12-06,2020-10-01,True,False,2.7.3,,,,
os,netbackup-appliance-os,NetBackup Appliance OS,3.0,2016-12-04,2020-10-01,True,False,3.0,,,,
os,netbackup-appliance-os,NetBackup Appliance OS,3.1,2017-09-26,2022-06-28,True,False,3.1.2,,,,
os,netbackup-appliance-os,NetBackup Appliance OS,3.2,2019-11-04,2023-06-28,True,False,3.2,,,,
os,netbackup-appliance-os,NetBackup Appliance OS,3.3,2020-10-05,2024-07-29,True,False,3.3.0.2 MR2,,,,
os,netbackup-appliance-os,NetBackup Appliance OS,4.0,2021-03-01,2024-01-01,True,False,4.0.0.1 MR4,,,,
os,netbackup-appliance-os,NetBackup Appliance OS,4.1,2021-07-19,2024-06-07,True,False,4.1.0.1 MR5,,,,
os,netbackup-appliance-os,NetBackup Appliance OS,5.0,2022-04-25,2025-03-28,True,False,5.0.0.1 MR5,,,,
os,netbackup-appliance-os,NetBackup Appliance OS,5.1,2023-02-08,2025-09-08,True,False,5.1.1 MR5,,,,
os,netbackup-appliance-os,NetBackup Appliance OS,5.3,2023-11-27,,False,True,5.3.0.1 MR4,,,,
os,netbackup-appliance-os,NetBackup Appliance OS,5.5,2025-07-31,,False,True,5.5.0.1 MR1,,,,
os,nixos,NixOS,13.10 'Aardvark',2013-10-31,2014-05-31,True,False,,cpe:2.3:o:nixos:nixos,nixos,nixos,nixoslinux
os,nixos,NixOS,14.04 'Baboon',2014-04-30,2015-01-31,True,False,,cpe:2.3:o:nixos:nixos,nixos,nixos,nixoslinux
os,nixos,NixOS,14.12 'Caterpillar',2014-12-30,2015-09-30,True,False,,cpe:2.3:o:nixos:nixos,nixos,nixos,nixoslinux
os,nixos,NixOS,15.09 'Dingo',2015-09-30,2016-04-30,True,False,,cpe:2.3:o:nixos:nixos,nixos,nixos,nixoslinux
os,nixos,NixOS,16.03 'Emu',2016-03-31,2016-10-30,True,False,,cpe:2.3:o:nixos:nixos,nixos,nixos,nixoslinux
os,nixos,NixOS,16.09 'Flounder',2016-09-30,2017-04-30,True,False,,cpe:2.3:o:nixos:nixos,nixos,nixos,nixoslinux
os,nixos,NixOS,17.03 'Gorilla',2017-03-31,2017-10-30,True,False,,cpe:2.3:o:nixos:nixos,nixos,nixos,nixoslinux
os,nixos,NixOS,17.09 'Hummingbird',2017-09-29,2018-04-30,True,False,,cpe:2.3:o:nixos:nixos,nixos,nixos,nixoslinux
os,nixos,NixOS,18.03 'Impala',2018-04-04,2018-10-30,True,False,,cpe:2.3:o:nixos:nixos,nixos,nixos,nixoslinux
os,nixos,NixOS,18.09 'Jellyfish',2018-10-05,2019-04-30,True,False,,cpe:2.3:o:nixos:nixos,nixos,nixos,nixoslinux
os,nixos,NixOS,19.03 'Koi',2019-04-11,2019-10-30,True,False,,cpe:2.3:o:nixos:nixos,nixos,nixos,nixoslinux
os,nixos,NixOS,19.09 'Lori',2019-10-09,2020-04-30,True,False,,cpe:2.3:o:nixos:nixos,nixos,nixos,nixoslinux
os,nixos,NixOS,20.03 'Markhor',2020-04-20,2020-10-30,True,False,,cpe:2.3:o:nixos:nixos,nixos,nixos,nixoslinux
os,nixos,NixOS,20.09 'Nightingale',2020-10-27,2021-06-30,True,False,,cpe:2.3:o:nixos:nixos,nixos,nixos,nixoslinux
os,nixos,NixOS,21.05 'Okapi',2021-05-31,2021-12-31,True,False,,cpe:2.3:o:nixos:nixos,nixos,nixos,nixoslinux
os,nixos,NixOS,21.11 'Porcupine',2021-11-30,2022-06-30,True,False,,cpe:2.3:o:nixos:nixos,nixos,nixos,nixoslinux
os,nixos,NixOS,22.05 'Quokka',2022-05-30,2022-12-31,True,False,,cpe:2.3:o:nixos:nixos,nixos,nixos,nixoslinux
os,nixos,NixOS,22.11 'Raccoon',2022-11-30,2023-06-30,True,False,,cpe:2.3:o:nixos:nixos,nixos,nixos,nixoslinux
os,nixos,NixOS,23.05 'Stoat',2023-05-31,2023-12-31,True,False,,cpe:2.3:o:nixos:nixos,nixos,nixos,nixoslinux
os,nixos,NixOS,23.11 'Tapir',2023-11-29,2024-06-30,True,False,,cpe:2.3:o:nixos:nixos,nixos,nixos,nixoslinux
os,nixos,NixOS,24.05 'Uakari',2024-05-31,2024-12-31,True,False,,cpe:2.3:o:nixos:nixos,nixos,nixos,nixoslinux
os,nixos,NixOS,24.11 'Vicuña',2024-11-30,2025-06-30,True,False,,cpe:2.3:o:nixos:nixos,nixos,nixos,nixoslinux
os,nixos,NixOS,25.05 'Warbler',2025-05-23,2025-12-31,True,False,,cpe:2.3:o:nixos:nixos,nixos,nixos,nixoslinux
os,nixos,NixOS,25.11 'Xantusia',2025-11-30,2026-06-30,True,False,,cpe:2.3:o:nixos:nixos,nixos,nixos,nixoslinux
os,nixos,NixOS,26.05 'Yarara',2026-05-30,2026-12-31,False,True,,cpe:2.3:o:nixos:nixos,nixos,nixos,nixoslinux
os,nutanix-aos,Nutanix AOS,5.10 (LTS),2018-11-26,2021-04-30,True,False,5.10.11.1,,,,
os,nutanix-aos,Nutanix AOS,5.11,2019-08-05,2020-04-30,True,False,5.11.2.3,,,,
os,nutanix-aos,Nutanix AOS,5.15 (LTS),2020-03-31,2022-05-31,True,False,5.15.7,,,,
os,nutanix-aos,Nutanix AOS,5.16,2020-01-06,2020-08-31,True,False,5.16.1.3,,,,
os,nutanix-aos,Nutanix AOS,5.17,2020-05-01,2020-11-30,True,False,5.17.1.5,,,,
os,nutanix-aos,Nutanix AOS,5.18,2020-08-25,2021-03-31,True,False,5.18.1.2,,,,
os,nutanix-aos,Nutanix AOS,5.19,2020-12-16,2021-08-31,True,False,5.19.2,,,,
os,nutanix-aos,Nutanix AOS,5.20 (LTS),2021-05-17,2023-07-31,True,False,5.20.5.1,,,,
os,nutanix-aos,Nutanix AOS,5.5 (LTS),2017-12-06,2020-09-30,True,False,5.5.9.5,,,,
os,nutanix-aos,Nutanix AOS,5.6,2018-04-16,2018-10-31,True,False,5.6.2,,,,
os,nutanix-aos,Nutanix AOS,5.8,2018-07-03,2019-01-31,True,False,5.8.2,,,,
os,nutanix-aos,Nutanix AOS,5.9,2018-10-04,2019-04-30,True,False,5.9.2.4,,,,
os,nutanix-aos,Nutanix AOS,6.0,2021-06-14,2022-05-31,True,False,6.0.2.6,,,,
os,nutanix-aos,Nutanix AOS,6.1,2022-02-24,2022-10-31,True,False,6.1.1.5,,,,
os,nutanix-aos,Nutanix AOS,6.10 (LTS),2024-10-07,2026-10-31,False,True,6.10.1.14,,,,
os,nutanix-aos,Nutanix AOS,6.5 (LTS),2022-07-25,2025-06-30,True,False,6.5.6.7,,,,
os,nutanix-aos,Nutanix AOS,6.6,2023-01-23,2023-11-30,True,False,6.6.2.8,,,,
os,nutanix-aos,Nutanix AOS,6.7,2023-08-28,2024-08-31,True,False,6.7.1.8,,,,
os,nutanix-aos,Nutanix AOS,6.8,2024-05-15,2025-08-31,True,False,6.8.1.9,,,,
os,nutanix-aos,Nutanix AOS,7.0,2024-12-04,2026-12-31,False,True,7.0.1.15,,,,
os,nutanix-aos,Nutanix AOS,7.3,2025-06-24,2027-06-30,False,True,7.3.1.16,,,,
os,nutanix-aos,Nutanix AOS,7.5,2025-12-08,2027-12-31,False,True,7.5.1.13,,,,
os,nutanix-aos,Nutanix AOS,7.6,2026-07-27,2028-07-31,False,True,7.6.0.6,,,,
os,openbsd,OpenBSD,2.1,1997-06-01,1998-05-19,True,False,,cpe:2.3:o:openbsd:openbsd,openbsd,openbsd,
os,openbsd,OpenBSD,2.2,1997-12-01,1998-12-01,True,False,,cpe:2.3:o:openbsd:openbsd,openbsd,openbsd,
os,openbsd,OpenBSD,2.3,1998-05-19,1999-05-19,True,False,,cpe:2.3:o:openbsd:openbsd,openbsd,openbsd,
os,openbsd,OpenBSD,2.4,1998-12-01,1999-12-01,True,False,,cpe:2.3:o:openbsd:openbsd,openbsd,openbsd,
os,openbsd,OpenBSD,2.5,1999-05-19,2000-06-15,True,False,,cpe:2.3:o:openbsd:openbsd,openbsd,openbsd,
os,openbsd,OpenBSD,2.6,1999-12-01,2000-12-01,True,False,,cpe:2.3:o:openbsd:openbsd,openbsd,openbsd,
os,openbsd,OpenBSD,2.7,2000-06-15,2001-06-01,True,False,,cpe:2.3:o:openbsd:openbsd,openbsd,openbsd,
os,openbsd,OpenBSD,2.8,2000-12-01,2001-12-01,True,False,,cpe:2.3:o:openbsd:openbsd,openbsd,openbsd,
os,openbsd,OpenBSD,2.9,2001-06-01,2002-05-19,True,False,,cpe:2.3:o:openbsd:openbsd,openbsd,openbsd,
os,openbsd,OpenBSD,3.0,2001-12-01,2002-11-01,True,False,,cpe:2.3:o:openbsd:openbsd,openbsd,openbsd,
os,openbsd,OpenBSD,3.1,2002-05-19,2003-05-01,True,False,,cpe:2.3:o:openbsd:openbsd,openbsd,openbsd,
os,openbsd,OpenBSD,3.2,2002-11-01,2003-11-01,True,False,,cpe:2.3:o:openbsd:openbsd,openbsd,openbsd,
os,openbsd,OpenBSD,3.3,2003-05-01,2004-05-01,True,False,,cpe:2.3:o:openbsd:openbsd,openbsd,openbsd,
os,openbsd,OpenBSD,3.4,2003-11-01,2004-11-01,True,False,,cpe:2.3:o:openbsd:openbsd,openbsd,openbsd,
os,openbsd,OpenBSD,3.5,2004-05-01,2005-05-19,True,False,,cpe:2.3:o:openbsd:openbsd,openbsd,openbsd,
os,openbsd,OpenBSD,3.6,2004-11-01,2005-11-01,True,False,,cpe:2.3:o:openbsd:openbsd,openbsd,openbsd,
os,openbsd,OpenBSD,3.7,2005-05-19,2006-05-01,True,False,,cpe:2.3:o:openbsd:openbsd,openbsd,openbsd,
os,openbsd,OpenBSD,3.8,2005-11-01,2006-11-01,True,False,,cpe:2.3:o:openbsd:openbsd,openbsd,openbsd,
os,openbsd,OpenBSD,3.9,2006-05-01,2007-05-01,True,False,,cpe:2.3:o:openbsd:openbsd,openbsd,openbsd,
os,openbsd,OpenBSD,4.0,2006-11-01,2007-11-01,True,False,,cpe:2.3:o:openbsd:openbsd,openbsd,openbsd,
os,openbsd,OpenBSD,4.1,2007-05-01,2008-05-01,True,False,,cpe:2.3:o:openbsd:openbsd,openbsd,openbsd,
os,openbsd,OpenBSD,4.2,2007-11-01,2008-11-01,True,False,,cpe:2.3:o:openbsd:openbsd,openbsd,openbsd,
os,openbsd,OpenBSD,4.3,2008-05-01,2009-05-01,True,False,,cpe:2.3:o:openbsd:openbsd,openbsd,openbsd,
os,openbsd,OpenBSD,4.4,2008-11-01,2009-10-18,True,False,,cpe:2.3:o:openbsd:openbsd,openbsd,openbsd,
os,openbsd,OpenBSD,4.5,2009-05-01,2010-05-19,True,False,,cpe:2.3:o:openbsd:openbsd,openbsd,openbsd,
os,openbsd,OpenBSD,4.6,2009-10-18,2010-11-01,True,False,,cpe:2.3:o:openbsd:openbsd,openbsd,openbsd,
os,openbsd,OpenBSD,4.7,2010-05-19,2011-05-01,True,False,,cpe:2.3:o:openbsd:openbsd,openbsd,openbsd,
os,openbsd,OpenBSD,4.8,2010-11-01,2011-11-01,True,False,,cpe:2.3:o:openbsd:openbsd,openbsd,openbsd,
os,openbsd,OpenBSD,4.9,2011-05-01,2012-05-01,True,False,,cpe:2.3:o:openbsd:openbsd,openbsd,openbsd,
os,openbsd,OpenBSD,5.0,2011-11-01,2012-11-01,True,False,,cpe:2.3:o:openbsd:openbsd,openbsd,openbsd,
os,openbsd,OpenBSD,5.1,2012-05-01,2013-05-01,True,False,,cpe:2.3:o:openbsd:openbsd,openbsd,openbsd,
os,openbsd,OpenBSD,5.2,2012-11-01,2013-11-01,True,False,,cpe:2.3:o:openbsd:openbsd,openbsd,openbsd,
os,openbsd,OpenBSD,5.3,2013-05-01,2014-05-01,True,False,,cpe:2.3:o:openbsd:openbsd,openbsd,openbsd,
os,openbsd,OpenBSD,5.4,2013-11-01,2014-11-01,True,False,,cpe:2.3:o:openbsd:openbsd,openbsd,openbsd,
os,openbsd,OpenBSD,5.5,2014-05-01,2015-05-01,True,False,,cpe:2.3:o:openbsd:openbsd,openbsd,openbsd,
os,openbsd,OpenBSD,5.6,2014-11-01,2015-10-18,True,False,,cpe:2.3:o:openbsd:openbsd,openbsd,openbsd,
os,openbsd,OpenBSD,5.7,2015-05-01,2016-03-29,True,False,,cpe:2.3:o:openbsd:openbsd,openbsd,openbsd,
os,openbsd,OpenBSD,5.8,2015-10-18,2016-09-01,True,False,,cpe:2.3:o:openbsd:openbsd,openbsd,openbsd,
os,openbsd,OpenBSD,5.9,2016-03-29,2017-04-11,True,False,,cpe:2.3:o:openbsd:openbsd,openbsd,openbsd,
os,openbsd,OpenBSD,6.0,2016-09-01,2017-10-09,True,False,,cpe:2.3:o:openbsd:openbsd,openbsd,openbsd,
os,openbsd,OpenBSD,6.1,2017-04-11,2018-04-15,True,False,,cpe:2.3:o:openbsd:openbsd,openbsd,openbsd,
os,openbsd,OpenBSD,6.2,2017-10-09,2018-10-18,True,False,,cpe:2.3:o:openbsd:openbsd,openbsd,openbsd,
os,openbsd,OpenBSD,6.3,2018-04-02,2019-05-03,True,False,,cpe:2.3:o:openbsd:openbsd,openbsd,openbsd,
os,openbsd,OpenBSD,6.4,2018-10-18,2019-10-17,True,False,,cpe:2.3:o:openbsd:openbsd,openbsd,openbsd,
os,openbsd,OpenBSD,6.5,2019-04-24,2020-05-19,True,False,,cpe:2.3:o:openbsd:openbsd,openbsd,openbsd,
os,openbsd,OpenBSD,6.6,2019-10-17,2020-10-18,True,False,,cpe:2.3:o:openbsd:openbsd,openbsd,openbsd,
os,openbsd,OpenBSD,6.7,2020-05-19,2021-05-01,True,False,,cpe:2.3:o:openbsd:openbsd,openbsd,openbsd,
os,openbsd,OpenBSD,6.8,2020-10-18,2021-10-14,True,False,,cpe:2.3:o:openbsd:openbsd,openbsd,openbsd,
os,openbsd,OpenBSD,6.9,2021-05-01,2022-04-21,True,False,,cpe:2.3:o:openbsd:openbsd,openbsd,openbsd,
os,openbsd,OpenBSD,7.0,2021-10-14,2022-10-20,True,False,,cpe:2.3:o:openbsd:openbsd,openbsd,openbsd,
os,openbsd,OpenBSD,7.1,2022-04-21,2023-04-10,True,False,,cpe:2.3:o:openbsd:openbsd,openbsd,openbsd,
os,openbsd,OpenBSD,7.2,2022-10-20,2023-10-16,True,False,,cpe:2.3:o:openbsd:openbsd,openbsd,openbsd,
os,openbsd,OpenBSD,7.3,2023-04-10,2024-04-05,True,False,,cpe:2.3:o:openbsd:openbsd,openbsd,openbsd,
os,openbsd,OpenBSD,7.4,2023-10-16,2024-10-08,True,False,,cpe:2.3:o:openbsd:openbsd,openbsd,openbsd,
os,openbsd,OpenBSD,7.5,2024-04-05,2025-04-28,True,False,,cpe:2.3:o:openbsd:openbsd,openbsd,openbsd,
os,openbsd,OpenBSD,7.6,2024-10-08,2025-10-22,True,False,,cpe:2.3:o:openbsd:openbsd,openbsd,openbsd,
os,openbsd,OpenBSD,7.7,2025-04-28,2026-05-19,True,False,,cpe:2.3:o:openbsd:openbsd,openbsd,openbsd,
os,openbsd,OpenBSD,7.8,2025-10-22,2026-11-01,False,True,,cpe:2.3:o:openbsd:openbsd,openbsd,openbsd,
os,openbsd,OpenBSD,7.9,2026-05-19,2027-06-01,False,True,,cpe:2.3:o:openbsd:openbsd,openbsd,openbsd,
os,openwrt,OpenWrt,17.01,2017-02-20,2019-02-01,True,False,17.01.7,,,,open-wrt
os,openwrt,OpenWrt,18.06,2018-07-30,2021-07-01,True,False,18.06.9,,,,open-wrt
os,openwrt,OpenWrt,19.07,2020-01-06,2022-04-30,True,False,19.07.10,,,,open-wrt
os,openwrt,OpenWrt,21.02,2021-09-01,2023-04-30,True,False,21.02.7,,,,open-wrt
os,openwrt,OpenWrt,22.03,2022-09-03,2024-04-11,True,False,22.03.7,,,,open-wrt
os,openwrt,OpenWrt,23.05,2023-10-11,2025-08-16,True,False,23.05.6,,,,open-wrt
os,openwrt,OpenWrt,24.10,2025-02-04,2026-09-05,False,True,24.10.8,,,,open-wrt
os,openwrt,OpenWrt,25.12,2026-03-05,,False,True,25.12.5,,,,open-wrt
os,oracle-linux,Oracle Linux,10,2025-06-26,,False,True,10.1,cpe:2.3:o:oracle:linux,oracle,linux,oraclelinux
os,oracle-linux,Oracle Linux,6,2011-02-12,2021-03-31,True,False,6.10,cpe:2.3:o:oracle:linux,oracle,linux,oraclelinux
os,oracle-linux,Oracle Linux,7,2014-07-23,2024-12-31,True,True,7.9,cpe:2.3:o:oracle:linux,oracle,linux,oraclelinux
os,oracle-linux,Oracle Linux,8,2019-07-19,2029-07-31,False,True,8.10,cpe:2.3:o:oracle:linux,oracle,linux,oraclelinux
os,oracle-linux,Oracle Linux,9,2022-07-06,2032-06-30,False,True,9.8,cpe:2.3:o:oracle:linux,oracle,linux,oraclelinux
os,oracle-solaris,Oracle Solaris,10,2005-01-31,2018-01-01,True,True,,cpe:/o:oracle:solaris,,,solaris
os,oracle-solaris,Oracle Solaris,11,2011-11-09,,True,False,,cpe:/o:oracle:solaris,,,solaris
os,oracle-solaris,Oracle Solaris,11.1,2012-10-03,,True,False,,cpe:/o:oracle:solaris,,,solaris
os,oracle-solaris,Oracle Solaris,11.2,2014-04-29,,True,False,,cpe:/o:oracle:solaris,,,solaris
os,oracle-solaris,Oracle Solaris,11.3,2015-10-26,2021-01-01,True,True,,cpe:/o:oracle:solaris,,,solaris
os,oracle-solaris,Oracle Solaris,11.4,2018-08-28,2031-11-01,False,True,,cpe:/o:oracle:solaris,,,solaris
os,oracle-solaris,Oracle Solaris,8,2000-02-01,2009-03-01,True,False,,cpe:/o:oracle:solaris,,,solaris
os,oracle-solaris,Oracle Solaris,9,2002-05-28,2011-10-01,True,False,,cpe:/o:oracle:solaris,,,solaris
os,panos,Palo Alto Networks PAN-OS,1.3,2007-11-15,2008-11-20,True,False,,,,,pan-os
os,panos,Palo Alto Networks PAN-OS,10.0,2020-07-16,2022-07-16,True,False,10.0.12-h6,,,,pan-os
os,panos,Palo Alto Networks PAN-OS,10.1,2021-05-31,2024-12-01,True,False,10.1.14-h20,,,,pan-os
os,panos,Palo Alto Networks PAN-OS,10.2,2022-02-27,2025-08-27,True,False,10.2.18-h9,,,,pan-os
os,panos,Palo Alto Networks PAN-OS,11.0,2022-11-17,2024-11-17,True,False,11.0.6-h1,,,,pan-os
os,panos,Palo Alto Networks PAN-OS,11.1,2023-11-03,2027-05-03,False,True,11.1.16-h1,,,,pan-os
os,panos,Palo Alto Networks PAN-OS,11.2,2024-05-02,2027-05-02,False,True,11.2.13-h1,,,,pan-os
os,panos,Palo Alto Networks PAN-OS,12.1,2025-08-28,2028-08-28,False,True,12.1.9,,,,pan-os
os,panos,Palo Alto Networks PAN-OS,12.2,2026-07-30,2029-07-30,False,True,12.2.3,,,,pan-os
os,panos,Palo Alto Networks PAN-OS,2.0,2008-05-20,2009-05-20,True,False,,,,,pan-os
os,panos,Palo Alto Networks PAN-OS,2.1,2009-01-05,2012-01-05,True,False,,,,,pan-os
os,panos,Palo Alto Networks PAN-OS,3.0,2009-06-17,2010-12-17,True,False,,,,,pan-os
os,panos,Palo Alto Networks PAN-OS,3.1,2010-03-15,2013-06-30,True,False,,,,,pan-os
os,panos,Palo Alto Networks PAN-OS,4.0,2011-02-22,2014-12-31,True,False,,,,,pan-os
os,panos,Palo Alto Networks PAN-OS,4.1,2011-10-31,2015-04-30,True,False,,,,,pan-os
os,panos,Palo Alto Networks PAN-OS,5.0,2012-11-13,2016-11-13,True,False,,,,,pan-os
os,panos,Palo Alto Networks PAN-OS,5.1,2013-05-09,2017-05-09,True,False,,,,,pan-os
os,panos,Palo Alto Networks PAN-OS,6.0,2014-01-19,2017-03-19,True,False,6.0.15,,,,pan-os
os,panos,Palo Alto Networks PAN-OS,6.1,2014-10-25,2018-10-25,True,False,6.1.22,,,,pan-os
os,panos,Palo Alto Networks PAN-OS,7.0,2015-06-04,2017-12-04,True,False,7.0.19,,,,pan-os
os,panos,Palo Alto Networks PAN-OS,7.1,2016-03-29,2020-06-30,True,False,7.1.26,,,,pan-os
os,panos,Palo Alto Networks PAN-OS,8.0,2017-01-29,2019-10-31,True,False,8.0.20,,,,pan-os
os,panos,Palo Alto Networks PAN-OS,8.1,2018-03-01,2022-03-01,True,False,8.1.24,,,,pan-os
os,panos,Palo Alto Networks PAN-OS,9.0,2019-02-06,2022-03-01,True,False,9.0.17-h5,,,,pan-os
os,panos,Palo Alto Networks PAN-OS,9.0-XFR (VM-Series only),2019-09-19,2020-09-19,True,False,9.0-XFR (VM-Series only),,,,pan-os
os,panos,Palo Alto Networks PAN-OS,9.1,2019-12-13,2024-06-30,True,False,9.1.19,,,,pan-os
os,pop-os,Pop!_OS,17.10,2017-10-27,2018-07-29,True,False,,,,,popos;pop_os
os,pop-os,Pop!_OS,18.04 (LTS),2018-04-30,2023-04-30,True,False,,,,,popos;pop_os
os,pop-os,Pop!_OS,18.10,2018-10-19,2019-07-19,True,False,,,,,popos;pop_os
os,pop-os,Pop!_OS,19.04,2019-04-20,2020-01-18,True,False,,,,,popos;pop_os
os,pop-os,Pop!_OS,19.10,2019-10-19,2020-07-29,True,False,,,,,popos;pop_os
os,pop-os,Pop!_OS,20.04 (LTS),2020-04-30,2025-04-30,True,False,,,,,popos;pop_os
os,pop-os,Pop!_OS,20.10,2020-10-23,2021-09-28,True,False,,,,,popos;pop_os
os,pop-os,Pop!_OS,21.04,2021-06-29,2022-03-13,True,False,,,,,popos;pop_os
os,pop-os,Pop!_OS,21.10,2021-12-14,2022-07-24,True,False,,,,,popos;pop_os
os,pop-os,Pop!_OS,22.04 (LTS),2022-04-25,2027-04-25,False,True,,,,,popos;pop_os
os,pop-os,Pop!_OS,24.04 (LTS),2025-12-11,2029-05-31,False,True,,,,,popos;pop_os
os,proxmox-ve,Proxmox VE,1,2011-09-13,2013-01-31,True,False,1.9,cpe:2.3:a:proxmox:virtual_environment,proxmox,virtual_environment,pve;proxmoxve
os,proxmox-ve,Proxmox VE,2,2012-03-30,2014-05-31,True,False,2.3,cpe:2.3:a:proxmox:virtual_environment,proxmox,virtual_environment,pve;proxmoxve
os,proxmox-ve,Proxmox VE,3,2013-05-24,2017-02-28,True,False,3.4,cpe:2.3:a:proxmox:virtual_environment,proxmox,virtual_environment,pve;proxmoxve
os,proxmox-ve,Proxmox VE,4,2015-10-06,2018-06-30,True,False,4.4,cpe:2.3:a:proxmox:virtual_environment,proxmox,virtual_environment,pve;proxmoxve
os,proxmox-ve,Proxmox VE,5,2017-07-04,2020-07-31,True,False,5.4,cpe:2.3:a:proxmox:virtual_environment,proxmox,virtual_environment,pve;proxmoxve
os,proxmox-ve,Proxmox VE,6,2019-07-16,2022-09-30,True,False,6.4,cpe:2.3:a:proxmox:virtual_environment,proxmox,virtual_environment,pve;proxmoxve
os,proxmox-ve,Proxmox VE,7,2021-07-06,2024-07-31,True,False,7.4,cpe:2.3:a:proxmox:virtual_environment,proxmox,virtual_environment,pve;proxmoxve
os,proxmox-ve,Proxmox VE,8,2023-06-22,2026-08-31,True,False,8.4,cpe:2.3:a:proxmox:virtual_environment,proxmox,virtual_environment,pve;proxmoxve
os,proxmox-ve,Proxmox VE,9,2025-08-05,,False,True,9.2,cpe:2.3:a:proxmox:virtual_environment,proxmox,virtual_environment,pve;proxmoxve
os,rhel,Red Hat Enterprise Linux,10 (Upcoming ELS),2025-05-20,2035-05-31,False,True,10.2,cpe:2.3:o:redhat:enterprise_linux,redhat,enterprise_linux,redhat;redhatlinux
os,rhel,Red Hat Enterprise Linux,4,2005-02-15,2012-02-29,True,False,4.9,cpe:2.3:o:redhat:enterprise_linux,redhat,enterprise_linux,redhat;redhatlinux
os,rhel,Red Hat Enterprise Linux,5 (ELS),2007-03-15,2017-03-31,True,False,5.11,cpe:2.3:o:redhat:enterprise_linux,redhat,enterprise_linux,redhat;redhatlinux
os,rhel,Red Hat Enterprise Linux,6 (ELS),2010-11-10,2020-11-30,True,False,6.10,cpe:2.3:o:redhat:enterprise_linux,redhat,enterprise_linux,redhat;redhatlinux
os,rhel,Red Hat Enterprise Linux,7 (ELS),2014-06-10,2024-06-30,True,True,7.9,cpe:2.3:o:redhat:enterprise_linux,redhat,enterprise_linux,redhat;redhatlinux
os,rhel,Red Hat Enterprise Linux,8 (Upcoming ELS),2019-05-07,2029-05-31,False,True,8.10,cpe:2.3:o:redhat:enterprise_linux,redhat,enterprise_linux,redhat;redhatlinux
os,rhel,Red Hat Enterprise Linux,9 (Upcoming ELS),2022-05-18,2032-05-31,False,True,9.8,cpe:2.3:o:redhat:enterprise_linux,redhat,enterprise_linux,redhat;redhatlinux
os,rocky-linux,Rocky Linux,10,2025-06-11,2035-05-31,False,True,10.2,cpe:2.3:o:rocky:rocky,rocky,rocky,rocky;rockylinux
os,rocky-linux,Rocky Linux,8,2021-05-01,2029-05-31,False,True,8.10,cpe:2.3:o:rocky:rocky,rocky,rocky,rocky;rockylinux
os,rocky-linux,Rocky Linux,9,2022-07-14,2032-05-31,False,True,9.8,cpe:2.3:o:rocky:rocky,rocky,rocky,rocky;rockylinux
os,routeros,RouterOS,RouterOS 3.30,2009-09-11,,True,False,3.30,cpe:2.3:o:mikrotik:routeros,mikrotik,routeros,
os,routeros,RouterOS,RouterOS 4.10,2010-05-26,,True,False,4.10,cpe:2.3:o:mikrotik:routeros,mikrotik,routeros,
os,routeros,RouterOS,RouterOS 4.17,2011-03-02,,True,False,4.17,cpe:2.3:o:mikrotik:routeros,mikrotik,routeros,
os,routeros,RouterOS,RouterOS 5.11,2011-12-12,,True,False,5.11,cpe:2.3:o:mikrotik:routeros,mikrotik,routeros,
os,routeros,RouterOS,RouterOS 5.12,2012-01-19,,True,False,5.12,cpe:2.3:o:mikrotik:routeros,mikrotik,routeros,
os,routeros,RouterOS,RouterOS 5.13,2012-02-14,,True,False,5.13,cpe:2.3:o:mikrotik:routeros,mikrotik,routeros,
os,routeros,RouterOS,RouterOS 5.14,2012-02-22,,True,False,5.14,cpe:2.3:o:mikrotik:routeros,mikrotik,routeros,
os,routeros,RouterOS,RouterOS 5.16,2012-05-09,,True,False,5.16,cpe:2.3:o:mikrotik:routeros,mikrotik,routeros,
os,routeros,RouterOS,RouterOS 5.17,2012-05-28,,True,False,5.17,cpe:2.3:o:mikrotik:routeros,mikrotik,routeros,
os,routeros,RouterOS,RouterOS 5.18,2012-06-21,,True,False,5.18,cpe:2.3:o:mikrotik:routeros,mikrotik,routeros,
os,routeros,RouterOS,RouterOS 5.19,2012-07-16,,True,False,5.19,cpe:2.3:o:mikrotik:routeros,mikrotik,routeros,
os,routeros,RouterOS,RouterOS 5.20,2012-08-15,,True,False,5.20,cpe:2.3:o:mikrotik:routeros,mikrotik,routeros,
os,routeros,RouterOS,RouterOS 5.21,2012-10-12,,True,False,5.21,cpe:2.3:o:mikrotik:routeros,mikrotik,routeros,
os,routeros,RouterOS,RouterOS 5.22,2012-11-23,,True,False,5.22,cpe:2.3:o:mikrotik:routeros,mikrotik,routeros,
os,routeros,RouterOS,RouterOS 5.23,2013-01-29,,True,False,5.23,cpe:2.3:o:mikrotik:routeros,mikrotik,routeros,
os,routeros,RouterOS,RouterOS 5.24,2013-02-19,,True,False,5.24,cpe:2.3:o:mikrotik:routeros,mikrotik,routeros,
os,routeros,RouterOS,RouterOS 5.25,2013-04-25,,True,False,5.25,cpe:2.3:o:mikrotik:routeros,mikrotik,routeros,
os,routeros,RouterOS,RouterOS 5.26,2013-09-04,,True,False,5.26,cpe:2.3:o:mikrotik:routeros,mikrotik,routeros,
os,routeros,RouterOS,RouterOS 5.7,2011-09-14,,True,False,5.7,cpe:2.3:o:mikrotik:routeros,mikrotik,routeros,
os,routeros,RouterOS,RouterOS 5.8,2011-11-01,,True,False,5.8,cpe:2.3:o:mikrotik:routeros,mikrotik,routeros,
os,routeros,RouterOS,RouterOS 5.9,2011-11-29,,True,False,5.9,cpe:2.3:o:mikrotik:routeros,mikrotik,routeros,
os,routeros,RouterOS,RouterOS 6.0,2013-05-17,,True,False,6.0,cpe:2.3:o:mikrotik:routeros,mikrotik,routeros,
os,routeros,RouterOS,RouterOS 6.1,2013-06-12,,True,False,6.1,cpe:2.3:o:mikrotik:routeros,mikrotik,routeros,
os,routeros,RouterOS,RouterOS 6.10,2014-02-12,,True,False,6.10,cpe:2.3:o:mikrotik:routeros,mikrotik,routeros,
os,routeros,RouterOS,RouterOS 6.11,2014-03-20,,True,False,6.11,cpe:2.3:o:mikrotik:routeros,mikrotik,routeros,
os,routeros,RouterOS,RouterOS 6.12,2014-04-14,,True,False,6.12,cpe:2.3:o:mikrotik:routeros,mikrotik,routeros,
os,routeros,RouterOS,RouterOS 6.13,2014-05-15,,True,False,6.13,cpe:2.3:o:mikrotik:routeros,mikrotik,routeros,
os,routeros,RouterOS,RouterOS 6.14,2014-06-06,,True,False,6.14,cpe:2.3:o:mikrotik:routeros,mikrotik,routeros,
os,routeros,RouterOS,RouterOS 6.15,2014-06-12,,True,False,6.15,cpe:2.3:o:mikrotik:routeros,mikrotik,routeros,
os,routeros,RouterOS,RouterOS 6.16,2014-07-17,,True,False,6.16,cpe:2.3:o:mikrotik:routeros,mikrotik,routeros,
os,routeros,RouterOS,RouterOS 6.17,2014-07-18,,True,False,6.17,cpe:2.3:o:mikrotik:routeros,mikrotik,routeros,
os,routeros,RouterOS,RouterOS 6.18,2014-08-01,,True,False,6.18,cpe:2.3:o:mikrotik:routeros,mikrotik,routeros,
os,routeros,RouterOS,RouterOS 6.19,2014-08-26,,True,False,6.19,cpe:2.3:o:mikrotik:routeros,mikrotik,routeros,
os,routeros,RouterOS,RouterOS 6.2,2013-08-02,,True,False,6.2,cpe:2.3:o:mikrotik:routeros,mikrotik,routeros,
os,routeros,RouterOS,RouterOS 6.20,2014-10-01,,True,False,6.21.1,cpe:2.3:o:mikrotik:routeros,mikrotik,routeros,
os,routeros,RouterOS,RouterOS 6.22,2014-11-11,,True,False,6.22,cpe:2.3:o:mikrotik:routeros,mikrotik,routeros,
os,routeros,RouterOS,RouterOS 6.23,2014-12-04,,True,False,6.23,cpe:2.3:o:mikrotik:routeros,mikrotik,routeros,
os,routeros,RouterOS,RouterOS 6.24,2014-12-23,,True,False,6.24,cpe:2.3:o:mikrotik:routeros,mikrotik,routeros,
os,routeros,RouterOS,RouterOS 6.25,2015-01-19,,True,False,6.25,cpe:2.3:o:mikrotik:routeros,mikrotik,routeros,
os,routeros,RouterOS,RouterOS 6.26,2015-02-03,,True,False,6.26,cpe:2.3:o:mikrotik:routeros,mikrotik,routeros,
os,routeros,RouterOS,RouterOS 6.27,2015-02-11,,True,False,6.27,cpe:2.3:o:mikrotik:routeros,mikrotik,routeros,
os,routeros,RouterOS,RouterOS 6.28,2015-04-15,,True,False,6.28,cpe:2.3:o:mikrotik:routeros,mikrotik,routeros,
os,routeros,RouterOS,RouterOS 6.29,2015-05-27,,True,False,6.29.1,cpe:2.3:o:mikrotik:routeros,mikrotik,routeros,
os,routeros,RouterOS,RouterOS 6.3,2013-09-03,,True,False,6.3,cpe:2.3:o:mikrotik:routeros,mikrotik,routeros,
os,routeros,RouterOS,RouterOS 6.30 (LT),2015-07-08,,True,False,6.30.4,cpe:2.3:o:mikrotik:routeros,mikrotik,routeros,
os,routeros,RouterOS,RouterOS 6.32 (LT),2015-09-07,,True,False,6.32.4,cpe:2.3:o:mikrotik:routeros,mikrotik,routeros,
os,routeros,RouterOS,RouterOS 6.33,2015-11-06,,True,False,6.33.6,cpe:2.3:o:mikrotik:routeros,mikrotik,routeros,
os,routeros,RouterOS,RouterOS 6.34 (LT),2016-01-29,,True,False,6.34.6,cpe:2.3:o:mikrotik:routeros,mikrotik,routeros,
os,routeros,RouterOS,RouterOS 6.35,2016-04-14,,True,False,6.35.4,cpe:2.3:o:mikrotik:routeros,mikrotik,routeros,
os,routeros,RouterOS,RouterOS 6.36,2016-07-20,,True,False,6.36.3,cpe:2.3:o:mikrotik:routeros,mikrotik,routeros,
os,routeros,RouterOS,RouterOS 6.37 (LT),2016-09-23,,True,False,6.37.5,cpe:2.3:o:mikrotik:routeros,mikrotik,routeros,
os,routeros,RouterOS,RouterOS 6.38 (LT),2016-12-30,,True,False,6.38.7,cpe:2.3:o:mikrotik:routeros,mikrotik,routeros,
os,routeros,RouterOS,RouterOS 6.39 (LT),2017-04-27,,True,False,6.39.3,cpe:2.3:o:mikrotik:routeros,mikrotik,routeros,
os,routeros,RouterOS,RouterOS 6.4,2013-09-12,,True,False,6.4,cpe:2.3:o:mikrotik:routeros,mikrotik,routeros,
os,routeros,RouterOS,RouterOS 6.40 (LT),2017-07-21,,True,False,6.40.9,cpe:2.3:o:mikrotik:routeros,mikrotik,routeros,
os,routeros,RouterOS,RouterOS 6.41,2017-12-22,,True,False,6.41.4,cpe:2.3:o:mikrotik:routeros,mikrotik,routeros,
os,routeros,RouterOS,RouterOS 6.42 (LT),2018-04-13,,True,False,6.42.12,cpe:2.3:o:mikrotik:routeros,mikrotik,routeros,
os,routeros,RouterOS,RouterOS 6.43 (LT),2018-09-06,,True,False,6.43.16,cpe:2.3:o:mikrotik:routeros,mikrotik,routeros,
os,routeros,RouterOS,RouterOS 6.44 (LT),2019-02-25,,True,False,6.44.6,cpe:2.3:o:mikrotik:routeros,mikrotik,routeros,
os,routeros,RouterOS,RouterOS 6.45 (LT),2019-06-21,,True,False,6.45.9,cpe:2.3:o:mikrotik:routeros,mikrotik,routeros,
os,routeros,RouterOS,RouterOS 6.46 (LT),2019-12-02,,True,False,6.46.8,cpe:2.3:o:mikrotik:routeros,mikrotik,routeros,
os,routeros,RouterOS,RouterOS 6.47,2020-06-02,,True,False,6.47.10,cpe:2.3:o:mikrotik:routeros,mikrotik,routeros,
os,routeros,RouterOS,RouterOS 6.48,2020-12-22,,True,False,6.48.7,cpe:2.3:o:mikrotik:routeros,mikrotik,routeros,
os,routeros,RouterOS,RouterOS 6.49 (LT),2021-10-06,,False,True,6.49.20,cpe:2.3:o:mikrotik:routeros,mikrotik,routeros,
os,routeros,RouterOS,RouterOS 6.5,2013-10-16,,True,False,6.5,cpe:2.3:o:mikrotik:routeros,mikrotik,routeros,
os,routeros,RouterOS,RouterOS 6.6,2013-11-07,,True,False,6.6,cpe:2.3:o:mikrotik:routeros,mikrotik,routeros,
os,routeros,RouterOS,RouterOS 6.7,2013-11-29,,True,False,6.7,cpe:2.3:o:mikrotik:routeros,mikrotik,routeros,
os,routeros,RouterOS,RouterOS 6.9,2014-01-31,,True,False,6.9,cpe:2.3:o:mikrotik:routeros,mikrotik,routeros,
os,routeros,RouterOS,RouterOS 7.1,2021-12-01,2022-03-31,True,False,7.1.5,cpe:2.3:o:mikrotik:routeros,mikrotik,routeros,
os,routeros,RouterOS,RouterOS 7.10,2023-06-15,2023-08-15,True,False,7.10.2,cpe:2.3:o:mikrotik:routeros,mikrotik,routeros,
os,routeros,RouterOS,RouterOS 7.11,2023-08-15,2023-11-09,True,False,7.11.3,cpe:2.3:o:mikrotik:routeros,mikrotik,routeros,
os,routeros,RouterOS,RouterOS 7.12,2023-11-09,2023-12-14,True,False,7.12.2,cpe:2.3:o:mikrotik:routeros,mikrotik,routeros,
os,routeros,RouterOS,RouterOS 7.13,2023-12-14,2024-03-25,True,False,7.13.5,cpe:2.3:o:mikrotik:routeros,mikrotik,routeros,
os,routeros,RouterOS,RouterOS 7.14,2024-03-25,2024-05-30,True,False,7.14.3,cpe:2.3:o:mikrotik:routeros,mikrotik,routeros,
os,routeros,RouterOS,RouterOS 7.15,2024-05-30,2024-09-24,True,False,7.15.3,cpe:2.3:o:mikrotik:routeros,mikrotik,routeros,
os,routeros,RouterOS,RouterOS 7.16,2024-09-24,2025-01-16,True,False,7.16.2,cpe:2.3:o:mikrotik:routeros,mikrotik,routeros,
os,routeros,RouterOS,RouterOS 7.17,2025-01-16,2025-02-24,True,False,7.17.2,cpe:2.3:o:mikrotik:routeros,mikrotik,routeros,
os,routeros,RouterOS,RouterOS 7.18,2025-02-24,2025-05-22,True,False,7.18.2,cpe:2.3:o:mikrotik:routeros,mikrotik,routeros,
os,routeros,RouterOS,RouterOS 7.19,2025-05-22,2025-09-30,True,False,7.19.6,cpe:2.3:o:mikrotik:routeros,mikrotik,routeros,
os,routeros,RouterOS,RouterOS 7.2,2022-03-31,2022-06-06,True,False,7.2.3,cpe:2.3:o:mikrotik:routeros,mikrotik,routeros,
os,routeros,RouterOS,RouterOS 7.20 (LT),2025-09-30,2026-01-12,True,False,7.20.8,cpe:2.3:o:mikrotik:routeros,mikrotik,routeros,
os,routeros,RouterOS,RouterOS 7.21 (LT),2026-01-12,,False,True,7.21.5,cpe:2.3:o:mikrotik:routeros,mikrotik,routeros,
os,routeros,RouterOS,RouterOS 7.22,2026-03-10,2026-05-26,True,False,7.22.3,cpe:2.3:o:mikrotik:routeros,mikrotik,routeros,
os,routeros,RouterOS,RouterOS 7.23,2026-05-26,2026-08-17,True,False,7.23.4,cpe:2.3:o:mikrotik:routeros,mikrotik,routeros,
os,routeros,RouterOS,RouterOS 7.24,2026-08-17,,False,True,7.24.1,cpe:2.3:o:mikrotik:routeros,mikrotik,routeros,
os,routeros,RouterOS,RouterOS 7.3,2022-06-06,2022-07-19,True,False,7.3.1,cpe:2.3:o:mikrotik:routeros,mikrotik,routeros,
os,routeros,RouterOS,RouterOS 7.4,2022-07-19,2022-08-30,True,False,7.4.1,cpe:2.3:o:mikrotik:routeros,mikrotik,routeros,
os,routeros,RouterOS,RouterOS 7.5,2022-08-30,2022-10-17,True,False,7.5,cpe:2.3:o:mikrotik:routeros,mikrotik,routeros,
os,routeros,RouterOS,RouterOS 7.6,2022-10-17,2023-01-12,True,False,7.6,cpe:2.3:o:mikrotik:routeros,mikrotik,routeros,
os,routeros,RouterOS,RouterOS 7.7,2023-01-12,2023-02-24,True,False,7.7,cpe:2.3:o:mikrotik:routeros,mikrotik,routeros,
os,routeros,RouterOS,RouterOS 7.8,2023-02-24,2023-05-02,True,False,7.8,cpe:2.3:o:mikrotik:routeros,mikrotik,routeros,
os,routeros,RouterOS,RouterOS 7.9,2023-05-02,2023-06-15,True,False,7.9.2,cpe:2.3:o:mikrotik:routeros,mikrotik,routeros,
os,sles,SUSE Linux Enterprise Server,10.0,2006-07-17,2007-12-31,True,False,,cpe:2.3:o:suse:sles,suse,sles,suseenterpriseserver;suseserver;suselinuxenterpriseserver
os,sles,SUSE Linux Enterprise Server,10.1,2007-06-18,2008-11-30,True,False,,cpe:2.3:o:suse:sles,suse,sles,suseenterpriseserver;suseserver;suselinuxenterpriseserver
os,sles,SUSE Linux Enterprise Server,10.2,2008-05-19,2010-04-11,True,False,,cpe:2.3:o:suse:sles,suse,sles,suseenterpriseserver;suseserver;suselinuxenterpriseserver
os,sles,SUSE Linux Enterprise Server,10.3,2009-10-12,2011-10-11,True,False,,cpe:2.3:o:suse:sles,suse,sles,suseenterpriseserver;suseserver;suselinuxenterpriseserver
os,sles,SUSE Linux Enterprise Server,10.4,2011-04-12,2013-07-31,True,False,,cpe:2.3:o:suse:sles,suse,sles,suseenterpriseserver;suseserver;suselinuxenterpriseserver
os,sles,SUSE Linux Enterprise Server,11.0,2009-03-24,2010-12-31,True,False,,cpe:2.3:o:suse:sles,suse,sles,suseenterpriseserver;suseserver;suselinuxenterpriseserver
os,sles,SUSE Linux Enterprise Server,11.1,2010-06-02,2012-08-31,True,False,,cpe:2.3:o:suse:sles,suse,sles,suseenterpriseserver;suseserver;suselinuxenterpriseserver
os,sles,SUSE Linux Enterprise Server,11.2,2012-02-29,2014-01-31,True,False,,cpe:2.3:o:suse:sles,suse,sles,suseenterpriseserver;suseserver;suselinuxenterpriseserver
os,sles,SUSE Linux Enterprise Server,11.3,2013-07-01,2016-01-31,True,False,,cpe:2.3:o:suse:sles,suse,sles,suseenterpriseserver;suseserver;suselinuxenterpriseserver
os,sles,SUSE Linux Enterprise Server,11.4,2015-07-15,2019-03-31,True,False,,cpe:2.3:o:suse:sles,suse,sles,suseenterpriseserver;suseserver;suselinuxenterpriseserver
os,sles,SUSE Linux Enterprise Server,12.0,2014-10-27,2016-06-30,True,False,,cpe:2.3:o:suse:sles,suse,sles,suseenterpriseserver;suseserver;suselinuxenterpriseserver
os,sles,SUSE Linux Enterprise Server,12.1,2015-12-15,2017-05-31,True,False,,cpe:2.3:o:suse:sles,suse,sles,suseenterpriseserver;suseserver;suselinuxenterpriseserver
os,sles,SUSE Linux Enterprise Server,12.2,2016-11-08,2018-03-31,True,False,,cpe:2.3:o:suse:sles,suse,sles,suseenterpriseserver;suseserver;suselinuxenterpriseserver
os,sles,SUSE Linux Enterprise Server,12.3,2017-09-07,2019-06-30,True,False,,cpe:2.3:o:suse:sles,suse,sles,suseenterpriseserver;suseserver;suselinuxenterpriseserver
os,sles,SUSE Linux Enterprise Server,12.4,2018-12-12,2020-06-30,True,False,,cpe:2.3:o:suse:sles,suse,sles,suseenterpriseserver;suseserver;suselinuxenterpriseserver
os,sles,SUSE Linux Enterprise Server,12.5,2019-12-09,2024-10-31,True,True,,cpe:2.3:o:suse:sles,suse,sles,suseenterpriseserver;suseserver;suselinuxenterpriseserver
os,sles,SUSE Linux Enterprise Server,15.0,2018-07-16,2019-12-31,True,False,,cpe:2.3:o:suse:sles,suse,sles,suseenterpriseserver;suseserver;suselinuxenterpriseserver
os,sles,SUSE Linux Enterprise Server,15.1,2019-06-24,2021-01-31,True,False,,cpe:2.3:o:suse:sles,suse,sles,suseenterpriseserver;suseserver;suselinuxenterpriseserver
os,sles,SUSE Linux Enterprise Server,15.2,2020-07-21,2021-12-31,True,False,,cpe:2.3:o:suse:sles,suse,sles,suseenterpriseserver;suseserver;suselinuxenterpriseserver
os,sles,SUSE Linux Enterprise Server,15.3,2021-06-22,2022-12-31,True,False,,cpe:2.3:o:suse:sles,suse,sles,suseenterpriseserver;suseserver;suselinuxenterpriseserver
os,sles,SUSE Linux Enterprise Server,15.4,2022-06-21,2023-12-31,True,True,,cpe:2.3:o:suse:sles,suse,sles,suseenterpriseserver;suseserver;suselinuxenterpriseserver
os,sles,SUSE Linux Enterprise Server,15.5,2023-06-20,2024-12-31,True,True,,cpe:2.3:o:suse:sles,suse,sles,suseenterpriseserver;suseserver;suselinuxenterpriseserver
os,sles,SUSE Linux Enterprise Server,15.6,2024-06-26,2025-12-31,True,True,,cpe:2.3:o:suse:sles,suse,sles,suseenterpriseserver;suseserver;suselinuxenterpriseserver
os,sles,SUSE Linux Enterprise Server,15.7,2025-06-17,2031-07-31,False,True,,cpe:2.3:o:suse:sles,suse,sles,suseenterpriseserver;suseserver;suselinuxenterpriseserver
os,sles,SUSE Linux Enterprise Server,16.0,2025-11-04,2027-11-30,False,True,,cpe:2.3:o:suse:sles,suse,sles,suseenterpriseserver;suseserver;suselinuxenterpriseserver
os,suse-linux-micro,SUSE Linux Micro,5.0,2021-03-30,2022-03-31,True,False,,cpe:2.3:o:suse:linux_enterprise_micro,suse,linux_enterprise_micro,sl-micro
os,suse-linux-micro,SUSE Linux Micro,5.1,2021-10-26,2025-10-31,True,False,,cpe:2.3:o:suse:linux_enterprise_micro,suse,linux_enterprise_micro,sl-micro
os,suse-linux-micro,SUSE Linux Micro,5.2,2022-04-14,2026-04-30,True,False,,cpe:2.3:o:suse:linux_enterprise_micro,suse,linux_enterprise_micro,sl-micro
os,suse-linux-micro,SUSE Linux Micro,5.3,2022-10-25,2026-10-30,False,True,,cpe:2.3:o:suse:linux_enterprise_micro,suse,linux_enterprise_micro,sl-micro
os,suse-linux-micro,SUSE Linux Micro,5.4,2023-04-20,2027-04-30,False,True,,cpe:2.3:o:suse:linux_enterprise_micro,suse,linux_enterprise_micro,sl-micro
os,suse-linux-micro,SUSE Linux Micro,5.5,2023-10-12,2027-10-31,False,True,,cpe:2.3:o:suse:linux_enterprise_micro,suse,linux_enterprise_micro,sl-micro
os,suse-linux-micro,SUSE Linux Micro,6.0,2024-06-06,2028-06-30,False,True,,cpe:2.3:o:suse:linux_enterprise_micro,suse,linux_enterprise_micro,sl-micro
os,suse-linux-micro,SUSE Linux Micro,6.1,2024-11-26,2028-11-30,False,True,,cpe:2.3:o:suse:linux_enterprise_micro,suse,linux_enterprise_micro,sl-micro
os,suse-linux-micro,SUSE Linux Micro,6.2,2025-11-04,2029-11-30,False,True,,cpe:2.3:o:suse:linux_enterprise_micro,suse,linux_enterprise_micro,sl-micro
os,slackware,Slackware Linux,10.0,2004-06-23,2012-08-01,True,False,,cpe:2.3:o:slackware:slackware_linux,slackware,slackware_linux,slackwarelinux;slackware-linux
os,slackware,Slackware Linux,10.1,2005-02-07,2012-08-01,True,False,,cpe:2.3:o:slackware:slackware_linux,slackware,slackware_linux,slackwarelinux;slackware-linux
os,slackware,Slackware Linux,10.2,2005-09-15,2012-08-01,True,False,,cpe:2.3:o:slackware:slackware_linux,slackware,slackware_linux,slackwarelinux;slackware-linux
os,slackware,Slackware Linux,11.0,2006-10-03,2012-08-01,True,False,,cpe:2.3:o:slackware:slackware_linux,slackware,slackware_linux,slackwarelinux;slackware-linux
os,slackware,Slackware Linux,12.0,2007-07-02,2012-08-01,True,False,,cpe:2.3:o:slackware:slackware_linux,slackware,slackware_linux,slackwarelinux;slackware-linux
os,slackware,Slackware Linux,12.1,2008-05-02,2013-12-09,True,False,,cpe:2.3:o:slackware:slackware_linux,slackware,slackware_linux,slackwarelinux;slackware-linux
os,slackware,Slackware Linux,12.2,2008-12-11,2013-12-09,True,False,,cpe:2.3:o:slackware:slackware_linux,slackware,slackware_linux,slackwarelinux;slackware-linux
os,slackware,Slackware Linux,13.0,2009-08-28,2018-07-05,True,False,,cpe:2.3:o:slackware:slackware_linux,slackware,slackware_linux,slackwarelinux;slackware-linux
os,slackware,Slackware Linux,13.1,2010-05-24,2018-07-05,True,False,,cpe:2.3:o:slackware:slackware_linux,slackware,slackware_linux,slackwarelinux;slackware-linux
os,slackware,Slackware Linux,13.37,2011-04-28,2018-07-05,True,False,,cpe:2.3:o:slackware:slackware_linux,slackware,slackware_linux,slackwarelinux;slackware-linux
os,slackware,Slackware Linux,14.0,2012-09-28,2024-01-01,True,False,,cpe:2.3:o:slackware:slackware_linux,slackware,slackware_linux,slackwarelinux;slackware-linux
os,slackware,Slackware Linux,14.1,2013-11-07,2024-01-01,True,False,,cpe:2.3:o:slackware:slackware_linux,slackware,slackware_linux,slackwarelinux;slackware-linux
os,slackware,Slackware Linux,14.2,2016-07-01,2024-01-01,True,False,,cpe:2.3:o:slackware:slackware_linux,slackware,slackware_linux,slackwarelinux;slackware-linux
os,slackware,Slackware Linux,15.0 (Stable),2022-02-03,,False,True,,cpe:2.3:o:slackware:slackware_linux,slackware,slackware_linux,slackwarelinux;slackware-linux
os,slackware,Slackware Linux,8.0,2001-07-01,2003-03-29,True,False,,cpe:2.3:o:slackware:slackware_linux,slackware,slackware_linux,slackwarelinux;slackware-linux
os,slackware,Slackware Linux,8.1,2002-06-19,2012-08-01,True,False,,cpe:2.3:o:slackware:slackware_linux,slackware,slackware_linux,slackwarelinux;slackware-linux
os,slackware,Slackware Linux,9.0,2003-03-18,2012-08-01,True,False,,cpe:2.3:o:slackware:slackware_linux,slackware,slackware_linux,slackwarelinux;slackware-linux
os,slackware,Slackware Linux,9.1,2003-09-26,2012-08-01,True,False,,cpe:2.3:o:slackware:slackware_linux,slackware,slackware_linux,slackwarelinux;slackware-linux
os,steamos,SteamOS,1,2013-12-01,2015-11-02,True,False,,cpe:2.3:o:valvesoftware:steamos,valvesoftware,steamos,
os,steamos,SteamOS,2,2015-11-01,2019-06-30,True,False,,cpe:2.3:o:valvesoftware:steamos,valvesoftware,steamos,
os,steamos,SteamOS,3,2022-03-01,,False,True,,cpe:2.3:o:valvesoftware:steamos,valvesoftware,steamos,
os,sns-firmware,Stormshield Firmware,1,2014-06-03,2015-04-24,True,False,,,,,
os,sns-firmware,Stormshield Firmware,2,2015-03-31,2021-09-13,True,False,,,,,
os,sns-firmware,Stormshield Firmware,3,2016-11-21,2020-09-24,True,False,,,,,
os,sns-firmware,Stormshield Firmware,3.11 (LTSB),2020-09-24,2024-06-30,True,False,,,,,
os,sns-firmware,Stormshield Firmware,3.7 (LTSB),2018-09-29,2024-06-30,True,False,,,,,
os,sns-firmware,Stormshield Firmware,4.0,2020-01-07,2020-09-24,True,False,,,,,
os,sns-firmware,Stormshield Firmware,4.1,2020-09-24,2021-04-06,True,False,,,,,
os,sns-firmware,Stormshield Firmware,4.2,2021-04-06,2022-07-21,True,False,,,,,
os,sns-firmware,Stormshield Firmware,4.3 (LTSB),2022-01-12,2026-03-31,True,False,,,,,
os,sns-firmware,Stormshield Firmware,4.4,2022-05-12,2022-06-30,True,False,,,,,
os,sns-firmware,Stormshield Firmware,4.5,2022-07-05,2022-11-24,True,False,,,,,
os,sns-firmware,Stormshield Firmware,4.6,2022-11-24,2024-05-22,True,False,,,,,
os,sns-firmware,Stormshield Firmware,4.7,2023-10-31,2025-02-12,True,False,,,,,
os,sns-firmware,Stormshield Firmware,4.8 (LTSB),2024-07-02,,False,True,,,,,
os,sns-firmware,Stormshield Firmware,5.0,2025-09-24,,False,True,,,,,
os,sns-smc,Stormshield Management Center,1,2015-12-16,2017-03-31,True,False,,,,,
os,sns-smc,Stormshield Management Center,2,2017-03-31,2021-06-17,True,False,,,,,
os,sns-smc,Stormshield Management Center,3.0,2021-06-17,2021-12-03,True,False,,,,,
os,sns-smc,Stormshield Management Center,3.1,2021-12-03,2022-05-24,True,False,,,,,
os,sns-smc,Stormshield Management Center,3.2,2022-05-24,2022-08-30,True,False,,,,,
os,sns-smc,Stormshield Management Center,3.3,2022-08-30,2023-04-11,True,False,,,,,
os,sns-smc,Stormshield Management Center,3.4,2023-04-11,2023-11-08,True,False,,,,,
os,sns-smc,Stormshield Management Center,3.5,2023-11-08,2024-10-30,True,False,,,,,
os,sns-smc,Stormshield Management Center,3.6,2024-07-30,2025-06-18,True,False,,,,,
os,sns-smc,Stormshield Management Center,3.7,2024-12-17,2025-12-10,True,False,,,,,
os,sns-smc,Stormshield Management Center,3.8,2025-06-10,2026-11-23,False,True,,,,,
os,sns-smc,Stormshield Management Center,3.9,2026-04-22,,False,True,,,,,
os,tails,Tails,1,2014-04-29,2016-01-25,True,False,1.8.2,cpe:2.3:o:tails_project:tails,tails_project,tails,
os,tails,Tails,2,2016-01-27,2017-07-10,True,False,2.12,cpe:2.3:o:tails_project:tails,tails_project,tails,
os,tails,Tails,3,2017-06-13,2019-10-21,True,False,3.16,cpe:2.3:o:tails_project:tails,tails_project,tails,
os,tails,Tails,4,2019-10-22,2022-05-02,True,False,4.29,cpe:2.3:o:tails_project:tails,tails_project,tails,
os,tails,Tails,5,2022-05-03,2024-02-27,True,False,5.22,cpe:2.3:o:tails_project:tails,tails_project,tails,
os,tails,Tails,6,2024-02-27,2025-09-18,True,False,6.19,cpe:2.3:o:tails_project:tails,tails_project,tails,
os,tails,Tails,7,2025-09-18,,False,True,7.11,cpe:2.3:o:tails_project:tails,tails_project,tails,
os,truenas,TrueNAS,23.10 (Cobia),2023-10-24,,True,False,23.10.2,,,,
os,truenas,TrueNAS,24.04 (Dragonfish),2024-04-23,,True,False,24.04.2.5,,,,
os,truenas,TrueNAS,24.10 (Electric Eel),2024-10-29,2025-08-07,True,False,24.10.2.4,,,,
os,truenas,TrueNAS,25.04 (Fangtooth),2025-04-15,,False,True,25.04.2.6,,,,
os,truenas,TrueNAS,25.10 (Goldeye),2025-10-28,,False,True,25.10.6,,,,
os,ubuntu,Ubuntu,10.04 'Lucid Lynx' (LTS),2010-04-29,2013-05-09,True,False,10.04.4,cpe:2.3:o:canonical:ubuntu_linux,canonical,ubuntu_linux,ubuntu-linux
os,ubuntu,Ubuntu,10.10 'Maverick Meerkat',2010-10-10,2012-04-10,True,False,10.10,cpe:2.3:o:canonical:ubuntu_linux,canonical,ubuntu_linux,ubuntu-linux
os,ubuntu,Ubuntu,11.04 'Natty Narwhal',2011-04-28,2012-10-28,True,False,11.04,cpe:2.3:o:canonical:ubuntu_linux,canonical,ubuntu_linux,ubuntu-linux
os,ubuntu,Ubuntu,11.10 'Oneiric Ocelot',2011-10-13,2013-05-09,True,False,11.10,cpe:2.3:o:canonical:ubuntu_linux,canonical,ubuntu_linux,ubuntu-linux
os,ubuntu,Ubuntu,12.04 'Precise Pangolin' (LTS),2012-04-26,2017-04-28,True,False,12.04.5,cpe:2.3:o:canonical:ubuntu_linux,canonical,ubuntu_linux,ubuntu-linux
os,ubuntu,Ubuntu,12.10 'Quantal Quetzal',2012-10-18,2014-05-16,True,False,12.10,cpe:2.3:o:canonical:ubuntu_linux,canonical,ubuntu_linux,ubuntu-linux
os,ubuntu,Ubuntu,13.04 'Raring Ringtail',2013-04-25,2014-01-27,True,False,13.04,cpe:2.3:o:canonical:ubuntu_linux,canonical,ubuntu_linux,ubuntu-linux
os,ubuntu,Ubuntu,13.10 'Saucy Salamander',2013-10-17,2014-07-17,True,False,13.10,cpe:2.3:o:canonical:ubuntu_linux,canonical,ubuntu_linux,ubuntu-linux
os,ubuntu,Ubuntu,14.04 'Trusty Tahr' (LTS),2014-04-17,2019-04-02,True,False,14.04.6,cpe:2.3:o:canonical:ubuntu_linux,canonical,ubuntu_linux,ubuntu-linux
os,ubuntu,Ubuntu,14.10 'Utopic Unicorn',2014-10-23,2015-07-23,True,False,14.10,cpe:2.3:o:canonical:ubuntu_linux,canonical,ubuntu_linux,ubuntu-linux
os,ubuntu,Ubuntu,15.04 'Vivid Vervet',2015-04-23,2016-02-04,True,False,15.04,cpe:2.3:o:canonical:ubuntu_linux,canonical,ubuntu_linux,ubuntu-linux
os,ubuntu,Ubuntu,15.10 'Wily Werewolf',2015-10-22,2016-07-28,True,False,15.10,cpe:2.3:o:canonical:ubuntu_linux,canonical,ubuntu_linux,ubuntu-linux
os,ubuntu,Ubuntu,16.04 'Xenial Xerus' (LTS),2016-04-21,2021-04-02,True,False,16.04.7,cpe:2.3:o:canonical:ubuntu_linux,canonical,ubuntu_linux,ubuntu-linux
os,ubuntu,Ubuntu,16.10 'Yakkety Yak',2016-10-13,2017-07-20,True,False,16.10,cpe:2.3:o:canonical:ubuntu_linux,canonical,ubuntu_linux,ubuntu-linux
os,ubuntu,Ubuntu,17.04 'Zesty Zapus',2017-04-13,2018-01-13,True,False,17.04,cpe:2.3:o:canonical:ubuntu_linux,canonical,ubuntu_linux,ubuntu-linux
os,ubuntu,Ubuntu,17.10 'Artful Aardvark',2017-10-19,2018-07-19,True,False,17.10,cpe:2.3:o:canonical:ubuntu_linux,canonical,ubuntu_linux,ubuntu-linux
os,ubuntu,Ubuntu,18.04 'Bionic Beaver' (LTS),2018-04-26,2023-05-31,True,True,18.04.6,cpe:2.3:o:canonical:ubuntu_linux,canonical,ubuntu_linux,ubuntu-linux
os,ubuntu,Ubuntu,18.10 'Cosmic Cuttlefish',2018-10-18,2019-07-18,True,False,18.10,cpe:2.3:o:canonical:ubuntu_linux,canonical,ubuntu_linux,ubuntu-linux
os,ubuntu,Ubuntu,19.04 'Disco Dingo',2019-04-18,2020-01-23,True,False,19.04,cpe:2.3:o:canonical:ubuntu_linux,canonical,ubuntu_linux,ubuntu-linux
os,ubuntu,Ubuntu,19.10 'Eoan Ermine',2019-10-17,2020-07-06,True,False,19.10,cpe:2.3:o:canonical:ubuntu_linux,canonical,ubuntu_linux,ubuntu-linux
os,ubuntu,Ubuntu,20.04 'Focal Fossa' (LTS),2020-04-23,2025-05-31,True,True,20.04.6,cpe:2.3:o:canonical:ubuntu_linux,canonical,ubuntu_linux,ubuntu-linux
os,ubuntu,Ubuntu,20.10 'Groovy Gorilla',2020-10-22,2021-07-22,True,False,20.10,cpe:2.3:o:canonical:ubuntu_linux,canonical,ubuntu_linux,ubuntu-linux
os,ubuntu,Ubuntu,21.04 'Hirsute Hippo',2021-04-22,2022-01-20,True,False,21.04,cpe:2.3:o:canonical:ubuntu_linux,canonical,ubuntu_linux,ubuntu-linux
os,ubuntu,Ubuntu,21.10 'Impish Indri',2021-10-14,2022-07-14,True,False,21.10,cpe:2.3:o:canonical:ubuntu_linux,canonical,ubuntu_linux,ubuntu-linux
os,ubuntu,Ubuntu,22.04 'Jammy Jellyfish' (LTS),2022-04-21,2027-06-01,False,True,22.04.5,cpe:2.3:o:canonical:ubuntu_linux,canonical,ubuntu_linux,ubuntu-linux
os,ubuntu,Ubuntu,22.10 'Kinetic Kudu',2022-10-20,2023-07-20,True,False,22.10,cpe:2.3:o:canonical:ubuntu_linux,canonical,ubuntu_linux,ubuntu-linux
os,ubuntu,Ubuntu,23.04 'Lunar Lobster',2023-04-20,2024-01-20,True,False,23.04,cpe:2.3:o:canonical:ubuntu_linux,canonical,ubuntu_linux,ubuntu-linux
os,ubuntu,Ubuntu,23.10 'Mantic Minotaur',2023-10-12,2024-07-12,True,False,23.10,cpe:2.3:o:canonical:ubuntu_linux,canonical,ubuntu_linux,ubuntu-linux
os,ubuntu,Ubuntu,24.04 'Noble Numbat' (LTS),2024-04-25,2029-05-31,False,True,24.04.4,cpe:2.3:o:canonical:ubuntu_linux,canonical,ubuntu_linux,ubuntu-linux
os,ubuntu,Ubuntu,24.10 'Oracular Oriole',2024-10-10,2025-07-10,True,False,24.10,cpe:2.3:o:canonical:ubuntu_linux,canonical,ubuntu_linux,ubuntu-linux
os,ubuntu,Ubuntu,25.04 'Plucky Puffin',2025-04-17,2026-01-17,True,False,25.04,cpe:2.3:o:canonical:ubuntu_linux,canonical,ubuntu_linux,ubuntu-linux
os,ubuntu,Ubuntu,25.10 'Questing Quokka',2025-10-09,2026-07-01,True,False,25.10,cpe:2.3:o:canonical:ubuntu_linux,canonical,ubuntu_linux,ubuntu-linux
os,ubuntu,Ubuntu,26.04 'Resolute Raccoon' (LTS),2026-04-23,2031-05-29,False,True,26.04.1,cpe:2.3:o:canonical:ubuntu_linux,canonical,ubuntu_linux,ubuntu-linux
os,ubuntu,Ubuntu,4.10 'Warty Warthog',2004-10-26,2006-04-30,True,False,4.10,cpe:2.3:o:canonical:ubuntu_linux,canonical,ubuntu_linux,ubuntu-linux
os,ubuntu,Ubuntu,5.04 'Hoary Hedgehog',2005-04-08,2006-10-31,True,False,5.04,cpe:2.3:o:canonical:ubuntu_linux,canonical,ubuntu_linux,ubuntu-linux
os,ubuntu,Ubuntu,5.10 'Breezy Badger',2005-10-12,2007-04-13,True,False,5.10,cpe:2.3:o:canonical:ubuntu_linux,canonical,ubuntu_linux,ubuntu-linux
os,ubuntu,Ubuntu,6.06 'Dapper Drake' (LTS),2006-06-01,2011-06-01,True,False,6.06.2,cpe:2.3:o:canonical:ubuntu_linux,canonical,ubuntu_linux,ubuntu-linux
os,ubuntu,Ubuntu,6.10 'Edgy Eft',2006-10-26,2008-04-26,True,False,6.10,cpe:2.3:o:canonical:ubuntu_linux,canonical,ubuntu_linux,ubuntu-linux
os,ubuntu,Ubuntu,7.04 'Feisty Fawn',2007-04-19,2008-10-19,True,False,7.04,cpe:2.3:o:canonical:ubuntu_linux,canonical,ubuntu_linux,ubuntu-linux
os,ubuntu,Ubuntu,7.10 'Gutsy Gibbon',2007-10-18,2009-04-18,True,False,7.10,cpe:2.3:o:canonical:ubuntu_linux,canonical,ubuntu_linux,ubuntu-linux
os,ubuntu,Ubuntu,8.04 'Hardy Heron' (LTS),2008-04-24,2013-05-09,True,False,8.04.4,cpe:2.3:o:canonical:ubuntu_linux,canonical,ubuntu_linux,ubuntu-linux
os,ubuntu,Ubuntu,8.10 'Intrepid Ibex',2008-10-30,2010-04-30,True,False,8.10,cpe:2.3:o:canonical:ubuntu_linux,canonical,ubuntu_linux,ubuntu-linux
os,ubuntu,Ubuntu,9.04 'Jaunty Jackalope',2009-04-23,2010-10-23,True,False,9.04,cpe:2.3:o:canonical:ubuntu_linux,canonical,ubuntu_linux,ubuntu-linux
os,ubuntu,Ubuntu,9.10 'Karmic Koala',2009-10-29,2011-04-30,True,False,9.10,cpe:2.3:o:canonical:ubuntu_linux,canonical,ubuntu_linux,ubuntu-linux
os,esxi,VMware ESXi,5.0,2011-07-12,2016-08-24,True,False,5.0 Update 3g,cpe:2.3:o:vmware:esxi,vmware,esxi,esx;vmwareesxi;vmesxi;vmware-esxi
os,esxi,VMware ESXi,5.1,2012-08-27,2016-08-24,True,False,5.1 Update 3d,cpe:2.3:o:vmware:esxi,vmware,esxi,esx;vmwareesxi;vmesxi;vmware-esxi
os,esxi,VMware ESXi,5.5,2013-09-19,2018-09-19,True,False,5.5 Update 3k,cpe:2.3:o:vmware:esxi,vmware,esxi,esx;vmwareesxi;vmesxi;vmware-esxi
os,esxi,VMware ESXi,6.0,2015-03-12,2020-03-12,True,False,6.0 EP 25,cpe:2.3:o:vmware:esxi,vmware,esxi,esx;vmwareesxi;vmesxi;vmware-esxi
os,esxi,VMware ESXi,6.5,2016-11-15,2022-10-15,True,False,6.5 ESXi650-202403001,cpe:2.3:o:vmware:esxi,vmware,esxi,esx;vmwareesxi;vmesxi;vmware-esxi
os,esxi,VMware ESXi,6.7,2018-04-17,2022-10-15,True,False,6.7 Update 3w,cpe:2.3:o:vmware:esxi,vmware,esxi,esx;vmwareesxi;vmesxi;vmware-esxi
os,esxi,VMware ESXi,7.0,2020-04-02,2025-10-02,True,False,7.0 Update 3w,cpe:2.3:o:vmware:esxi,vmware,esxi,esx;vmwareesxi;vmesxi;vmware-esxi
os,esxi,VMware ESXi,8.0,2022-10-11,2027-10-11,False,True,8.0 Update 3k,cpe:2.3:o:vmware:esxi,vmware,esxi,esx;vmwareesxi;vmesxi;vmware-esxi
os,esxi,VMware ESXi,9.0,2025-06-17,2027-09-17,False,True,9.0.2.0100,cpe:2.3:o:vmware:esxi,vmware,esxi,esx;vmwareesxi;vmesxi;vmware-esxi
os,esxi,VMware ESXi,9.1,2026-05-12,2028-08-12,False,True,9.1.0.0200,cpe:2.3:o:vmware:esxi,vmware,esxi,esx;vmwareesxi;vmesxi;vmware-esxi
os,photon,VMware Photon,1.0,2016-06-11,2022-02-28,True,False,,cpe:2.3:o:vmware:photon_os,vmware,photon_os,vmware-photon;vmwarephoton
os,photon,VMware Photon,2.0,2017-11-01,2022-12-01,True,False,,cpe:2.3:o:vmware:photon_os,vmware,photon_os,vmware-photon;vmwarephoton
os,photon,VMware Photon,3.0,2019-02-08,2025-10-02,True,False,,cpe:2.3:o:vmware:photon_os,vmware,photon_os,vmware-photon;vmwarephoton
os,photon,VMware Photon,4.0,2021-02-25,2027-10-11,False,True,,cpe:2.3:o:vmware:photon_os,vmware,photon_os,vmware-photon;vmwarephoton
os,photon,VMware Photon,5.0,2023-05-02,,False,True,,cpe:2.3:o:vmware:photon_os,vmware,photon_os,vmware-photon;vmwarephoton
os,xcp-ng,XCP-ng,7.4,2018-03-31,2018-10-31,True,False,7.4.0,,,,xcpng
os,xcp-ng,XCP-ng,7.5,2018-08-10,2019-07-25,True,False,7.5.0,,,,xcpng
os,xcp-ng,XCP-ng,7.6,2018-10-31,2020-03-30,True,False,7.6.0,,,,xcpng
os,xcp-ng,XCP-ng,8.0,2019-07-25,2020-11-13,True,False,8.0.0,,,,xcpng
os,xcp-ng,XCP-ng,8.1,2020-03-31,2021-03-31,True,False,8.1.0,,,,xcpng
os,xcp-ng,XCP-ng,8.2 (LTS),2020-11-13,2025-06-25,True,False,8.2.1,,,,xcpng
os,xcp-ng,XCP-ng,8.3,2024-10-07,2028-11-30,False,True,8.3.0,,,,xcpng
os,yocto,Yocto Project,2.7 'Warrior',2019-05-01,2020-06-01,True,False,2.7.4,cpe:2.3:a:linuxfoundation:yocto,linuxfoundation,yocto,yocto-project
os,yocto,Yocto Project,3.0 'Zeus',2019-10-22,2020-08-01,True,False,3.0.4,cpe:2.3:a:linuxfoundation:yocto,linuxfoundation,yocto,yocto-project
os,yocto,Yocto Project,3.1 'Dunfell' (LTS),2020-04-21,2024-04-30,True,False,3.1.33,cpe:2.3:a:linuxfoundation:yocto,linuxfoundation,yocto,yocto-project
os,yocto,Yocto Project,3.2 'Gatesgarth',2020-11-03,2021-05-01,True,False,3.2.4,cpe:2.3:a:linuxfoundation:yocto,linuxfoundation,yocto,yocto-project
os,yocto,Yocto Project,3.3 'Hardknott',2021-04-19,2022-04-20,True,False,3.3.6,cpe:2.3:a:linuxfoundation:yocto,linuxfoundation,yocto,yocto-project
os,yocto,Yocto Project,3.4 'Honister',2021-10-25,2022-05-01,True,False,3.4.4,cpe:2.3:a:linuxfoundation:yocto,linuxfoundation,yocto,yocto-project
os,yocto,Yocto Project,4.0 'Kirkstone' (LTS),2022-04-25,2026-04-27,True,False,4.0.35,cpe:2.3:a:linuxfoundation:yocto,linuxfoundation,yocto,yocto-project
os,yocto,Yocto Project,4.1 'Langdale',2022-10-23,2023-05-27,True,False,4.1.4,cpe:2.3:a:linuxfoundation:yocto,linuxfoundation,yocto,yocto-project
os,yocto,Yocto Project,4.2 'Mickledore',2023-05-03,2023-11-05,True,False,4.2.4,cpe:2.3:a:linuxfoundation:yocto,linuxfoundation,yocto,yocto-project
os,yocto,Yocto Project,4.3 'Nanbield',2023-11-09,2024-06-09,True,False,4.3.4,cpe:2.3:a:linuxfoundation:yocto,linuxfoundation,yocto,yocto-project
os,yocto,Yocto Project,5.0 'Scarthgap' (LTS),2024-04-29,2028-04-30,False,True,5.0.19,cpe:2.3:a:linuxfoundation:yocto,linuxfoundation,yocto,yocto-project
os,yocto,Yocto Project,5.1 'Styhead',2024-10-16,2025-05-16,True,False,5.1.4,cpe:2.3:a:linuxfoundation:yocto,linuxfoundation,yocto,yocto-project
os,yocto,Yocto Project,5.2 'Walnascar',2025-05-07,2025-12-07,True,False,5.2.4,cpe:2.3:a:linuxfoundation:yocto,linuxfoundation,yocto,yocto-project
os,yocto,Yocto Project,5.3 'Whinlatter',2025-12-15,2026-06-15,True,False,5.3,cpe:2.3:a:linuxfoundation:yocto,linuxfoundation,yocto,yocto-project
os,yocto,Yocto Project,6.0 'Wrynose' (LTS),2026-05-13,2030-04-30,False,True,6.0.1,cpe:2.3:a:linuxfoundation:yocto,linuxfoundation,yocto,yocto-project
os,zentyal,Zentyal,2.2,2011-09-30,2012-09-01,True,False,,,,,
os,zentyal,Zentyal,3.0,2012-09-30,2013-09-01,True,False,,,,,
os,zentyal,Zentyal,3.2,2013-09-30,2014-10-01,True,False,,,,,
os,zentyal,Zentyal,4,2014-10-31,2016-01-01,True,False,,,,,
os,zentyal,Zentyal,5,2016-11-30,2018-11-01,True,False,,,,,
os,zentyal,Zentyal,6,2018-11-30,2021-01-01,True,False,,,,,
os,zentyal,Zentyal,7,2021-01-31,2024-02-01,True,False,,,,,
os,zentyal,Zentyal,8,2024-02-29,,False,True,,,,,
os,antix,antiX Linux,15 (Berta Cáceres),2015-06-30,2020-06-30,True,False,15,cpe:2.3:o:antixlinux:antix_linux,antixlinux,antix_linux,antixlinux;antix-linux
os,antix,antiX Linux,16 (Berta Cáceres),2016-06-27,2020-06-30,True,False,16.3,cpe:2.3:o:antixlinux:antix_linux,antixlinux,antix_linux,antixlinux;antix-linux
os,antix,antiX Linux,17 (Helen Keller),2017-10-24,2022-06-30,True,False,17.4.1,cpe:2.3:o:antixlinux:antix_linux,antixlinux,antix_linux,antixlinux;antix-linux
os,antix,antiX Linux,19 (Grup Yorum),2019-10-17,2024-06-30,True,False,19.5,cpe:2.3:o:antixlinux:antix_linux,antixlinux,antix_linux,antixlinux;antix-linux
os,antix,antiX Linux,21 (Grup Yorum),2021-10-31,2026-06-30,True,False,22,cpe:2.3:o:antixlinux:antix_linux,antixlinux,antix_linux,antixlinux;antix-linux
os,antix,antiX Linux,23 (Arditi del Popolo),2023-08-28,2028-06-10,False,True,23,cpe:2.3:o:antixlinux:antix_linux,antixlinux,antix_linux,antixlinux;antix-linux
os,opensuse,openSUSE,11.0,2008-06-19,2010-07-26,True,False,,cpe:2.3:o:opensuse:opensuse,opensuse,opensuse,opensuseleap
os,opensuse,openSUSE,11.1,2008-12-18,2011-01-14,True,False,,cpe:2.3:o:opensuse:opensuse,opensuse,opensuse,opensuseleap
os,opensuse,openSUSE,11.2,2009-11-12,2011-05-12,True,False,,cpe:2.3:o:opensuse:opensuse,opensuse,opensuse,opensuseleap
os,opensuse,openSUSE,11.3,2010-07-15,2012-01-20,True,False,,cpe:2.3:o:opensuse:opensuse,opensuse,opensuse,opensuseleap
os,opensuse,openSUSE,11.4,2011-03-10,2012-11-05,True,False,,cpe:2.3:o:opensuse:opensuse,opensuse,opensuse,opensuseleap
os,opensuse,openSUSE,12.1,2011-11-16,2013-05-15,True,False,,cpe:2.3:o:opensuse:opensuse,opensuse,opensuse,opensuseleap
os,opensuse,openSUSE,12.2,2012-09-05,2014-01-15,True,False,,cpe:2.3:o:opensuse:opensuse,opensuse,opensuse,opensuseleap
os,opensuse,openSUSE,12.3,2013-03-13,2015-01-29,True,False,,cpe:2.3:o:opensuse:opensuse,opensuse,opensuse,opensuseleap
os,opensuse,openSUSE,13.1,2014-01-08,2016-02-03,True,False,,cpe:2.3:o:opensuse:opensuse,opensuse,opensuse,opensuseleap
os,opensuse,openSUSE,13.2,2014-11-04,2017-01-17,True,False,,cpe:2.3:o:opensuse:opensuse,opensuse,opensuse,opensuseleap
os,opensuse,openSUSE,Leap 15.0,2018-05-25,2019-12-03,True,False,,cpe:2.3:o:opensuse:opensuse,opensuse,opensuse,opensuseleap
os,opensuse,openSUSE,Leap 15.1,2019-05-22,2021-02-02,True,False,,cpe:2.3:o:opensuse:opensuse,opensuse,opensuse,opensuseleap
os,opensuse,openSUSE,Leap 15.2,2020-07-02,2022-01-04,True,False,,cpe:2.3:o:opensuse:opensuse,opensuse,opensuse,opensuseleap
os,opensuse,openSUSE,Leap 15.3,2021-06-02,2022-12-31,True,False,,cpe:2.3:o:opensuse:opensuse,opensuse,opensuse,opensuseleap
os,opensuse,openSUSE,Leap 15.4,2022-06-09,2023-12-07,True,False,,cpe:2.3:o:opensuse:opensuse,opensuse,opensuse,opensuseleap
os,opensuse,openSUSE,Leap 15.5,2023-06-07,2024-12-31,True,False,,cpe:2.3:o:opensuse:opensuse,opensuse,opensuse,opensuseleap
os,opensuse,openSUSE,Leap 15.6,2024-06-12,2026-04-30,True,False,,cpe:2.3:o:opensuse:opensuse,opensuse,opensuse,opensuseleap
os,opensuse,openSUSE,Leap 16.0,2025-10-01,2027-10-31,False,True,,cpe:2.3:o:opensuse:opensuse,opensuse,opensuse,opensuseleap
os,opensuse,openSUSE,Leap 42.1,2015-11-04,2017-05-17,True,False,,cpe:2.3:o:opensuse:opensuse,opensuse,opensuse,opensuseleap
os,opensuse,openSUSE,Leap 42.2,2016-11-16,2018-01-26,True,False,,cpe:2.3:o:opensuse:opensuse,opensuse,opensuse,opensuseleap
os,opensuse,openSUSE,Leap 42.3,2017-07-26,2019-07-01,True,False,,cpe:2.3:o:opensuse:opensuse,opensuse,opensuse,opensuseleap
os,postmarketos,postmarketOS,20.05,2020-05-31,2021-04-30,True,False,,,,,
os,postmarketos,postmarketOS,21.03,2021-03-31,2021-08-04,True,False,,,,,
os,postmarketos,postmarketOS,21.06,2021-07-04,2022-01-29,True,False,,,,,
os,postmarketos,postmarketOS,21.12,2021-12-29,2022-07-12,True,False,,,,,
os,postmarketos,postmarketOS,22.06,2022-06-12,2023-01-18,True,False,,,,,
os,postmarketos,postmarketOS,22.12,2022-12-18,2023-07-07,True,False,,,,,
os,postmarketos,postmarketOS,23.06,2023-06-07,2024-01-18,True,False,,,,,
os,postmarketos,postmarketOS,23.12,2023-12-18,2024-07-16,True,False,,,,,
os,postmarketos,postmarketOS,24.06,2024-06-16,2025-01-23,True,False,,,,,
os,postmarketos,postmarketOS,24.12,2024-12-23,2025-07-23,True,False,,,,,
os,postmarketos,postmarketOS,25.06,2025-06-22,2026-01-23,True,False,,,,,
os,postmarketos,postmarketOS,25.12,2025-12-23,2026-07-31,True,False,,,,,
os,postmarketos,postmarketOS,26.06,2026-06-21,2027-01-31,False,True,,,,,
